case,unit,value
gbm_binomial_flat,d003u00001,0.34952144306598193
gbm_binomial_flat,d003u00002,0.51594514245166212
gbm_binomial_flat,d003u00003,0.44646176934585896
gbm_binomial_flat,d003u00004,0.39034619899085216
gbm_binomial_flat,d003u00005,0.23754739999711996
gbm_binomial_flat,d003u00006,0.51594514245166212
gbm_binomial_flat,d003u00007,0.39034619899085216
gbm_binomial_flat,d003u00008,0.62453295252016816
gbm_binomial_flat,d003u00009,0.51945220618929766
gbm_binomial_flat,d003u00010,0.1263388657978213
gbm_binomial_flat,d003u00011,0.30725325172696849
gbm_binomial_flat,d003u00012,0.28227879160081726
gbm_binomial_flat,d003u00013,0.45507580878388759
gbm_binomial_flat,d003u00014,0.31470843570010809
gbm_binomial_flat,d003u00015,0.60402057471394399
gbm_binomial_flat,d003u00016,0.2446581765720291
gbm_binomial_flat,d003u00017,0.40922186790234921
gbm_binomial_flat,d003u00018,0.18516923795975324
gbm_binomial_flat,d003u00019,0.51594514245166212
gbm_binomial_flat,d003u00020,0.20129548136562195
gbm_binomial_flat,d003u00021,0.095915660883317766
gbm_binomial_flat,d003u00022,0.37031522119407934
gbm_binomial_flat,d003u00023,0.51594514245166212
gbm_binomial_flat,d003u00024,0.61869538888173126
gbm_binomial_flat,d003u00025,0.35842111560878281
gbm_binomial_flat,d003u00026,0.62453295252016816
gbm_binomial_flat,d003u00027,0.27447192204935361
gbm_binomial_flat,d003u00028,0.51594514245166212
gbm_binomial_flat,d003u00029,0.5480873292418702
gbm_binomial_flat,d003u00030,0.41424728836694508
gbm_binomial_flat,d003u00031,0.098454500414176915
gbm_binomial_flat,d003u00032,0.098454500414176915
gbm_binomial_flat,d003u00033,0.19628595605766846
gbm_binomial_flat,d003u00034,0.41424728836694508
gbm_binomial_flat,d003u00035,0.47096414594300801
gbm_binomial_flat,d003u00036,0.17188312847011319
gbm_binomial_flat,d003u00037,0.62453295252016816
gbm_binomial_flat,d003u00038,0.47096414594300801
gbm_binomial_flat,d003u00039,0.51594514245166212
gbm_binomial_flat,d003u00040,0.28227879160081726
gbm_binomial_flat,d003u00041,0.36312783811679022
gbm_binomial_flat,d003u00042,0.16550336690921905
gbm_binomial_flat,d003u00043,0.20544314991718832
gbm_binomial_flat,d003u00044,0.70976670993123792
gbm_binomial_flat,d003u00045,0.27447192204935361
gbm_binomial_flat,d003u00046,0.28227879160081726
gbm_binomial_flat,d003u00047,0.2446581765720291
gbm_binomial_flat,d003u00048,0.37121228080253155
gbm_binomial_flat,d003u00049,0.098454500414176915
gbm_binomial_flat,d003u00050,0.16550336690921905
gbm_binomial_flat,d003u00051,0.26543246489737998
gbm_binomial_flat,d003u00052,0.16550336690921905
gbm_binomial_flat,d003u00053,0.32714156049595627
gbm_binomial_flat,d003u00054,0.47096414594300801
gbm_binomial_flat,d003u00055,0.16550336690921905
gbm_binomial_flat,d003u00056,0.36984621207401985
gbm_binomial_flat,d003u00057,0.62453295252016816
gbm_binomial_flat,d003u00058,0.51594514245166212
gbm_binomial_flat,d003u00059,0.42370803598988865
gbm_binomial_flat,d003u00060,0.1601656026978471
gbm_binomial_flat,d003u00061,0.49979348935720547
gbm_binomial_flat,d003u00062,0.18516923795975324
gbm_binomial_flat,d003u00063,0.47096414594300801
gbm_binomial_flat,d003u00064,0.16550336690921905
gbm_binomial_flat,d003u00065,0.30753775160656749
gbm_binomial_flat,d003u00066,0.66120527408678853
gbm_binomial_flat,d003u00067,0.20129548136562195
gbm_binomial_flat,d003u00068,0.098454500414176915
gbm_binomial_flat,d003u00069,0.28227879160081726
gbm_binomial_flat,d003u00070,0.51945220618929766
gbm_binomial_flat,d003u00071,0.24095542074406695
gbm_binomial_flat,d003u00072,0.16550336690921905
gbm_binomial_flat,d003u00073,0.22058502312600081
gbm_binomial_flat,d003u00074,0.28227879160081726
gbm_binomial_flat,d003u00075,0.098454500414176915
gbm_binomial_flat,d003u00076,0.39865729865754396
gbm_binomial_flat,d003u00077,0.11628670251673003
gbm_binomial_flat,d003u00078,0.098454500414176915
gbm_binomial_flat,d003u00079,0.17188312847011319
gbm_binomial_flat,d003u00080,0.16550336690921905
gbm_binomial_counts,d003u00001,0.18530424651528948
gbm_binomial_counts,d003u00002,0.65863297880098159
gbm_binomial_counts,d003u00003,0.25500557327529999
gbm_binomial_counts,d003u00004,0.12933958580728255
gbm_binomial_counts,d003u00005,0.1013377075982238
gbm_binomial_counts,d003u00006,0.2090874349132579
gbm_binomial_counts,d003u00007,0.23518597130796731
gbm_binomial_counts,d003u00008,0.76857198882957967
gbm_binomial_counts,d003u00009,0.51968286792902108
gbm_binomial_counts,d003u00010,0.091972591044701416
gbm_binomial_counts,d003u00011,0.19671487447626124
gbm_binomial_counts,d003u00012,0.38469452224617717
gbm_binomial_counts,d003u00013,0.73853684273285636
gbm_binomial_counts,d003u00014,0.40389402494540744
gbm_binomial_counts,d003u00015,0.85843571693743737
gbm_binomial_counts,d003u00016,0.12295439121077571
gbm_binomial_counts,d003u00017,0.16713435897845072
gbm_binomial_counts,d003u00018,0.12802879536399314
gbm_binomial_counts,d003u00019,0.65863297880098159
gbm_binomial_counts,d003u00020,0.12294364617327333
gbm_binomial_counts,d003u00021,0.10747182026910053
gbm_binomial_counts,d003u00022,0.22912276551512692
gbm_binomial_counts,d003u00023,0.55779300953701927
gbm_binomial_counts,d003u00024,0.65039866753674447
gbm_binomial_counts,d003u00025,0.67191545973603328
gbm_binomial_counts,d003u00026,0.70296621816370919
gbm_binomial_counts,d003u00027,0.16531891232984075
gbm_binomial_counts,d003u00028,0.58495545100061175
gbm_binomial_counts,d003u00029,0.76270925901055797
gbm_binomial_counts,d003u00030,0.56566360029989149
gbm_binomial_counts,d003u00031,0.07149322437723285
gbm_binomial_counts,d003u00032,0.07149322437723285
gbm_binomial_counts,d003u00033,0.11030132682933469
gbm_binomial_counts,d003u00034,0.18790834793559039
gbm_binomial_counts,d003u00035,0.39284310438727627
gbm_binomial_counts,d003u00036,0.11271800028865324
gbm_binomial_counts,d003u00037,0.73354523513655034
gbm_binomial_counts,d003u00038,0.69264364577901316
gbm_binomial_counts,d003u00039,0.66886141949789535
gbm_binomial_counts,d003u00040,0.33193599015377712
gbm_binomial_counts,d003u00041,0.18779863238942821
gbm_binomial_counts,d003u00042,0.11221208355831054
gbm_binomial_counts,d003u00043,0.14880930786289356
gbm_binomial_counts,d003u00044,0.89700608131007653
gbm_binomial_counts,d003u00045,0.39141882778422921
gbm_binomial_counts,d003u00046,0.24932849569808496
gbm_binomial_counts,d003u00047,0.21486028887204361
gbm_binomial_counts,d003u00048,0.23217800384961956
gbm_binomial_counts,d003u00049,0.07149322437723285
gbm_binomial_counts,d003u00050,0.11971007484589372
gbm_binomial_counts,d003u00051,0.35450620032420793
gbm_binomial_counts,d003u00052,0.11971007484589372
gbm_binomial_counts,d003u00053,0.37554896023405959
gbm_binomial_counts,d003u00054,0.16773963036227743
gbm_binomial_counts,d003u00055,0.09148004379654176
gbm_binomial_counts,d003u00056,0.23013873792453843
gbm_binomial_counts,d003u00057,0.8983757107962812
gbm_binomial_counts,d003u00058,0.60621353346828644
gbm_binomial_counts,d003u00059,0.58137542017078259
gbm_binomial_counts,d003u00060,0.11956505645945341
gbm_binomial_counts,d003u00061,0.6760422322353673
gbm_binomial_counts,d003u00062,0.11806311309975882
gbm_binomial_counts,d003u00063,0.16773963036227743
gbm_binomial_counts,d003u00064,0.088251315030171848
gbm_binomial_counts,d003u00065,0.18537949068979598
gbm_binomial_counts,d003u00066,0.71118435474839559
gbm_binomial_counts,d003u00067,0.14372951539986017
gbm_binomial_counts,d003u00068,0.07149322437723285
gbm_binomial_counts,d003u00069,0.15960018890639002
gbm_binomial_counts,d003u00070,0.4231101328970448
gbm_binomial_counts,d003u00071,0.15667514201955599
gbm_binomial_counts,d003u00072,0.09148004379654176
gbm_binomial_counts,d003u00073,0.11314719238446685
gbm_binomial_counts,d003u00074,0.34935167211257201
gbm_binomial_counts,d003u00075,0.07149322437723285
gbm_binomial_counts,d003u00076,0.37458384466520667
gbm_binomial_counts,d003u00077,0.095323231023956845
gbm_binomial_counts,d003u00078,0.07149322437723285
gbm_binomial_counts,d003u00079,0.12049188200755533
gbm_binomial_counts,d003u00080,0.09148004379654176
gbm_gaussian_flat,d003u00001,0.030041097329694691
gbm_gaussian_flat,d003u00002,0.33585708208624981
gbm_gaussian_flat,d003u00003,-0.25907094429878086
gbm_gaussian_flat,d003u00004,0.030041097329694691
gbm_gaussian_flat,d003u00005,-0.19574041776648188
gbm_gaussian_flat,d003u00006,0.73225914185453223
gbm_gaussian_flat,d003u00007,0.37263775702101126
gbm_gaussian_flat,d003u00008,0.47467409769585334
gbm_gaussian_flat,d003u00009,1.0017065786876647
gbm_gaussian_flat,d003u00010,-0.99817551741810495
gbm_gaussian_flat,d003u00011,0.70515468157258199
gbm_gaussian_flat,d003u00012,0.66701969343666612
gbm_gaussian_flat,d003u00013,-0.069589665198389591
gbm_gaussian_flat,d003u00014,-0.93088588085577451
gbm_gaussian_flat,d003u00015,1.0614807786644984
gbm_gaussian_flat,d003u00016,0.27251437525168648
gbm_gaussian_flat,d003u00017,0.27251437525168648
gbm_gaussian_flat,d003u00018,-0.043655085666182973
gbm_gaussian_flat,d003u00019,0.75346593826904684
gbm_gaussian_flat,d003u00020,-0.46116368870201269
gbm_gaussian_flat,d003u00021,-1.2015680418312871
gbm_gaussian_flat,d003u00022,-0.29901417322721563
gbm_gaussian_flat,d003u00023,0.91278568097913759
gbm_gaussian_flat,d003u00024,0.65182873919708695
gbm_gaussian_flat,d003u00025,-0.81724803735993667
gbm_gaussian_flat,d003u00026,0.51365641564906717
gbm_gaussian_flat,d003u00027,-0.021504663145690418
gbm_gaussian_flat,d003u00028,0.81819818984352222
gbm_gaussian_flat,d003u00029,0.50115757517869741
gbm_gaussian_flat,d003u00030,0.0056645470010057829
gbm_gaussian_flat,d003u00031,-0.55218638375056883
gbm_gaussian_flat,d003u00032,-1.3843427526454777
gbm_gaussian_flat,d003u00033,-1.0836315367442615
gbm_gaussian_flat,d003u00034,-0.031997760358763526
gbm_gaussian_flat,d003u00035,0.59941078718826535
gbm_gaussian_flat,d003u00036,-0.33752672849811083
gbm_gaussian_flat,d003u00037,0.48483585879232666
gbm_gaussian_flat,d003u00038,0.6016362304665146
gbm_gaussian_flat,d003u00039,0.90649484647533551
gbm_gaussian_flat,d003u00040,-0.33071441996552731
gbm_gaussian_flat,d003u00041,0.21617161316809183
gbm_gaussian_flat,d003u00042,-0.56428665258793564
gbm_gaussian_flat,d003u00043,0.46371852630529731
gbm_gaussian_flat,d003u00044,1.7028561237294022
gbm_gaussian_flat,d003u00045,-0.028156655169949855
gbm_gaussian_flat,d003u00046,-0.1132407773009259
gbm_gaussian_flat,d003u00047,0.13365817852833295
gbm_gaussian_flat,d003u00048,-0.4515576010692875
gbm_gaussian_flat,d003u00049,-0.7158829643722151
gbm_gaussian_flat,d003u00050,-1.4947670189965179
gbm_gaussian_flat,d003u00051,0.5694948082706397
gbm_gaussian_flat,d003u00052,-0.88470330830213961
gbm_gaussian_flat,d003u00053,0.76168773319693128
gbm_gaussian_flat,d003u00054,0.59941078718826535
gbm_gaussian_flat,d003u00055,-1.8792319017263561
gbm_gaussian_flat,d003u00056,1.1808606188865758
gbm_gaussian_flat,d003u00057,1.1970670771159209
gbm_gaussian_flat,d003u00058,0.57943988892067677
gbm_gaussian_flat,d003u00059,0.26516761750598
gbm_gaussian_flat,d003u00060,-0.40154227165836437
gbm_gaussian_flat,d003u00061,0.17816007003389017
gbm_gaussian_flat,d003u00062,-0.17697738179100883
gbm_gaussian_flat,d003u00063,0.59941078718826535
gbm_gaussian_flat,d003u00064,-0.72364028381218126
gbm_gaussian_flat,d003u00065,0.40473047885598218
gbm_gaussian_flat,d003u00066,1.5916273019479692
gbm_gaussian_flat,d003u00067,-0.70618211437289891
gbm_gaussian_flat,d003u00068,-0.38034744651558167
gbm_gaussian_flat,d003u00069,-0.69151562918719112
gbm_gaussian_flat,d003u00070,0.32493232726050802
gbm_gaussian_flat,d003u00071,-0.51358164071083423
gbm_gaussian_flat,d003u00072,-0.3788013297782119
gbm_gaussian_flat,d003u00073,-0.18081848697982253
gbm_gaussian_flat,d003u00074,-0.38994468050693237
gbm_gaussian_flat,d003u00075,-0.093667653362477205
gbm_gaussian_flat,d003u00076,0.64241406996726047
gbm_gaussian_flat,d003u00077,-0.30089914994968348
gbm_gaussian_flat,d003u00078,-1.3843427526454777
gbm_gaussian_flat,d003u00079,-0.056917007213902887
gbm_gaussian_flat,d003u00080,-0.25147516784935309
gbm_gaussian_counts,d003u00001,0.23186107654173965
gbm_gaussian_counts,d003u00002,0.647271521350128
gbm_gaussian_counts,d003u00003,-0.46123967156206885
gbm_gaussian_counts,d003u00004,-0.31801200298833326
gbm_gaussian_counts,d003u00005,-0.092631813947064698
gbm_gaussian_counts,d003u00006,0.98183056522220502
gbm_gaussian_counts,d003u00007,0.29791162169995244
gbm_gaussian_counts,d003u00008,0.43195745820093689
gbm_gaussian_counts,d003u00009,1.3224515016127074
gbm_gaussian_counts,d003u00010,-1.4370029396179906
gbm_gaussian_counts,d003u00011,1.2055495218643117
gbm_gaussian_counts,d003u00012,0.71777298381742238
gbm_gaussian_counts,d003u00013,-0.041991314369787619
gbm_gaussian_counts,d003u00014,-1.108815716003714
gbm_gaussian_counts,d003u00015,1.0349986410581589
gbm_gaussian_counts,d003u00016,0.085892063250334466
gbm_gaussian_counts,d003u00017,0.16125473264226894
gbm_gaussian_counts,d003u00018,-0.10774192259580392
gbm_gaussian_counts,d003u00019,0.87384649034816619
gbm_gaussian_counts,d003u00020,-0.343635062742775
gbm_gaussian_counts,d003u00021,-1.9210597001417651
gbm_gaussian_counts,d003u00022,-0.14131153274592456
gbm_gaussian_counts,d003u00023,1.0190047615153603
gbm_gaussian_counts,d003u00024,0.67725598959701871
gbm_gaussian_counts,d003u00025,-1.49628002449149
gbm_gaussian_counts,d003u00026,0.43353550316091732
gbm_gaussian_counts,d003u00027,-0.12323119646380197
gbm_gaussian_counts,d003u00028,1.2754423135103519
gbm_gaussian_counts,d003u00029,0.63082778476546286
gbm_gaussian_counts,d003u00030,-0.018583294897216281
gbm_gaussian_counts,d003u00031,-0.22379288075466588
gbm_gaussian_counts,d003u00032,-1.3794884208788227
gbm_gaussian_counts,d003u00033,-0.78979219023469727
gbm_gaussian_counts,d003u00034,-0.030581707472157355
gbm_gaussian_counts,d003u00035,0.60248622537395335
gbm_gaussian_counts,d003u00036,-0.57565672172585247
gbm_gaussian_counts,d003u00037,0.85784639497960036
gbm_gaussian_counts,d003u00038,0.61482307570143568
gbm_gaussian_counts,d003u00039,1.1831370700609865
gbm_gaussian_counts,d003u00040,-0.14002552091726372
gbm_gaussian_counts,d003u00041,0.25358012413068942
gbm_gaussian_counts,d003u00042,-0.50173669601796467
gbm_gaussian_counts,d003u00043,0.70145354194443366
gbm_gaussian_counts,d003u00044,1.9284922042211996
gbm_gaussian_counts,d003u00045,0.16814289314684636
gbm_gaussian_counts,d003u00046,-0.19602003552241179
gbm_gaussian_counts,d003u00047,0.095435189373572427
gbm_gaussian_counts,d003u00048,-0.71123061517795128
gbm_gaussian_counts,d003u00049,-0.64806810635554324
gbm_gaussian_counts,d003u00050,-2.3057156868513604
gbm_gaussian_counts,d003u00051,0.51683817196023241
gbm_gaussian_counts,d003u00052,-0.58534354459259252
gbm_gaussian_counts,d003u00053,0.67402961133675321
gbm_gaussian_counts,d003u00054,0.60248622537395335
gbm_gaussian_counts,d003u00055,-3.3324479058326766
gbm_gaussian_counts,d003u00056,1.2164341409161101
gbm_gaussian_counts,d003u00057,1.5156888835064246
gbm_gaussian_counts,d003u00058,0.88195174857516512
gbm_gaussian_counts,d003u00059,0.20075649497369741
gbm_gaussian_counts,d003u00060,-0.39529923427864044
gbm_gaussian_counts,d003u00061,0.30509525859369829
gbm_gaussian_counts,d003u00062,0.15840987597657688
gbm_gaussian_counts,d003u00063,0.60248622537395335
gbm_gaussian_counts,d003u00064,-0.79368601497568669
gbm_gaussian_counts,d003u00065,0.75705717442424603
gbm_gaussian_counts,d003u00066,1.9579575856358498
gbm_gaussian_counts,d003u00067,-0.93090855716311138
gbm_gaussian_counts,d003u00068,-0.069153144228992408
gbm_gaussian_counts,d003u00069,-1.1837093271024317
gbm_gaussian_counts,d003u00070,0.27447080986162176
gbm_gaussian_counts,d003u00071,-0.74369282093451816
gbm_gaussian_counts,d003u00072,-0.27643115093632836
gbm_gaussian_counts,d003u00073,-0.46150273798575175
gbm_gaussian_counts,d003u00074,-0.88605120457698627
gbm_gaussian_counts,d003u00075,-0.0022079398623617401
gbm_gaussian_counts,d003u00076,0.52212102774671965
gbm_gaussian_counts,d003u00077,-0.16343868845819523
gbm_gaussian_counts,d003u00078,-1.1194846887887269
gbm_gaussian_counts,d003u00079,0.016435500578405406
gbm_gaussian_counts,d003u00080,-0.015289659458733333
gbm_binomial_cv,d003u00001,0.36730333284044159
gbm_binomial_cv,d003u00002,0.36730333284044159
gbm_binomial_cv,d003u00003,0.36730333284044159
gbm_binomial_cv,d003u00004,0.36730333284044159
gbm_binomial_cv,d003u00005,0.33081021742236399
gbm_binomial_cv,d003u00006,0.36730333284044159
gbm_binomial_cv,d003u00007,0.36730333284044159
gbm_binomial_cv,d003u00008,0.36730333284044159
gbm_binomial_cv,d003u00009,0.33081021742236399
gbm_binomial_cv,d003u00010,0.30461892323808415
gbm_binomial_cv,d003u00011,0.36730333284044159
gbm_binomial_cv,d003u00012,0.33081021742236399
gbm_binomial_cv,d003u00013,0.33081021742236399
gbm_binomial_cv,d003u00014,0.33081021742236399
gbm_binomial_cv,d003u00015,0.33081021742236399
gbm_binomial_cv,d003u00016,0.33081021742236399
gbm_binomial_cv,d003u00017,0.33081021742236399
gbm_binomial_cv,d003u00018,0.33081021742236399
gbm_binomial_cv,d003u00019,0.36730333284044159
gbm_binomial_cv,d003u00020,0.33081021742236399
gbm_binomial_cv,d003u00021,0.30461892323808415
gbm_binomial_cv,d003u00022,0.36730333284044159
gbm_binomial_cv,d003u00023,0.36730333284044159
gbm_binomial_cv,d003u00024,0.33081021742236399
gbm_binomial_cv,d003u00025,0.36730333284044159
gbm_binomial_cv,d003u00026,0.36730333284044159
gbm_binomial_cv,d003u00027,0.33081021742236399
gbm_binomial_cv,d003u00028,0.36730333284044159
gbm_binomial_cv,d003u00029,0.36730333284044159
gbm_binomial_cv,d003u00030,0.33081021742236399
gbm_binomial_cv,d003u00031,0.30461892323808415
gbm_binomial_cv,d003u00032,0.30461892323808415
gbm_binomial_cv,d003u00033,0.36730333284044159
gbm_binomial_cv,d003u00034,0.33081021742236399
gbm_binomial_cv,d003u00035,0.33081021742236399
gbm_binomial_cv,d003u00036,0.33081021742236399
gbm_binomial_cv,d003u00037,0.36730333284044159
gbm_binomial_cv,d003u00038,0.33081021742236399
gbm_binomial_cv,d003u00039,0.36730333284044159
gbm_binomial_cv,d003u00040,0.33081021742236399
gbm_binomial_cv,d003u00041,0.36730333284044159
gbm_binomial_cv,d003u00042,0.30461892323808415
gbm_binomial_cv,d003u00043,0.36730333284044159
gbm_binomial_cv,d003u00044,0.36730333284044159
gbm_binomial_cv,d003u00045,0.33081021742236399
gbm_binomial_cv,d003u00046,0.33081021742236399
gbm_binomial_cv,d003u00047,0.33081021742236399
gbm_binomial_cv,d003u00048,0.33081021742236399
gbm_binomial_cv,d003u00049,0.30461892323808415
gbm_binomial_cv,d003u00050,0.30461892323808415
gbm_binomial_cv,d003u00051,0.33081021742236399
gbm_binomial_cv,d003u00052,0.30461892323808415
gbm_binomial_cv,d003u00053,0.33081021742236399
gbm_binomial_cv,d003u00054,0.33081021742236399
gbm_binomial_cv,d003u00055,0.30461892323808415
gbm_binomial_cv,d003u00056,0.36730333284044159
gbm_binomial_cv,d003u00057,0.36730333284044159
gbm_binomial_cv,d003u00058,0.36730333284044159
gbm_binomial_cv,d003u00059,0.33081021742236399
gbm_binomial_cv,d003u00060,0.33081021742236399
gbm_binomial_cv,d003u00061,0.36730333284044159
gbm_binomial_cv,d003u00062,0.33081021742236399
gbm_binomial_cv,d003u00063,0.33081021742236399
gbm_binomial_cv,d003u00064,0.30461892323808415
gbm_binomial_cv,d003u00065,0.36730333284044159
gbm_binomial_cv,d003u00066,0.36730333284044159
gbm_binomial_cv,d003u00067,0.33081021742236399
gbm_binomial_cv,d003u00068,0.30461892323808415
gbm_binomial_cv,d003u00069,0.33081021742236399
gbm_binomial_cv,d003u00070,0.33081021742236399
gbm_binomial_cv,d003u00071,0.33081021742236399
gbm_binomial_cv,d003u00072,0.30461892323808415
gbm_binomial_cv,d003u00073,0.33081021742236399
gbm_binomial_cv,d003u00074,0.33081021742236399
gbm_binomial_cv,d003u00075,0.30461892323808415
gbm_binomial_cv,d003u00076,0.33081021742236399
gbm_binomial_cv,d003u00077,0.30461892323808415
gbm_binomial_cv,d003u00078,0.30461892323808415
gbm_binomial_cv,d003u00079,0.33081021742236399
gbm_binomial_cv,d003u00080,0.30461892323808415
gbm_gaussian_cv,d003u00001,0.088308601543714491
gbm_gaussian_cv,d003u00002,0.46268960679371551
gbm_gaussian_cv,d003u00003,-0.51596171692018711
gbm_gaussian_cv,d003u00004,-0.37012328152322149
gbm_gaussian_cv,d003u00005,-0.10885957304468551
gbm_gaussian_cv,d003u00006,1.0181673839529044
gbm_gaussian_cv,d003u00007,0.65979922095105792
gbm_gaussian_cv,d003u00008,0.38814935034956671
gbm_gaussian_cv,d003u00009,1.3342038281537238
gbm_gaussian_cv,d003u00010,-1.5826345200753928
gbm_gaussian_cv,d003u00011,1.2628972656950253
gbm_gaussian_cv,d003u00012,0.76319876824960931
gbm_gaussian_cv,d003u00013,-0.0056532385215242557
gbm_gaussian_cv,d003u00014,-1.2369137016797775
gbm_gaussian_cv,d003u00015,1.0318353924804902
gbm_gaussian_cv,d003u00016,0.015951712751089541
gbm_gaussian_cv,d003u00017,0.092560686266545789
gbm_gaussian_cv,d003u00018,-0.20364569700120219
gbm_gaussian_cv,d003u00019,1.106138326063226
gbm_gaussian_cv,d003u00020,-0.50350290371484074
gbm_gaussian_cv,d003u00021,-2.095008007921344
gbm_gaussian_cv,d003u00022,-0.25176924861724176
gbm_gaussian_cv,d003u00023,1.0049647595514264
gbm_gaussian_cv,d003u00024,0.81484762441610914
gbm_gaussian_cv,d003u00025,-1.4966591223341668
gbm_gaussian_cv,d003u00026,0.51043419602266649
gbm_gaussian_cv,d003u00027,0.051923705878057398
gbm_gaussian_cv,d003u00028,1.2014029392345282
gbm_gaussian_cv,d003u00029,0.68309332108105036
gbm_gaussian_cv,d003u00030,-0.12355951663693994
gbm_gaussian_cv,d003u00031,-0.39384231770773065
gbm_gaussian_cv,d003u00032,-1.3271408290093714
gbm_gaussian_cv,d003u00033,-0.81902656912880123
gbm_gaussian_cv,d003u00034,-0.065157103711104558
gbm_gaussian_cv,d003u00035,0.53991518858205911
gbm_gaussian_cv,d003u00036,-0.54434131483191417
gbm_gaussian_cv,d003u00037,0.6737925107364422
gbm_gaussian_cv,d003u00038,0.68377633761134382
gbm_gaussian_cv,d003u00039,1.2197396630081614
gbm_gaussian_cv,d003u00040,-0.30048096661396556
gbm_gaussian_cv,d003u00041,0.19122659367404238
gbm_gaussian_cv,d003u00042,-0.41131084581278271
gbm_gaussian_cv,d003u00043,0.66702148255601634
gbm_gaussian_cv,d003u00044,2.1088323771797128
gbm_gaussian_cv,d003u00045,0.039082936829536112
gbm_gaussian_cv,d003u00046,-0.13833453357305014
gbm_gaussian_cv,d003u00047,0.082082747525312971
gbm_gaussian_cv,d003u00048,-0.69089422459681438
gbm_gaussian_cv,d003u00049,-0.70411773044881654
gbm_gaussian_cv,d003u00050,-1.7165501743171412
gbm_gaussian_cv,d003u00051,0.63119426137993195
gbm_gaussian_cv,d003u00052,-0.91423164560929859
gbm_gaussian_cv,d003u00053,0.79318394498010858
gbm_gaussian_cv,d003u00054,0.53991518858205911
gbm_gaussian_cv,d003u00055,-3.2307457433550653
gbm_gaussian_cv,d003u00056,1.2955549233147126
gbm_gaussian_cv,d003u00057,1.5901967633063012
gbm_gaussian_cv,d003u00058,0.95471431680378949
gbm_gaussian_cv,d003u00059,0.22239017633933375
gbm_gaussian_cv,d003u00060,-0.51306842706238487
gbm_gaussian_cv,d003u00061,0.093728764615709281
gbm_gaussian_cv,d003u00062,0.18181167429150388
gbm_gaussian_cv,d003u00063,0.53991518858205911
gbm_gaussian_cv,d003u00064,-0.97066294716920887
gbm_gaussian_cv,d003u00065,0.62110860811776336
gbm_gaussian_cv,d003u00066,2.0276015675398176
gbm_gaussian_cv,d003u00067,-1.0013623559525215
gbm_gaussian_cv,d003u00068,-0.16060826451127111
gbm_gaussian_cv,d003u00069,-1.099995895635105
gbm_gaussian_cv,d003u00070,0.3336735639809934
gbm_gaussian_cv,d003u00071,-0.69653334319378191
gbm_gaussian_cv,d003u00072,-0.23478887492780132
gbm_gaussian_cv,d003u00073,-0.40615266556847518
gbm_gaussian_cv,d003u00074,-0.72085129981783347
gbm_gaussian_cv,d003u00075,0.30190643715080506
gbm_gaussian_cv,d003u00076,0.74947862417786881
gbm_gaussian_cv,d003u00077,-0.11750659349386533
gbm_gaussian_cv,d003u00078,-1.3441485274785947
gbm_gaussian_cv,d003u00079,-0.022987016702587133
gbm_gaussian_cv,d003u00080,0.075093523196178763
xgboost_binomial_random,d003u00001,0.25152072310447693
xgboost_binomial_random,d003u00002,0.82549691200256348
xgboost_binomial_random,d003u00003,0.71999287605285645
xgboost_binomial_random,d003u00004,0.15829853713512421
xgboost_binomial_random,d003u00005,0.21732451021671295
xgboost_binomial_random,d003u00006,0.35759365558624268
xgboost_binomial_random,d003u00007,0.71211457252502441
xgboost_binomial_random,d003u00008,0.89482873678207397
xgboost_binomial_random,d003u00009,0.89682233333587646
xgboost_binomial_random,d003u00010,0.045498393476009369
xgboost_binomial_random,d003u00011,0.31444498896598816
xgboost_binomial_random,d003u00012,0.20044100284576416
xgboost_binomial_random,d003u00013,0.66573035717010498
xgboost_binomial_random,d003u00014,0.12095309793949127
xgboost_binomial_random,d003u00015,0.78756725788116455
xgboost_binomial_random,d003u00016,0.10205001384019852
xgboost_binomial_random,d003u00017,0.19427922368049622
xgboost_binomial_random,d003u00018,0.076400972902774811
xgboost_binomial_random,d003u00019,0.64788103103637695
xgboost_binomial_random,d003u00020,0.063322983682155609
xgboost_binomial_random,d003u00021,0.077467992901802063
xgboost_binomial_random,d003u00022,0.21487605571746826
xgboost_binomial_random,d003u00023,0.46863219141960144
xgboost_binomial_random,d003u00024,0.72332161664962769
xgboost_binomial_random,d003u00025,0.3154895007610321
xgboost_binomial_random,d003u00026,0.84679627418518066
xgboost_binomial_random,d003u00027,0.11456947028636932
xgboost_binomial_random,d003u00028,0.6939537525177002
xgboost_binomial_random,d003u00029,0.81292134523391724
xgboost_binomial_random,d003u00030,0.55398035049438477
xgboost_binomial_random,d003u00031,0.057789046317338943
xgboost_binomial_random,d003u00032,0.057789046317338943
xgboost_binomial_random,d003u00033,0.055405072867870331
xgboost_binomial_random,d003u00034,0.21487605571746826
xgboost_binomial_random,d003u00035,0.57641112804412842
xgboost_binomial_random,d003u00036,0.083180777728557587
xgboost_binomial_random,d003u00037,0.88313001394271851
xgboost_binomial_random,d003u00038,0.82031697034835815
xgboost_binomial_random,d003u00039,0.68413835763931274
xgboost_binomial_random,d003u00040,0.15789537131786346
xgboost_binomial_random,d003u00041,0.35444393754005432
xgboost_binomial_random,d003u00042,0.061296001076698303
xgboost_binomial_random,d003u00043,0.12976117432117462
xgboost_binomial_random,d003u00044,0.95393288135528564
xgboost_binomial_random,d003u00045,0.42056381702423096
xgboost_binomial_random,d003u00046,0.26310250163078308
xgboost_binomial_random,d003u00047,0.10205001384019852
xgboost_binomial_random,d003u00048,0.13947595655918121
xgboost_binomial_random,d003u00049,0.04583725705742836
xgboost_binomial_random,d003u00050,0.14615516364574432
xgboost_binomial_random,d003u00051,0.098819948732852936
xgboost_binomial_random,d003u00052,0.080040417611598969
xgboost_binomial_random,d003u00053,0.31709969043731689
xgboost_binomial_random,d003u00054,0.21020999550819397
xgboost_binomial_random,d003u00055,0.07575206458568573
xgboost_binomial_random,d003u00056,0.1710856705904007
xgboost_binomial_random,d003u00057,0.8414466381072998
xgboost_binomial_random,d003u00058,0.42830890417098999
xgboost_binomial_random,d003u00059,0.30330309271812439
xgboost_binomial_random,d003u00060,0.11103454977273941
xgboost_binomial_random,d003u00061,0.78371411561965942
xgboost_binomial_random,d003u00062,0.049619898200035095
xgboost_binomial_random,d003u00063,0.21020999550819397
xgboost_binomial_random,d003u00064,0.043324146419763565
xgboost_binomial_random,d003u00065,0.19028554856777191
xgboost_binomial_random,d003u00066,0.87161350250244141
xgboost_binomial_random,d003u00067,0.053398653864860535
xgboost_binomial_random,d003u00068,0.04518982395529747
xgboost_binomial_random,d003u00069,0.078071184456348419
xgboost_binomial_random,d003u00070,0.5576586127281189
xgboost_binomial_random,d003u00071,0.13019739091396332
xgboost_binomial_random,d003u00072,0.045128021389245987
xgboost_binomial_random,d003u00073,0.12698501348495483
xgboost_binomial_random,d003u00074,0.40165477991104126
xgboost_binomial_random,d003u00075,0.04518982395529747
xgboost_binomial_random,d003u00076,0.29053077101707458
xgboost_binomial_random,d003u00077,0.045288614928722382
xgboost_binomial_random,d003u00078,0.033742748200893402
xgboost_binomial_random,d003u00079,0.083180777728557587
xgboost_binomial_random,d003u00080,0.066946603357791901
xgboost_binomial_gamma,d003u00001,0.13362371921539307
xgboost_binomial_gamma,d003u00002,0.8896946907043457
xgboost_binomial_gamma,d003u00003,0.82953333854675293
xgboost_binomial_gamma,d003u00004,0.075720354914665222
xgboost_binomial_gamma,d003u00005,0.064961954951286316
xgboost_binomial_gamma,d003u00006,0.13648524880409241
xgboost_binomial_gamma,d003u00007,0.67603069543838501
xgboost_binomial_gamma,d003u00008,0.94458085298538208
xgboost_binomial_gamma,d003u00009,0.92266863584518433
xgboost_binomial_gamma,d003u00010,0.016688106581568718
xgboost_binomial_gamma,d003u00011,0.12086018919944763
xgboost_binomial_gamma,d003u00012,0.10976579785346985
xgboost_binomial_gamma,d003u00013,0.83357095718383789
xgboost_binomial_gamma,d003u00014,0.051076553761959076
xgboost_binomial_gamma,d003u00015,0.90458673238754272
xgboost_binomial_gamma,d003u00016,0.052518602460622787
xgboost_binomial_gamma,d003u00017,0.13235482573509216
xgboost_binomial_gamma,d003u00018,0.097811862826347351
xgboost_binomial_gamma,d003u00019,0.77766871452331543
xgboost_binomial_gamma,d003u00020,0.02967827208340168
xgboost_binomial_gamma,d003u00021,0.0363357774913311
xgboost_binomial_gamma,d003u00022,0.17970483005046844
xgboost_binomial_gamma,d003u00023,0.76645445823669434
xgboost_binomial_gamma,d003u00024,0.78054523468017578
xgboost_binomial_gamma,d003u00025,0.6016198992729187
xgboost_binomial_gamma,d003u00026,0.95291447639465332
xgboost_binomial_gamma,d003u00027,0.030275437980890274
xgboost_binomial_gamma,d003u00028,0.89915871620178223
xgboost_binomial_gamma,d003u00029,0.94647318124771118
xgboost_binomial_gamma,d003u00030,0.8002132773399353
xgboost_binomial_gamma,d003u00031,0.040398173034191132
xgboost_binomial_gamma,d003u00032,0.040398173034191132
xgboost_binomial_gamma,d003u00033,0.055692631751298904
xgboost_binomial_gamma,d003u00034,0.076114855706691742
xgboost_binomial_gamma,d003u00035,0.83621382713317871
xgboost_binomial_gamma,d003u00036,0.020307023078203201
xgboost_binomial_gamma,d003u00037,0.90390706062316895
xgboost_binomial_gamma,d003u00038,0.86568444967269897
xgboost_binomial_gamma,d003u00039,0.79878365993499756
xgboost_binomial_gamma,d003u00040,0.15595383942127228
xgboost_binomial_gamma,d003u00041,0.15334254503250122
xgboost_binomial_gamma,d003u00042,0.0404236800968647
xgboost_binomial_gamma,d003u00043,0.10497473925352097
xgboost_binomial_gamma,d003u00044,0.91270643472671509
xgboost_binomial_gamma,d003u00045,0.70182061195373535
xgboost_binomial_gamma,d003u00046,0.15599991381168365
xgboost_binomial_gamma,d003u00047,0.069942913949489594
xgboost_binomial_gamma,d003u00048,0.089847147464752197
xgboost_binomial_gamma,d003u00049,0.028137736022472382
xgboost_binomial_gamma,d003u00050,0.056748624891042709
xgboost_binomial_gamma,d003u00051,0.085048750042915344
xgboost_binomial_gamma,d003u00052,0.038807015866041183
xgboost_binomial_gamma,d003u00053,0.19039282202720642
xgboost_binomial_gamma,d003u00054,0.22376437485218048
xgboost_binomial_gamma,d003u00055,0.028114160522818565
xgboost_binomial_gamma,d003u00056,0.16784283518791199
xgboost_binomial_gamma,d003u00057,0.91047948598861694
xgboost_binomial_gamma,d003u00058,0.6239200234413147
xgboost_binomial_gamma,d003u00059,0.12890860438346863
xgboost_binomial_gamma,d003u00060,0.016289705410599709
xgboost_binomial_gamma,d003u00061,0.88477861881256104
xgboost_binomial_gamma,d003u00062,0.019792318344116211
xgboost_binomial_gamma,d003u00063,0.22376437485218048
xgboost_binomial_gamma,d003u00064,0.015139016322791576
xgboost_binomial_gamma,d003u00065,0.082836821675300598
xgboost_binomial_gamma,d003u00066,0.91660857200622559
xgboost_binomial_gamma,d003u00067,0.048449300229549408
xgboost_binomial_gamma,d003u00068,0.022391742095351219
xgboost_binomial_gamma,d003u00069,0.1775326132774353
xgboost_binomial_gamma,d003u00070,0.74837732315063477
xgboost_binomial_gamma,d003u00071,0.084674626588821411
xgboost_binomial_gamma,d003u00072,0.03527560830116272
xgboost_binomial_gamma,d003u00073,0.10999275743961334
xgboost_binomial_gamma,d003u00074,0.64505839347839355
xgboost_binomial_gamma,d003u00075,0.040398173034191132
xgboost_binomial_gamma,d003u00076,0.17052780091762543
xgboost_binomial_gamma,d003u00077,0.024643642827868462
xgboost_binomial_gamma,d003u00078,0.036727506667375565
xgboost_binomial_gamma,d003u00079,0.034385252743959427
xgboost_binomial_gamma,d003u00080,0.051672317087650299
xgboost_gaussian_flat,d003u00001,0.11046761274337769
xgboost_gaussian_flat,d003u00002,0.63467961549758911
xgboost_gaussian_flat,d003u00003,-0.82079088687896729
xgboost_gaussian_flat,d003u00004,-0.49463164806365967
xgboost_gaussian_flat,d003u00005,-0.12181872129440308
xgboost_gaussian_flat,d003u00006,1.2525416612625122
xgboost_gaussian_flat,d003u00007,0.50143289566040039
xgboost_gaussian_flat,d003u00008,0.47262385487556458
xgboost_gaussian_flat,d003u00009,1.833672046661377
xgboost_gaussian_flat,d003u00010,-1.4798589944839478
xgboost_gaussian_flat,d003u00011,1.3577380180358887
xgboost_gaussian_flat,d003u00012,0.50840294361114502
xgboost_gaussian_flat,d003u00013,-0.035562518984079361
xgboost_gaussian_flat,d003u00014,-1.5463027954101562
xgboost_gaussian_flat,d003u00015,1.0242258310317993
xgboost_gaussian_flat,d003u00016,0.016767138615250587
xgboost_gaussian_flat,d003u00017,0.035541601479053497
xgboost_gaussian_flat,d003u00018,-0.84433215856552124
xgboost_gaussian_flat,d003u00019,0.99926567077636719
xgboost_gaussian_flat,d003u00020,-0.13683849573135376
xgboost_gaussian_flat,d003u00021,-1.8970961570739746
xgboost_gaussian_flat,d003u00022,-0.47466474771499634
xgboost_gaussian_flat,d003u00023,0.93754321336746216
xgboost_gaussian_flat,d003u00024,0.72283673286437988
xgboost_gaussian_flat,d003u00025,-1.5320326089859009
xgboost_gaussian_flat,d003u00026,0.72313457727432251
xgboost_gaussian_flat,d003u00027,-0.13431288301944733
xgboost_gaussian_flat,d003u00028,1.2525416612625122
xgboost_gaussian_flat,d003u00029,0.83468019962310791
xgboost_gaussian_flat,d003u00030,-0.048979714512825012
xgboost_gaussian_flat,d003u00031,-0.26364311575889587
xgboost_gaussian_flat,d003u00032,-1.3754098415374756
xgboost_gaussian_flat,d003u00033,-0.8097604513168335
xgboost_gaussian_flat,d003u00034,0.012761650606989861
xgboost_gaussian_flat,d003u00035,0.55867081880569458
xgboost_gaussian_flat,d003u00036,-0.68027126789093018
xgboost_gaussian_flat,d003u00037,0.98152762651443481
xgboost_gaussian_flat,d003u00038,0.62910723686218262
xgboost_gaussian_flat,d003u00039,1.1532187461853027
xgboost_gaussian_flat,d003u00040,-0.70970308780670166
xgboost_gaussian_flat,d003u00041,0.063472263514995575
xgboost_gaussian_flat,d003u00042,-0.091471962630748749
xgboost_gaussian_flat,d003u00043,0.58558577299118042
xgboost_gaussian_flat,d003u00044,2.2984507083892822
xgboost_gaussian_flat,d003u00045,-0.13176931440830231
xgboost_gaussian_flat,d003u00046,-0.06511322408914566
xgboost_gaussian_flat,d003u00047,0.17967045307159424
xgboost_gaussian_flat,d003u00048,-0.63639247417449951
xgboost_gaussian_flat,d003u00049,-0.31492239236831665
xgboost_gaussian_flat,d003u00050,-1.7876905202865601
xgboost_gaussian_flat,d003u00051,0.65540891885757446
xgboost_gaussian_flat,d003u00052,-1.2688602209091187
xgboost_gaussian_flat,d003u00053,1.2284402847290039
xgboost_gaussian_flat,d003u00054,0.61636990308761597
xgboost_gaussian_flat,d003u00055,-3.573866605758667
xgboost_gaussian_flat,d003u00056,1.2727144956588745
xgboost_gaussian_flat,d003u00057,1.6720225811004639
xgboost_gaussian_flat,d003u00058,0.9981500506401062
xgboost_gaussian_flat,d003u00059,0.28816023468971252
xgboost_gaussian_flat,d003u00060,-0.36128139495849609
xgboost_gaussian_flat,d003u00061,0.65801560878753662
xgboost_gaussian_flat,d003u00062,-0.055741641670465469
xgboost_gaussian_flat,d003u00063,0.58305692672729492
xgboost_gaussian_flat,d003u00064,-1.0672465562820435
xgboost_gaussian_flat,d003u00065,0.62124878168106079
xgboost_gaussian_flat,d003u00066,2.1999242305755615
xgboost_gaussian_flat,d003u00067,-1.3217495679855347
xgboost_gaussian_flat,d003u00068,-0.25534102320671082
xgboost_gaussian_flat,d003u00069,-1.2969561815261841
xgboost_gaussian_flat,d003u00070,0.53676497936248779
xgboost_gaussian_flat,d003u00071,-0.84817028045654297
xgboost_gaussian_flat,d003u00072,-0.3106313943862915
xgboost_gaussian_flat,d003u00073,-0.37956517934799194
xgboost_gaussian_flat,d003u00074,-0.98111534118652344
xgboost_gaussian_flat,d003u00075,0.11102037131786346
xgboost_gaussian_flat,d003u00076,0.94954371452331543
xgboost_gaussian_flat,d003u00077,-0.33113083243370056
xgboost_gaussian_flat,d003u00078,-1.0012617111206055
xgboost_gaussian_flat,d003u00079,0.05303921177983284
xgboost_gaussian_flat,d003u00080,-0.019961360841989517
xgboost_gaussian_random,d003u00001,0.083494953811168671
xgboost_gaussian_random,d003u00002,0.52122491598129272
xgboost_gaussian_random,d003u00003,-0.69628345966339111
xgboost_gaussian_random,d003u00004,-0.24066194891929626
xgboost_gaussian_random,d003u00005,-0.095179915428161621
xgboost_gaussian_random,d003u00006,1.0322633981704712
xgboost_gaussian_random,d003u00007,0.51837003231048584
xgboost_gaussian_random,d003u00008,0.45212101936340332
xgboost_gaussian_random,d003u00009,1.3783280849456787
xgboost_gaussian_random,d003u00010,-1.3251228332519531
xgboost_gaussian_random,d003u00011,1.159271240234375
xgboost_gaussian_random,d003u00012,0.43446531891822815
xgboost_gaussian_random,d003u00013,-0.098094306886196136
xgboost_gaussian_random,d003u00014,-1.037699818611145
xgboost_gaussian_random,d003u00015,0.89259982109069824
xgboost_gaussian_random,d003u00016,0.24498189985752106
xgboost_gaussian_random,d003u00017,0.20508934557437897
xgboost_gaussian_random,d003u00018,-0.80293822288513184
xgboost_gaussian_random,d003u00019,0.90471410751342773
xgboost_gaussian_random,d003u00020,-0.6644940972328186
xgboost_gaussian_random,d003u00021,-0.9824678897857666
xgboost_gaussian_random,d003u00022,-0.43239149451255798
xgboost_gaussian_random,d003u00023,0.65336447954177856
xgboost_gaussian_random,d003u00024,0.68756330013275146
xgboost_gaussian_random,d003u00025,-1.1905487775802612
xgboost_gaussian_random,d003u00026,0.74182206392288208
xgboost_gaussian_random,d003u00027,-0.061004888266324997
xgboost_gaussian_random,d003u00028,1.2280635833740234
xgboost_gaussian_random,d003u00029,0.87750577926635742
xgboost_gaussian_random,d003u00030,-0.027892889454960823
xgboost_gaussian_random,d003u00031,-0.50982153415679932
xgboost_gaussian_random,d003u00032,-1.2614294290542603
xgboost_gaussian_random,d003u00033,-0.61420011520385742
xgboost_gaussian_random,d003u00034,0.056161276996135712
xgboost_gaussian_random,d003u00035,0.68756330013275146
xgboost_gaussian_random,d003u00036,-0.76186960935592651
xgboost_gaussian_random,d003u00037,0.66793251037597656
xgboost_gaussian_random,d003u00038,0.65287208557128906
xgboost_gaussian_random,d003u00039,1.2280635833740234
xgboost_gaussian_random,d003u00040,-0.52334499359130859
xgboost_gaussian_random,d003u00041,0.10764531046152115
xgboost_gaussian_random,d003u00042,-0.3298107385635376
xgboost_gaussian_random,d003u00043,0.58688396215438843
xgboost_gaussian_random,d003u00044,1.5993496179580688
xgboost_gaussian_random,d003u00045,0.015536817722022533
xgboost_gaussian_random,d003u00046,-0.50342851877212524
xgboost_gaussian_random,d003u00047,0.0446651391685009
xgboost_gaussian_random,d003u00048,-0.64821857213973999
xgboost_gaussian_random,d003u00049,-0.65640997886657715
xgboost_gaussian_random,d003u00050,-1.3602886199951172
xgboost_gaussian_random,d003u00051,0.58586883544921875
xgboost_gaussian_random,d003u00052,-1.0396130084991455
xgboost_gaussian_random,d003u00053,0.91997402906417847
xgboost_gaussian_random,d003u00054,0.68756330013275146
xgboost_gaussian_random,d003u00055,-1.6032534837722778
xgboost_gaussian_random,d003u00056,1.2280635833740234
xgboost_gaussian_random,d003u00057,1.4128254652023315
xgboost_gaussian_random,d003u00058,0.75822257995605469
xgboost_gaussian_random,d003u00059,0.18113769590854645
xgboost_gaussian_random,d003u00060,-0.62877976894378662
xgboost_gaussian_random,d003u00061,0.54011499881744385
xgboost_gaussian_random,d003u00062,-0.27311402559280396
xgboost_gaussian_random,d003u00063,0.49822166562080383
xgboost_gaussian_random,d003u00064,-0.77166539430618286
xgboost_gaussian_random,d003u00065,0.56242239475250244
xgboost_gaussian_random,d003u00066,1.653411865234375
xgboost_gaussian_random,d003u00067,-0.96221572160720825
xgboost_gaussian_random,d003u00068,-0.36847677826881409
xgboost_gaussian_random,d003u00069,-0.86593014001846313
xgboost_gaussian_random,d003u00070,0.418021559715271
xgboost_gaussian_random,d003u00071,-0.6644940972328186
xgboost_gaussian_random,d003u00072,-0.38892287015914917
xgboost_gaussian_random,d003u00073,-0.24988082051277161
xgboost_gaussian_random,d003u00074,-0.72197705507278442
xgboost_gaussian_random,d003u00075,0.15845972299575806
xgboost_gaussian_random,d003u00076,0.56205928325653076
xgboost_gaussian_random,d003u00077,-0.31631213426589966
xgboost_gaussian_random,d003u00078,-0.86816537380218506
xgboost_gaussian_random,d003u00079,0.070487789809703827
xgboost_gaussian_random,d003u00080,-0.16183015704154968
oracle_binomial_drawn,d003u00001,0.16896432230273981
oracle_binomial_drawn,d003u00002,0.50137909876520759
oracle_binomial_drawn,d003u00003,0.39999262206495051
oracle_binomial_drawn,d003u00004,0.1690646556530826
oracle_binomial_drawn,d003u00005,0.14475528346500444
oracle_binomial_drawn,d003u00006,0.23098355233084353
oracle_binomial_drawn,d003u00007,0.31853736239439173
oracle_binomial_drawn,d003u00008,0.693387806331903
oracle_binomial_drawn,d003u00009,0.66948187299092154
oracle_binomial_drawn,d003u00010,0.17499943076615648
oracle_binomial_drawn,d003u00011,0.27497925715110544
oracle_binomial_drawn,d003u00012,0.37692164367572456
oracle_binomial_drawn,d003u00013,0.63759661501626708
oracle_binomial_drawn,d003u00014,0.53494003947360058
oracle_binomial_drawn,d003u00015,0.81749056302258227
oracle_binomial_drawn,d003u00016,0.21895534347113829
oracle_binomial_drawn,d003u00017,0.23442153536992455
oracle_binomial_drawn,d003u00018,0.20633698909604711
oracle_binomial_drawn,d003u00019,0.57652814442700151
oracle_binomial_drawn,d003u00020,0.15193262764468943
oracle_binomial_drawn,d003u00021,0.12674645925884578
oracle_binomial_drawn,d003u00022,0.3517230547559726
oracle_binomial_drawn,d003u00023,0.29152961190649024
oracle_binomial_drawn,d003u00024,0.62827389119983934
oracle_binomial_drawn,d003u00025,0.48000740826536636
oracle_binomial_drawn,d003u00026,0.57039904590909096
oracle_binomial_drawn,d003u00027,0.29705091512223825
oracle_binomial_drawn,d003u00028,0.3517230547559726
oracle_binomial_drawn,d003u00029,0.64555499104389624
oracle_binomial_drawn,d003u00030,0.26723071319751207
oracle_binomial_drawn,d003u00031,0.16926477546889185
oracle_binomial_drawn,d003u00032,0.16926477546889185
oracle_binomial_drawn,d003u00033,0.14087491663430046
oracle_binomial_drawn,d003u00034,0.18959055108846515
oracle_binomial_drawn,d003u00035,0.43384086479335204
oracle_binomial_drawn,d003u00036,0.1025078993716835
oracle_binomial_drawn,d003u00037,0.71222252354136306
oracle_binomial_drawn,d003u00038,0.51652722658232864
oracle_binomial_drawn,d003u00039,0.33158418191612266
oracle_binomial_drawn,d003u00040,0.3347384734082825
oracle_binomial_drawn,d003u00041,0.26166677428909907
oracle_binomial_drawn,d003u00042,0.14836961817301206
oracle_binomial_drawn,d003u00043,0.14704620431869339
oracle_binomial_drawn,d003u00044,0.80519793935658024
oracle_binomial_drawn,d003u00045,0.20374851302746963
oracle_binomial_drawn,d003u00046,0.25432766332651313
oracle_binomial_drawn,d003u00047,0.25869128453568074
oracle_binomial_drawn,d003u00048,0.21242912311876114
oracle_binomial_drawn,d003u00049,0.12627180921010303
oracle_binomial_drawn,d003u00050,0.22104104441229822
oracle_binomial_drawn,d003u00051,0.30582466618173298
oracle_binomial_drawn,d003u00052,0.14994179703588378
oracle_binomial_drawn,d003u00053,0.46192817725887403
oracle_binomial_drawn,d003u00054,0.3894533448304105
oracle_binomial_drawn,d003u00055,0.15246327029947596
oracle_binomial_drawn,d003u00056,0.3016022697120801
oracle_binomial_drawn,d003u00057,0.76379682442680896
oracle_binomial_drawn,d003u00058,0.34570933002005361
oracle_binomial_drawn,d003u00059,0.54151235343305726
oracle_binomial_drawn,d003u00060,0.13903610497528929
oracle_binomial_drawn,d003u00061,0.65758878014437472
oracle_binomial_drawn,d003u00062,0.14772792993359896
oracle_binomial_drawn,d003u00063,0.30670659711157533
oracle_binomial_drawn,d003u00064,0.13034249005389753
oracle_binomial_drawn,d003u00065,0.17537194841943524
oracle_binomial_drawn,d003u00066,0.59061060969908696
oracle_binomial_drawn,d003u00067,0.25026454599690184
oracle_binomial_drawn,d003u00068,0.12892713484777757
oracle_binomial_drawn,d003u00069,0.1959602411041686
oracle_binomial_drawn,d003u00070,0.44573980054412987
oracle_binomial_drawn,d003u00071,0.167710853977076
oracle_binomial_drawn,d003u00072,0.13339983366502567
oracle_binomial_drawn,d003u00073,0.096082198782429018
oracle_binomial_drawn,d003u00074,0.37891939901965144
oracle_binomial_drawn,d003u00075,0.12892713484777757
oracle_binomial_drawn,d003u00076,0.67657360798550037
oracle_binomial_drawn,d003u00077,0.19446343142772002
oracle_binomial_drawn,d003u00078,0.11349558932844071
oracle_binomial_drawn,d003u00079,0.16241325510258456
oracle_binomial_drawn,d003u00080,0.13034249005389753
oracle_gaussian_drawn,d003u00001,0.31643943633953747
oracle_gaussian_drawn,d003u00002,0.60776447295807734
oracle_gaussian_drawn,d003u00003,-0.24929441353780205
oracle_gaussian_drawn,d003u00004,0.038784915771389074
oracle_gaussian_drawn,d003u00005,-0.32814825691849536
oracle_gaussian_drawn,d003u00006,0.80535879452201065
oracle_gaussian_drawn,d003u00007,0.0076279980449282456
oracle_gaussian_drawn,d003u00008,0.50668392422261432
oracle_gaussian_drawn,d003u00009,0.76102055588244299
oracle_gaussian_drawn,d003u00010,-0.5806844350718281
oracle_gaussian_drawn,d003u00011,0.55131967849528729
oracle_gaussian_drawn,d003u00012,0.49288482701476849
oracle_gaussian_drawn,d003u00013,-0.15900592129813357
oracle_gaussian_drawn,d003u00014,-0.57316853139643731
oracle_gaussian_drawn,d003u00015,0.74770002942287994
oracle_gaussian_drawn,d003u00016,0.14343000945077886
oracle_gaussian_drawn,d003u00017,0.16840795331154754
oracle_gaussian_drawn,d003u00018,-0.2573015450365721
oracle_gaussian_drawn,d003u00019,0.62192804958761161
oracle_gaussian_drawn,d003u00020,-0.16525386046790358
oracle_gaussian_drawn,d003u00021,-0.71516421446604395
oracle_gaussian_drawn,d003u00022,-0.089665580624706379
oracle_gaussian_drawn,d003u00023,0.74069000420274322
oracle_gaussian_drawn,d003u00024,0.48363811554922054
oracle_gaussian_drawn,d003u00025,-0.71441229891475289
oracle_gaussian_drawn,d003u00026,0.69725074203356729
oracle_gaussian_drawn,d003u00027,-0.01938318500935329
oracle_gaussian_drawn,d003u00028,0.9581417411054699
oracle_gaussian_drawn,d003u00029,0.34643984750660733
oracle_gaussian_drawn,d003u00030,0.063933854678471819
oracle_gaussian_drawn,d003u00031,-0.51705462069579622
oracle_gaussian_drawn,d003u00032,-0.98358551465777277
oracle_gaussian_drawn,d003u00033,-0.55442924692370887
oracle_gaussian_drawn,d003u00034,0.1880592883938853
oracle_gaussian_drawn,d003u00035,0.4538359462419746
oracle_gaussian_drawn,d003u00036,-0.45298964298432293
oracle_gaussian_drawn,d003u00037,0.44893451237904602
oracle_gaussian_drawn,d003u00038,0.39409624288726669
oracle_gaussian_drawn,d003u00039,0.69762922315001707
oracle_gaussian_drawn,d003u00040,-0.2654756575637035
oracle_gaussian_drawn,d003u00041,0.2681652438906329
oracle_gaussian_drawn,d003u00042,-0.034113593981184603
oracle_gaussian_drawn,d003u00043,0.62265357958898992
oracle_gaussian_drawn,d003u00044,1.3581039036690765
oracle_gaussian_drawn,d003u00045,0.17599623846262663
oracle_gaussian_drawn,d003u00046,-0.28886391375288994
oracle_gaussian_drawn,d003u00047,0.11392499006794511
oracle_gaussian_drawn,d003u00048,-0.30160081151231649
oracle_gaussian_drawn,d003u00049,-0.4610154473954905
oracle_gaussian_drawn,d003u00050,-1.1805373211629842
oracle_gaussian_drawn,d003u00051,0.56663149304744442
oracle_gaussian_drawn,d003u00052,-0.55522002038523843
oracle_gaussian_drawn,d003u00053,0.65838459389699888
oracle_gaussian_drawn,d003u00054,0.4538359462419746
oracle_gaussian_drawn,d003u00055,-1.3417367200691941
oracle_gaussian_drawn,d003u00056,0.96325370031298196
oracle_gaussian_drawn,d003u00057,1.0993351959016462
oracle_gaussian_drawn,d003u00058,0.73247756345723825
oracle_gaussian_drawn,d003u00059,0.22421017721443048
oracle_gaussian_drawn,d003u00060,-0.28954448220979856
oracle_gaussian_drawn,d003u00061,0.22527072003637971
oracle_gaussian_drawn,d003u00062,-0.13704253295297025
oracle_gaussian_drawn,d003u00063,0.4538359462419746
oracle_gaussian_drawn,d003u00064,-0.59924798559527781
oracle_gaussian_drawn,d003u00065,0.40792893859538593
oracle_gaussian_drawn,d003u00066,1.3697121994262969
oracle_gaussian_drawn,d003u00067,-0.52988840536839765
oracle_gaussian_drawn,d003u00068,-0.551314628415431
oracle_gaussian_drawn,d003u00069,-0.38143710415975074
oracle_gaussian_drawn,d003u00070,0.10583566709780065
oracle_gaussian_drawn,d003u00071,-0.31871869127939056
oracle_gaussian_drawn,d003u00072,-0.2446634409440715
oracle_gaussian_drawn,d003u00073,-0.06282661600640943
oracle_gaussian_drawn,d003u00074,-0.31812348371241822
oracle_gaussian_drawn,d003u00075,-0.30641403860466948
oracle_gaussian_drawn,d003u00076,0.36955990146403389
oracle_gaussian_drawn,d003u00077,-0.26199087324788906
oracle_gaussian_drawn,d003u00078,-0.97334113529996125
oracle_gaussian_drawn,d003u00079,-0.10369173736830085
oracle_gaussian_drawn,d003u00080,0.018811523062289899
