case,tree,cv_error
gbm_binomial_cv,1,1.2790449158445445
gbm_binomial_cv,2,1.2823955056016301
gbm_binomial_cv,3,1.2888943400622614
gbm_binomial_cv,4,1.2931928903161052
gbm_binomial_cv,5,1.2947257749557459
gbm_binomial_cv,6,1.3012204851302109
gbm_binomial_cv,7,1.2957278878923435
gbm_binomial_cv,8,1.3060290133381716
gbm_binomial_cv,9,1.3128762002000858
gbm_binomial_cv,10,1.3161717626245557
gbm_binomial_cv,11,1.3243117335797199
gbm_binomial_cv,12,1.3287826593230374
gbm_binomial_cv,13,1.3365676549561891
gbm_binomial_cv,14,1.3467886991373808
gbm_binomial_cv,15,1.3521396284491711
gbm_binomial_cv,16,1.3562903580434427
gbm_binomial_cv,17,1.3583354300659598
gbm_binomial_cv,18,1.3725492696234933
gbm_binomial_cv,19,1.3760797882436167
gbm_binomial_cv,20,1.381344819639222
gbm_binomial_cv,21,1.3906126243289414
gbm_binomial_cv,22,1.3895469484120091
gbm_binomial_cv,23,1.4042025091360251
gbm_binomial_cv,24,1.4104001862373006
gbm_binomial_cv,25,1.4170967748761263
gbm_binomial_cv,26,1.4251516232889536
gbm_binomial_cv,27,1.426622352753236
gbm_binomial_cv,28,1.4267429936215275
gbm_binomial_cv,29,1.4222845718442794
gbm_binomial_cv,30,1.4382847688174092
gbm_binomial_cv,31,1.4401647973343654
gbm_binomial_cv,32,1.4513023950725228
gbm_binomial_cv,33,1.4557143592586861
gbm_binomial_cv,34,1.4561825683704177
gbm_binomial_cv,35,1.4525261579612656
gbm_binomial_cv,36,1.4469304699973542
gbm_binomial_cv,37,1.4725102956095946
gbm_binomial_cv,38,1.4650581096538562
gbm_binomial_cv,39,1.4820025625909687
gbm_binomial_cv,40,1.4913375137465599
gbm_binomial_cv,41,1.4875254966213487
gbm_binomial_cv,42,1.4946693120344114
gbm_binomial_cv,43,1.4931890267955212
gbm_binomial_cv,44,1.4998664688534853
gbm_binomial_cv,45,1.4987575322830318
gbm_binomial_cv,46,1.5044289576534271
gbm_binomial_cv,47,1.5123984939951922
gbm_binomial_cv,48,1.5178734002679442
gbm_binomial_cv,49,1.5190073397907267
gbm_binomial_cv,50,1.5325904456556567
gbm_binomial_cv,51,1.547396849842325
gbm_binomial_cv,52,1.5483757126768727
gbm_binomial_cv,53,1.5493772294987695
gbm_binomial_cv,54,1.5541873818815763
gbm_binomial_cv,55,1.5530475075207448
gbm_binomial_cv,56,1.5526868552512376
gbm_binomial_cv,57,1.5563917833126861
gbm_binomial_cv,58,1.5568404909112028
gbm_binomial_cv,59,1.5706822218804355
gbm_binomial_cv,60,1.5771827051439167
gbm_gaussian_cv,1,1.2604985695451547
gbm_gaussian_cv,2,1.1948321874803731
gbm_gaussian_cv,3,1.1416936965911666
gbm_gaussian_cv,4,1.0756630786587662
gbm_gaussian_cv,5,1.0497584512464098
gbm_gaussian_cv,6,1.0208680342859571
gbm_gaussian_cv,7,0.98848948675091486
gbm_gaussian_cv,8,0.95476760105862313
gbm_gaussian_cv,9,0.93809292811216127
gbm_gaussian_cv,10,0.91654956521881614
gbm_gaussian_cv,11,0.91502460534913266
gbm_gaussian_cv,12,0.89066414926118276
gbm_gaussian_cv,13,0.86801736747219227
gbm_gaussian_cv,14,0.8610334075936914
gbm_gaussian_cv,15,0.84972524603385224
gbm_gaussian_cv,16,0.8404577681475246
gbm_gaussian_cv,17,0.82014540842877215
gbm_gaussian_cv,18,0.81838377595766754
gbm_gaussian_cv,19,0.80968947356243337
gbm_gaussian_cv,20,0.80033785789126843
gbm_gaussian_cv,21,0.79041262032597093
gbm_gaussian_cv,22,0.78616840859221093
gbm_gaussian_cv,23,0.77568684623648043
gbm_gaussian_cv,24,0.76925051350735152
gbm_gaussian_cv,25,0.77199015199826115
gbm_gaussian_cv,26,0.75906699616283024
gbm_gaussian_cv,27,0.75402199896266908
gbm_gaussian_cv,28,0.75447253595460595
gbm_gaussian_cv,29,0.74731911476125068
gbm_gaussian_cv,30,0.73801434595114457
gbm_gaussian_cv,31,0.73613005317616009
gbm_gaussian_cv,32,0.73270985793071886
gbm_gaussian_cv,33,0.73067733701295146
gbm_gaussian_cv,34,0.72545952223597188
gbm_gaussian_cv,35,0.7240652157183004
gbm_gaussian_cv,36,0.71958949188720278
gbm_gaussian_cv,37,0.71936005240909906
gbm_gaussian_cv,38,0.71510280331593434
gbm_gaussian_cv,39,0.71352357083418139
gbm_gaussian_cv,40,0.71109710909056489
gbm_gaussian_cv,41,0.70737043511090825
gbm_gaussian_cv,42,0.70401921809575718
gbm_gaussian_cv,43,0.70273359991907047
gbm_gaussian_cv,44,0.70401896538493125
gbm_gaussian_cv,45,0.69556906081991654
gbm_gaussian_cv,46,0.69693901346307319
gbm_gaussian_cv,47,0.69592030756381074
gbm_gaussian_cv,48,0.69366467411908739
gbm_gaussian_cv,49,0.69207554424215945
gbm_gaussian_cv,50,0.6934127550407827
gbm_gaussian_cv,51,0.68981438726600808
gbm_gaussian_cv,52,0.6902316474241228
gbm_gaussian_cv,53,0.68803051003211535
gbm_gaussian_cv,54,0.68745271546408326
gbm_gaussian_cv,55,0.68612627693233319
gbm_gaussian_cv,56,0.68446935284797439
gbm_gaussian_cv,57,0.68414892485669299
gbm_gaussian_cv,58,0.68238695665208882
gbm_gaussian_cv,59,0.6837970761772757
gbm_gaussian_cv,60,0.68172615413533233
