case,row,posterior,probability
weighted,1,0.240739251477975,0.219004926962609
weighted,2,0.987096006351026,0.874446348507092
weighted,3,0.424657934572361,0.381465507754995
weighted,4,0.04869666896519,0.10196820771385
weighted,5,0.112686536739687,0.134465815793401
weighted,6,0.800220099589929,0.747332673594487
weighted,7,0.789878796657989,0.738742037524618
weighted,8,0.912820861466221,0.830532276697052
weighted,9,0.965677878028381,0.862687475939888
weighted,10,0.136070464231343,0.147949049665807
weighted,11,0.746171955901559,0.700850292803799
weighted,12,0.199687055127754,0.189066338086152
weighted,13,0.111634018465249,0.133879439429382
weighted,14,0.0168965165336941,0.0881302067211411
weighted,15,0.89929763470248,0.821585434982199
weighted,16,0.0723013885954962,0.113217891014742
weighted,17,0.508534619587495,0.465932142972826
weighted,18,0.0366539705281591,0.0965525780589746
weighted,19,0.799414060693591,0.746668475437978
weighted,20,0.139168441141204,0.149800989878253
weighted,21,0.125126484153469,0.141529963808085
weighted,22,0.0690702355447482,0.111627697416691
weighted,23,0.207893558651913,0.1948406457454
weighted,24,0.973434425127771,0.867029927781253
weighted,25,0.193321844162161,0.184661001601201
weighted,26,0.972893429096886,0.866730157077665
weighted,27,0.149011936309547,0.155787566135089
weighted,28,0.790970385999959,0.739655865491108
weighted,29,0.961114995576344,0.860088216113402
weighted,30,0.661213669054055,0.620930658283653
weighted,31,0.0992335541623728,0.127103145910958
weighted,32,0.0132641726092504,0.0866432692873214
weighted,33,0.0987553689251748,0.126846706701072
weighted,34,0.223405077491499,0.206043870757016
weighted,35,0.0847172652024454,0.119478486111042
weighted,36,0.119644686106871,0.138386663844666
weighted,37,0.936261006544901,0.845345176141534
weighted,38,0.0811106929420798,0.117635249235121
weighted,39,0.589397260295035,0.548894363136867
weighted,40,0.238515366583775,0.217316329036909
weighted,41,0.961078356286811,0.860067209990734
weighted,42,0.305778779016333,0.27160583473266
weighted,43,0.195822299326809,0.186383890155657
weighted,44,0.971677922391576,0.866054938967515
weighted,45,0.259005845235369,0.233157256419671
weighted,46,0.0930358672053208,0.123807378140539
weighted,47,0.190032012229639,0.182409348687078
weighted,48,0.40256671003381,0.35996248876358
weighted,49,0.0389863838608484,0.0975846234252533
weighted,50,0.0490681221844114,0.102138696112019
weighted,51,0.390754702029575,0.348639403261214
weighted,52,0.0269313576589662,0.0923368439257677
weighted,53,0.0490708630701005,0.102139954885153
weighted,54,0.334111053497294,0.296339958834081
weighted,55,0.0020026721611555,0.0821524560129071
weighted,56,0.644508451327013,0.604448936165114
weighted,57,0.729857144255128,0.68609350854795
weighted,58,0.280619774566612,0.250539309881252
weighted,59,0.119528475519619,0.138320547021709
weighted,60,0.0720517192162247,0.113094444496936
weighted,61,0.699459060789284,0.657803993488098
weighted,62,0.0248324234750401,0.0914448965268348
weighted,63,0.0803833626596553,0.117265979391921
weighted,64,0.024073300777222,0.0911238829423292
weighted,65,0.407804132850254,0.365023429755103
weighted,66,0.96527175174838,0.862457470813809
weighted,67,0.110404655192902,0.133196767746538
weighted,68,0.165803778744661,0.166359173566575
weighted,69,0.274528575349333,0.245572299659926
weighted,70,0.831895288752748,0.772691701419304
weighted,71,0.231352675274975,0.21192906977117
weighted,72,0.00555630519549215,0.0835502144183866
weighted,73,0.0556327420431567,0.105185992529283
weighted,74,0.533621541050358,0.491680586804078
weighted,75,0.155346222968554,0.159722224142614
weighted,76,0.279869296252916,0.249924477838287
weighted,77,0.0547265333157647,0.104761459640603
weighted,78,0.0477990619833194,0.101557082026975
weighted,79,0.00663574654554432,0.0839783123143614
weighted,80,0.0393793016863016,0.0977592747791866
unweighted,1,0.21453186756038,0.200786049560114
unweighted,2,0.986600763012456,0.941944090101242
unweighted,3,0.392749205098429,0.388785321138158
unweighted,4,0.040764671428097,0.0836001882033201
unweighted,5,0.096975014150397,0.113949791088392
unweighted,6,0.784115340928563,0.826190643644718
unweighted,7,0.77295131663337,0.817099890098287
unweighted,8,0.906375667889305,0.90672782030407
unweighted,9,0.963688537144697,0.933164463540905
unweighted,10,0.117983081297606,0.127099935870846
unweighted,11,0.725951672899821,0.775670371764766
unweighted,12,0.176202359117442,0.168913460080733
unweighted,13,0.09603478700255,0.113384799962425
unweighted,14,0.0137646181945247,0.0713868104202581
unweighted,15,0.89166025621874,0.898833845689565
unweighted,16,0.0612575391876673,0.0938716807905047
unweighted,17,0.477238022348928,0.492523237137774
unweighted,18,0.0304426969908555,0.0787577413752257
unweighted,19,0.783244626648937,0.825492137363422
unweighted,20,0.120782894866427,0.12892919425876
unweighted,21,0.108123107596154,0.120802045992382
unweighted,22,0.0584340134113432,0.092403571830295
unweighted,23,0.183818748170392,0.174973481628896
unweighted,24,0.972027312665932,0.936471644851578
unweighted,25,0.170310999230906,0.164319601947976
unweighted,26,0.971446874328978,0.936245644870867
unweighted,27,0.129703926121047,0.134879176860201
unweighted,28,0.774129016109194,0.818072646236077
unweighted,29,0.958768921555505,0.931151762571762
unweighted,30,0.635595461272625,0.682817638743984
unweighted,31,0.0849935375934539,0.106899099563322
unweighted,32,0.0107451683249394,0.0701108777806049
unweighted,33,0.0845691284423884,0.106655253997793
unweighted,34,0.19827792857436,0.186852223987207
unweighted,35,0.0721566020034937,0.0997002743797535
unweighted,36,0.103202620057083,0.117742691259605
unweighted,37,0.93185491459098,0.919304430510426
unweighted,38,0.0689827373846302,0.0979763146367826
unweighted,39,0.560414986083958,0.595186033344025
unweighted,40,0.212440995149619,0.198959458329486
unweighted,41,0.958729381886867,0.931135398977276
unweighted,42,0.276384545814057,0.259225498091445
unweighted,43,0.172623618477557,0.166113147045736
unweighted,44,0.970142052830453,0.935735315478434
unweighted,45,0.231767131924652,0.216222523558865
unweighted,46,0.0795008821558427,0.103774253791475
unweighted,47,0.167271655076366,0.161981615050671
unweighted,48,0.370816540431854,0.362812099598875
unweighted,49,0.0324338537143705,0.0796749382167255
unweighted,50,0.0410846027464312,0.0837537775866779
unweighted,51,0.359145789583141,0.349235934160084
unweighted,52,0.0221892688739501,0.0750410748621004
unweighted,53,0.0410869637888841,0.0837549118393643
unweighted,54,0.303740034287287,0.287623440735395
unweighted,55,0.00155780054874493,0.0663363475303241
unweighted,56,0.618003972611916,0.663004953672344
unweighted,57,0.708491658996231,0.759018316654389
unweighted,58,0.252299467322732,0.23547938193469
unweighted,59,0.103098443617791,0.117678516883262
unweighted,60,0.0610391719851472,0.093757528846468
unweighted,61,0.676093373438409,0.726417069947393
unweighted,62,0.0204184021178108,0.0742613381674694
unweighted,63,0.0683434415019672,0.0976317251115145
unweighted,64,0.0197789850719197,0.0739813196693865
unweighted,65,0.376003980233376,0.368903487384794
unweighted,66,0.96325103907014,0.932987340498141
unweighted,67,0.0949371828579823,0.112727770626579
unweighted,68,0.145007578414186,0.14551912811583
unweighted,69,0.246498051321246,0.229944422666658
unweighted,70,0.818399340327949,0.852275009972169
unweighted,71,0.205717829477576,0.19315430744222
unweighted,72,0.0044156350417945,0.0674932093189019
unweighted,73,0.0467528784052737,0.0865102020225472
unweighted,74,0.502867896348733,0.524425798559915
unweighted,75,0.13546433657655,0.138819749940468
unweighted,76,0.251584059868461,0.234792883464471
unweighted,77,0.0459688407103858,0.0861249410376778
unweighted,78,0.0399919313140152,0.0832300919767199
unweighted,79,0.00529365219156243,0.0678517470593868
unweighted,80,0.0327696788001233,0.0798304242416774
degree2,1,0.0152624484508779,0.0666171169694528
degree2,2,0.934490002326767,0.945451822969253
degree2,3,0.989951462293401,0.963235374871261
degree2,4,0.0681682315223844,0.092945150137668
degree2,5,0.102464159586037,0.113709149222393
degree2,6,0.810824895518038,0.881935407232779
degree2,7,0.178405758057636,0.17089814807908
degree2,8,0.999936249262607,0.965866839696758
degree2,9,0.981769176837275,0.960957272430601
degree2,10,0.114572324458237,0.121776257432667
degree2,11,0.191621516791905,0.182468061645136
degree2,12,0.0454625299484737,0.0808315773801372
degree2,13,0.986369305828116,0.962251778241936
degree2,14,0.00897414335507751,0.0639167041342948
degree2,15,0.999137338253605,0.965662151541508
degree2,16,0.0510361200976482,0.0836885645453312
degree2,17,0.612465546115117,0.696711104816947
degree2,18,0.386689993591215,0.402315544792431
degree2,19,0.0707345646040625,0.0943945451209149
degree2,20,0.281054875808063,0.27291147807354
degree2,21,0.0175641422526952,0.0676273290664606
degree2,22,0.0191295986369247,0.0683211416501792
degree2,23,0.144053633422714,0.143073842869453
degree2,24,0.994369923267767,0.964419629883983
degree2,25,0.941330271792341,0.947957481986418
degree2,26,0.994548914280133,0.964466936957729
degree2,27,0.166781329080467,0.161118478356259
degree2,28,0.692512845630362,0.783843932806396
degree2,29,0.835602075095071,0.897668262470199
degree2,30,0.984877286873247,0.961835808966754
degree2,31,0.00282483741419291,0.0613590720972727
degree2,32,0.00139449807602237,0.0607757805060382
degree2,33,0.0303812303513313,0.0734705420347258
degree2,34,0.156363475309633,0.152670519974126
degree2,35,0.454219450867861,0.492281970617648
degree2,36,0.0083346098845552,0.0636469058166913
degree2,37,0.971475080722048,0.957929344092762
degree2,38,0.997310241521008,0.965190239924808
degree2,39,0.948948235468775,0.950639461747619
degree2,40,0.00247731903203108,0.0612169536578024
degree2,41,0.156247249879609,0.152577959712889
degree2,42,0.00520830235730738,0.0623407523819583
degree2,43,0.179997480142653,0.172266238868077
degree2,44,0.964778737360054,0.955859576085447
degree2,45,0.976347845753697,0.959385520835218
degree2,46,0.00453308112288265,0.062061412975451
degree2,47,0.837085659841117,0.898559434590211
degree2,48,0.0547198888329319,0.0856180619072847
degree2,49,0.016791785879573,0.0672870311196216
degree2,50,0.0132638545052413,0.065749444029512
degree2,51,0.00187700021969875,0.0609720580000015
degree2,52,0.00178311371600215,0.0609338270414386
degree2,53,0.133197196707623,0.134955614679785
degree2,54,0.00184712271720424,0.0609598897282298
degree2,55,0.00135010638714631,0.060757747219827
degree2,56,0.587676145210846,0.666861814820819
degree2,57,0.995024895017087,0.964592487151548
degree2,58,0.0914424687157412,0.106703732398535
degree2,59,0.36482351222768,0.374033408333096
degree2,60,0.0065557594885806,0.0629011259486333
degree2,61,0.992507654985915,0.963924365422346
degree2,62,0.00652939230324428,0.0628901229797354
degree2,63,0.326144167016222,0.325710563049346
degree2,64,0.0102641007476506,0.0644636004850817
degree2,65,0.226733300423132,0.215510451599107
degree2,66,0.687204639168531,0.778553851829771
degree2,67,0.00735473240078812,0.0632352473738197
degree2,68,0.0751033438578987,0.0969001356921159
degree2,69,0.0462530449309494,0.0812322488743918
degree2,70,0.675752176723002,0.766891948826159
degree2,71,0.016491601823571,0.0671551287060538
degree2,72,0.00115532745787033,0.0606786714117382
degree2,73,0.00128779580674051,0.060732441781511
degree2,74,0.0123801505526447,0.0653685956037564
degree2,75,0.0891070148874304,0.105260183324489
degree2,76,0.257157717483881,0.246760637764363
degree2,77,0.0113099615755755,0.064909671565474
degree2,78,0.0401974888992582,0.07820097483203
degree2,79,0.0959555807752156,0.109533667651852
degree2,80,0.026946487237053,0.0718680655590946
unpruned,1,0.302279080136103,0.206910510115033
unpruned,2,0.997298433997401,0.935272811433465
unpruned,3,0.114040930547441,0.073644330093213
unpruned,4,0.0230138596536563,0.0396478065067758
unpruned,5,0.0394964848396556,0.0446172768417567
unpruned,6,0.673881761405109,0.666556353072065
unpruned,7,0.925326071646541,0.89877782013528
unpruned,8,0.995299590935058,0.93442036240488
unpruned,9,0.996340387701434,0.934865312219407
unpruned,10,0.0280800063769364,0.0411248985248075
unpruned,11,0.721048476892027,0.721995760666519
unpruned,12,0.0430660990729249,0.0457570087564651
unpruned,13,0.6161195314344,0.593475355979217
unpruned,14,0.00728649317482914,0.0353351246474069
unpruned,15,0.903978202958378,0.885501277655214
unpruned,16,0.172459158567081,0.105095040217888
unpruned,17,0.107716715867418,0.0707256423722508
unpruned,18,0.00490059635317591,0.0347158061601037
unpruned,19,0.966963184390626,0.921379223952937
unpruned,20,0.0690740898451854,0.0547830953619731
unpruned,21,0.0735533401083649,0.0564709578379943
unpruned,22,0.0383387907353882,0.0442525893555233
unpruned,23,0.272075816143055,0.17915455175776
unpruned,24,0.833850126621772,0.833352610217452
unpruned,25,0.67963150564286,0.673546713956284
unpruned,26,0.9757108480108,0.925599460292438
unpruned,27,0.0731592132525449,0.0563208184859689
unpruned,28,0.858347422653867,0.853082427552108
unpruned,29,0.975341891714422,0.925425026406638
unpruned,30,0.696207269443021,0.693353726599317
unpruned,31,0.00784344346334857,0.0354809918786893
unpruned,32,0.00403059409531253,0.0344922051306505
unpruned,33,0.0280673855419902,0.0411211640866803
unpruned,34,0.0521079504273136,0.0487488378700123
unpruned,35,0.714696789668945,0.714797637058737
unpruned,36,0.00104722748160936,0.033734412838242
unpruned,37,0.910401289081061,0.88962008260489
unpruned,38,0.804503215529982,0.807568217001967
unpruned,39,0.911910158336595,0.890572041390824
unpruned,40,0.334913725351393,0.239590319204784
unpruned,41,0.987355128763513,0.930945994250847
unpruned,42,0.0805828506034776,0.0592021178673582
unpruned,43,0.00737849280802277,0.0353591857058342
unpruned,44,0.99397949071177,0.933852621742439
unpruned,45,0.0577973952930004,0.0507102004854852
unpruned,46,0.00569696275528587,0.0349215240516844
unpruned,47,0.711734639327809,0.711410646292024
unpruned,48,0.512849947724342,0.456116946182269
unpruned,49,0.00480170127810651,0.0346903291258449
unpruned,50,0.0322402109220774,0.0423709470604295
unpruned,51,0.080683295707334,0.0592418812220337
unpruned,52,0.00996924023501275,0.0360422906799252
unpruned,53,0.705743599963915,0.704503039266353
unpruned,54,0.0162516109133657,0.0377437257094011
unpruned,55,0.0471416126397517,0.047086752841031
unpruned,56,0.721659505727177,0.722683514558348
unpruned,57,0.986271032990294,0.930461083458257
unpruned,58,0.381280365734748,0.290491125340681
unpruned,59,0.46105857027003,0.3881650826849
unpruned,60,0.0248596212416634,0.0401808833454094
unpruned,61,0.503841876907295,0.444146380923341
unpruned,62,0.00130608726621853,0.0337996173055005
unpruned,63,0.21149632748289,0.130935412679262
unpruned,64,0.0203863273995192,0.038898880591533
unpruned,65,0.316485421050341,0.220800687510596
unpruned,66,0.986491583152928,0.930559946340958
unpruned,67,0.0418265241425796,0.0453586051147659
unpruned,68,0.0193822560703145,0.0386157497898686
unpruned,69,0.146133080064867,0.0898905026843693
unpruned,70,0.641692533271869,0.626407135077903
unpruned,71,0.0336405746153456,0.04279718531591
unpruned,72,0.00175708781865182,0.0339134679983125
unpruned,73,0.00946392768728039,0.0359082125424926
unpruned,74,0.771321981433196,0.775645147836537
unpruned,75,0.0318801988041496,0.0422619244042232
unpruned,76,0.379850995855288,0.288849307874698
unpruned,77,0.036278865489072,0.0436096319721914
unpruned,78,0.052083857820485,0.0487406630591878
unpruned,79,0.00635948749791057,0.0350934294409374
unpruned,80,0.000366757454787112,0.0335635020397197
squares,1,0.664103968990435,0.623655461658587
squares,2,0.757799786646146,0.720349883883733
squares,3,0.651198168535579,0.609521709007122
squares,4,0.544186072664937,0.488466815961685
squares,5,0.198009516543941,0.153392409762324
squares,6,0.799967184941883,0.759547279975895
squares,7,0.381740901167002,0.310328067675322
squares,8,0.799967184941883,0.759547279975895
squares,9,0.322843403102122,0.253383503761592
squares,10,0.107243035746062,0.0998557502608057
squares,11,0.375795262798538,0.304333578618526
squares,12,0.128262636072829,0.110839648601395
squares,13,0.327721659153953,0.257882964408278
squares,14,0.0227580800512269,0.0636624387438661
squares,15,0.178663632849106,0.140630854062522
squares,16,0.218199256041519,0.167504583741046
squares,17,0.234213780691175,0.179274782400293
squares,18,0.0601067120658417,0.0781546471562844
squares,19,0.739791889269468,0.702713833595137
squares,20,0.20604647245599,0.158912831519314
squares,21,0.201429737159121,0.155725970594803
squares,22,0.468421319151951,0.402740434979949
squares,23,0.788452590113598,0.74914927814002
squares,24,0.416883730847557,0.346751298599449
squares,25,0.222643860776464,0.170720201572391
squares,26,0.747029252686708,0.709862726021842
squares,27,0.167705262066631,0.133731123480338
squares,28,0.799967184941883,0.759547279975895
squares,29,0.621732380442063,0.576733531938256
squares,30,0.193035449556164,0.150040233038366
squares,31,0.0581096503123217,0.0773212549707375
squares,32,0.0114324867250952,0.0597084060068221
squares,33,0.23091607380663,0.176809487883429
squares,34,0.198984522804316,0.154055267697363
squares,35,0.838955900255391,0.792948377609277
squares,36,0.268151102303774,0.205886870704007
squares,37,0.735489472408966,0.698426222554515
squares,38,0.48869127620498,0.425394579148574
squares,39,0.799967184941883,0.759547279975895
squares,40,0.553168535196316,0.498745168434673
squares,41,0.747976394298124,0.710792296634923
squares,42,0.220625993476818,0.169255432410759
squares,43,0.796876010835126,0.756779122182825
squares,44,0.775092996196002,0.736793251666061
squares,45,0.229864119283069,0.176027599147262
squares,46,0.16102598971765,0.129641687809237
squares,47,0.76023906515992,0.72269917910935
squares,48,0.230572191232318,0.176553648284952
squares,49,0.194132185185145,0.150775126946411
squares,50,0.0255454005289055,0.0646661292816452
squares,51,0.287124101346226,0.22173454362451
squares,52,0.0754266611314793,0.0847758473531225
squares,53,0.379309385069213,0.307870357545154
squares,54,0.185616112254212,0.145131524561955
squares,55,0.00717965029427161,0.0582743270622595
squares,56,0.799967184941883,0.759547279975895
squares,57,0.799967184941883,0.759547279975895
squares,58,0.720797063855641,0.683579280059601
squares,59,0.471969616699559,0.406684864229236
squares,60,0.0743701221254065,0.0843061248903717
squares,61,0.55222318369982,0.497663274510366
squares,62,0.0449475031054659,0.0719965485860597
squares,63,0.228531620168693,0.175040337361837
squares,64,0.150246487252464,0.123226106954144
squares,65,0.718507395298289,0.681237813009854
squares,66,0.799967184941883,0.759547279975895
squares,67,0.0766975943009398,0.0853434833606415
squares,68,0.087446009802695,0.0902583578292342
squares,69,0.111565614543558,0.102046992031378
squares,70,0.29446455978336,0.228048003645284
squares,71,0.193599018875998,0.15041756731213
squares,72,0.157593746963365,0.127574308548269
squares,73,0.147296084433654,0.121509586538173
squares,74,0.127537907673912,0.1104470786914
squares,75,0.0896239447836396,0.0912793721827263
squares,76,0.201473239227988,0.155755801334675
squares,77,0.0184708639164022,0.0621423593064087
squares,78,0.0324820715002526,0.0672173089690767
squares,79,0.155497091424205,0.126322744549296
squares,80,0.112943081914521,0.102752568299026
