case,tree,node,column,threshold,less_left,left,right,value
binomial_flat,0,0,8,0x1.a35288ce703bp+2,1,1,28,0x1.4p-2
binomial_flat,0,1,0,0x1.fbd9945b6c376p+2,1,2,9,0x1.1af286bca1af3p-2
binomial_flat,0,2,1,0x1.eff29d40ee06ep+2,1,3,4,0x1.2492492492492p-3
binomial_flat,0,3,-1,0x0p+0,0,-1,-1,0x0p+0
binomial_flat,0,4,7,0x1.2fea8112ba16ep+2,0,5,6,0x1.2d2d2d2d2d2d3p-2
binomial_flat,0,5,-1,0x0p+0,0,-1,-1,0x0p+0
binomial_flat,0,6,3,0x1.da58c8eef1bacp+2,0,7,8,0x1.aaaaaaaaaaaabp-1
binomial_flat,0,7,-1,0x0p+0,0,-1,-1,0x0p+0
binomial_flat,0,8,-1,0x0p+0,0,-1,-1,0x1p+0
binomial_flat,0,9,21,0x1.352518f3eccc4p+3,0,10,23,0x1.8f9c18f9c18fap-2
binomial_flat,0,10,9,0x1.1cbe29307af21p+2,1,11,14,0x1.1745d1745d174p-2
binomial_flat,0,11,3,0x1.ccc5718eb895p+2,0,12,13,0x1p-3
binomial_flat,0,12,-1,0x0p+0,0,-1,-1,0x0p+0
binomial_flat,0,13,-1,0x0p+0,0,-1,-1,0x1p+0
binomial_flat,0,14,20,0x1.5fe3d145d8516p+4,0,15,22,0x1.a5a5a5a5a5a5ap-2
binomial_flat,0,15,7,0x1.bd57e889c1b54p+2,0,16,17,0x1.5555555555555p-3
binomial_flat,0,16,-1,0x0p+0,0,-1,-1,0x0p+0
binomial_flat,0,17,21,0x1.6a3d45a5fc7e6p+4,1,18,19,0x1.999999999999ap-2
binomial_flat,0,18,-1,0x0p+0,0,-1,-1,0x0p+0
binomial_flat,0,19,8,0x1.794be835dedf2p+2,0,20,21,0x1.5555555555555p-1
binomial_flat,0,20,-1,0x0p+0,0,-1,-1,0x0p+0
binomial_flat,0,21,-1,0x0p+0,0,-1,-1,0x1p+0
binomial_flat,0,22,-1,0x0p+0,0,-1,-1,0x1p+0
binomial_flat,0,23,8,0x1.e28dd616f86a1p+1,1,24,27,0x1.cp-1
binomial_flat,0,24,12,0x1.e81e3ac0c62e4p+5,1,25,26,0x1p-1
binomial_flat,0,25,-1,0x0p+0,0,-1,-1,0x0p+0
binomial_flat,0,26,-1,0x0p+0,0,-1,-1,0x1p+0
binomial_flat,0,27,-1,0x0p+0,0,-1,-1,0x1p+0
binomial_flat,0,28,-1,0x0p+0,0,-1,-1,0x1p+0
binomial_flat,1,0,2,0x1.befc5ac471b48p+2,1,1,6,0x1.4cccccccccccdp-2
binomial_flat,1,1,15,0x1.6ff37c1376d54p+4,0,2,3,0x1.642c8590b2164p-5
binomial_flat,1,2,-1,0x0p+0,0,-1,-1,0x0p+0
binomial_flat,1,3,0,0x1.94f45bf26f1dcp+2,0,4,5,0x1.5555555555555p-2
binomial_flat,1,4,-1,0x0p+0,0,-1,-1,0x0p+0
binomial_flat,1,5,-1,0x0p+0,0,-1,-1,0x1p+0
binomial_flat,1,6,2,0x1.d4107b784662cp+2,0,7,28,0x1.c11f7047dc11fp-2
binomial_flat,1,7,11,0x1.2279205bc01a3p+6,1,8,17,0x1.46cefa8d9df52p-2
binomial_flat,1,8,10,0x1.515bd0e12e83ap+1,0,9,14,0x1.6db6db6db6db7p-3
binomial_flat,1,9,17,0x1.4aa682b62845ap+5,1,10,11,0x1.999999999999ap-5
binomial_flat,1,10,-1,0x0p+0,0,-1,-1,0x0p+0
binomial_flat,1,11,6,0x1.baa8b6d86ec18p+2,0,12,13,0x1.999999999999ap-3
binomial_flat,1,12,-1,0x0p+0,0,-1,-1,0x0p+0
binomial_flat,1,13,-1,0x0p+0,0,-1,-1,0x1p+0
binomial_flat,1,14,0,0x1.c542bf9830e3dp+2,1,15,16,0x1p-1
binomial_flat,1,15,-1,0x0p+0,0,-1,-1,0x0p+0
binomial_flat,1,16,-1,0x0p+0,0,-1,-1,0x1p+0
binomial_flat,1,17,8,0x1.5d897a67a52acp+2,0,18,21,0x1.0d79435e50d79p-1
binomial_flat,1,18,5,0x1.096222d5171e2p+3,1,19,20,0x1.2492492492492p-3
binomial_flat,1,19,-1,0x0p+0,0,-1,-1,0x0p+0
binomial_flat,1,20,-1,0x0p+0,0,-1,-1,0x1p+0
binomial_flat,1,21,17,0x1.464b03e20ccffp+5,0,22,27,0x1.8p-1
binomial_flat,1,22,6,0x1.a3ea37ac3eb7cp+2,1,23,24,0x1p-1
binomial_flat,1,23,-1,0x0p+0,0,-1,-1,0x0p+0
binomial_flat,1,24,13,0x1.e9bd712a0ec74p+5,1,25,26,0x1.8p-1
binomial_flat,1,25,-1,0x0p+0,0,-1,-1,0x0p+0
binomial_flat,1,26,-1,0x0p+0,0,-1,-1,0x1p+0
binomial_flat,1,27,-1,0x0p+0,0,-1,-1,0x1p+0
binomial_flat,1,28,-1,0x0p+0,0,-1,-1,0x1p+0
binomial_flat,2,0,8,0x1.7fe71cda2b5a2p+1,0,1,24,0x1.4p-2
binomial_flat,2,1,12,0x1.58ab7110e453dp+6,1,2,19,0x1.f07c1f07c1f08p-3
binomial_flat,2,2,14,0x1.fc4487fcb923ap+5,0,3,4,0x1.674c59d31674cp-3
binomial_flat,2,3,-1,0x0p+0,0,-1,-1,0x0p+0
binomial_flat,2,4,3,0x1.f8b9628cbd124p+2,1,5,18,0x1.2d2d2d2d2d2d3p-2
binomial_flat,2,5,5,0x1.7aad7b634dad4p+2,1,6,7,0x1.ce739ce739ce7p-3
binomial_flat,2,6,-1,0x0p+0,0,-1,-1,0x0p+0
binomial_flat,2,7,6,0x1.702eab7995ee1p+2,0,8,13,0x1.5555555555555p-2
binomial_flat,2,8,20,0x1.6c1af8df7a4e8p+3,0,9,10,0x1.2492492492492p-3
binomial_flat,2,9,-1,0x0p+0,0,-1,-1,0x0p+0
binomial_flat,2,10,7,0x1.256a91d9b1b7ap+2,1,11,12,0x1.5555555555555p-1
binomial_flat,2,11,-1,0x0p+0,0,-1,-1,0x0p+0
binomial_flat,2,12,-1,0x0p+0,0,-1,-1,0x1p+0
binomial_flat,2,13,17,0x1.a68f8f041461cp+4,1,14,17,0x1.6db6db6db6db7p-1
binomial_flat,2,14,1,0x1.e6d54fbdad752p+2,1,15,16,0x1.5555555555555p-2
binomial_flat,2,15,-1,0x0p+0,0,-1,-1,0x0p+0
binomial_flat,2,16,-1,0x0p+0,0,-1,-1,0x1p+0
binomial_flat,2,17,-1,0x0p+0,0,-1,-1,0x1p+0
binomial_flat,2,18,-1,0x0p+0,0,-1,-1,0x1p+0
binomial_flat,2,19,7,0x1.91248301a79fep+2,0,20,23,0x1.5555555555555p-1
binomial_flat,2,20,4,0x1.0e863065f9592p+3,0,21,22,0x1p-2
binomial_flat,2,21,-1,0x0p+0,0,-1,-1,0x0p+0
binomial_flat,2,22,-1,0x0p+0,0,-1,-1,0x1p+0
binomial_flat,2,23,-1,0x0p+0,0,-1,-1,0x1p+0
binomial_flat,2,24,8,0x1.424395810624ep+1,1,25,26,0x1.4924924924925p-1
binomial_flat,2,25,-1,0x0p+0,0,-1,-1,0x0p+0
binomial_flat,2,26,-1,0x0p+0,0,-1,-1,0x1p+0
binomial_counts,0,0,1,0x1.ae86c43f5f916p+2,1,1,2,0x1.4cccccccccccdp-2
binomial_counts,0,1,-1,0x0p+0,0,-1,-1,0x0p+0
binomial_counts,0,2,14,0x1.933c2a8869c67p+5,0,3,14,0x1.a69a69a69a69ap-2
binomial_counts,0,3,15,0x1.e8d3c0c1fc8f3p+5,0,4,9,0x1p-2
binomial_counts,0,4,1,0x1.276f31b152f3cp+3,1,5,6,0x1.4p-3
binomial_counts,0,5,-1,0x0p+0,0,-1,-1,0x0p+0
binomial_counts,0,6,5,0x1.f4fbfa4c61d86p+2,0,7,8,0x1.1c71c71c71c72p-1
binomial_counts,0,7,-1,0x0p+0,0,-1,-1,0x0p+0
binomial_counts,0,8,-1,0x0p+0,0,-1,-1,0x1p+0
binomial_counts,0,9,11,0x1.024243137b07p+6,1,10,11,0x1p-1
binomial_counts,0,10,-1,0x0p+0,0,-1,-1,0x0p+0
binomial_counts,0,11,2,0x1.1ad91361dc93ep+3,0,12,13,0x1.b6db6db6db6dbp-1
binomial_counts,0,12,-1,0x0p+0,0,-1,-1,0x1p-1
binomial_counts,0,13,-1,0x0p+0,0,-1,-1,0x1p+0
binomial_counts,0,14,7,0x1.e90b2c83ec893p+1,1,15,16,0x1.9435e50d79436p-1
binomial_counts,0,15,-1,0x0p+0,0,-1,-1,0x0p+0
binomial_counts,0,16,9,0x1.cd837f7be121fp+1,0,17,18,0x1.ep-1
binomial_counts,0,17,-1,0x0p+0,0,-1,-1,0x1.5555555555555p-1
binomial_counts,0,18,-1,0x0p+0,0,-1,-1,0x1p+0
binomial_counts,1,0,20,0x1.15a98f605ab3bp+5,1,1,20,0x1.199999999999ap-2
binomial_counts,1,1,4,0x1.f085f8d2e514cp+2,0,2,5,0x1.f959c427e5671p-3
binomial_counts,1,2,0,0x1.ea5ad7518b0d1p+2,0,3,4,0x1.3b13b13b13b14p-5
binomial_counts,1,3,-1,0x0p+0,0,-1,-1,0x0p+0
binomial_counts,1,4,-1,0x0p+0,0,-1,-1,0x1p-1
binomial_counts,1,5,12,0x1.fcfcd29131ec1p+5,1,6,15,0x1.6969696969697p-2
binomial_counts,1,6,4,0x1.e61d4306e5cd5p+2,1,7,14,0x1.2d2d2d2d2d2d3p-3
binomial_counts,1,7,2,0x1.c455c0fcb4f1ep+2,1,8,9,0x1.8p-4
binomial_counts,1,8,-1,0x0p+0,0,-1,-1,0x0p+0
binomial_counts,1,9,7,0x1.10509e12a51e4p+2,0,10,13,0x1.8p-3
binomial_counts,1,10,15,0x1.1bc86db50f40ep+5,0,11,12,0x1.3b13b13b13b14p-4
binomial_counts,1,11,-1,0x0p+0,0,-1,-1,0x0p+0
binomial_counts,1,12,-1,0x0p+0,0,-1,-1,0x1p-2
binomial_counts,1,13,-1,0x0p+0,0,-1,-1,0x1.5555555555555p-1
binomial_counts,1,14,-1,0x0p+0,0,-1,-1,0x1p+0
binomial_counts,1,15,9,0x1.53a31a4bdba0ap+1,1,16,17,0x1.8787878787878p-1
binomial_counts,1,16,-1,0x0p+0,0,-1,-1,0x0p+0
binomial_counts,1,17,2,0x1.19439ffd60e95p+3,0,18,19,0x1.db6db6db6db6ep-1
binomial_counts,1,18,-1,0x0p+0,0,-1,-1,0x1p-1
binomial_counts,1,19,-1,0x0p+0,0,-1,-1,0x1p+0
binomial_counts,1,20,-1,0x0p+0,0,-1,-1,0x1p+0
binomial_counts,2,0,15,0x1.242e939eadd59p+6,0,1,2,0x1.199999999999ap-2
binomial_counts,2,1,-1,0x0p+0,0,-1,-1,0x0p+0
binomial_counts,2,2,9,0x1.95d72bcb5fe54p+1,1,3,8,0x1.6b5ad6b5ad6b6p-2
binomial_counts,2,3,6,0x1.42ef240fa9c12p+2,1,4,5,0x1.642c8590b2164p-4
binomial_counts,2,4,-1,0x0p+0,0,-1,-1,0x0p+0
binomial_counts,2,5,14,0x1.5b2ed6777079ep+5,0,6,7,0x1.5555555555555p-2
binomial_counts,2,6,-1,0x0p+0,0,-1,-1,0x0p+0
binomial_counts,2,7,-1,0x0p+0,0,-1,-1,0x1p+0
binomial_counts,2,8,2,0x1.0e8d4ed2cbea5p+3,0,9,12,0x1.069069069069p-1
binomial_counts,2,9,16,0x1.aadcdc443915p+5,1,10,11,0x1p-2
binomial_counts,2,10,-1,0x0p+0,0,-1,-1,0x0p+0
binomial_counts,2,11,-1,0x0p+0,0,-1,-1,0x1p+0
binomial_counts,2,12,0,0x1.128b1cc964628p+3,0,13,18,0x1.9435e50d79436p-1
binomial_counts,2,13,18,0x1.59ddaa4fca42bp+4,1,14,15,0x1.b6db6db6db6dbp-2
binomial_counts,2,14,-1,0x0p+0,0,-1,-1,0x0p+0
binomial_counts,2,15,7,0x1.7cbd556084a51p+2,0,16,17,0x1.3333333333333p-1
binomial_counts,2,16,-1,0x0p+0,0,-1,-1,0x1.5555555555555p-2
binomial_counts,2,17,-1,0x0p+0,0,-1,-1,0x1p+0
binomial_counts,2,18,-1,0x0p+0,0,-1,-1,0x1p+0
binomial_balance,0,0,0,0x1.0a9d69d30270fp+3,1,1,12,0x1p-1
binomial_balance,0,1,9,0x1.a4a5b530ced4ep+0,0,2,11,0x1.b6db6db6db6dbp-3
binomial_balance,0,2,1,0x1.2434c2b51bd62p+3,1,3,10,0x1.7b425ed097b42p-3
binomial_balance,0,3,16,0x1.46272799a1fd1p+5,1,4,5,0x1.eb851eb851eb8p-4
binomial_balance,0,4,-1,0x0p+0,0,-1,-1,0x0p+0
binomial_balance,0,5,3,0x1.c176f8f041462p+2,0,6,7,0x1.1745d1745d174p-2
binomial_balance,0,6,-1,0x0p+0,0,-1,-1,0x0p+0
binomial_balance,0,7,14,0x1.7c61e57d9dba9p+5,1,8,9,0x1p-1
binomial_balance,0,8,-1,0x0p+0,0,-1,-1,0x0p+0
binomial_balance,0,9,-1,0x0p+0,0,-1,-1,0x1p+0
binomial_balance,0,10,-1,0x0p+0,0,-1,-1,0x1p+0
binomial_balance,0,11,-1,0x0p+0,0,-1,-1,0x1p+0
binomial_balance,0,12,14,0x1.1e23f52fc2657p+6,0,13,16,0x1.9d89d89d89d8ap-1
binomial_balance,0,13,4,0x1.c8b76d549731p+2,0,14,15,0x1.5555555555555p-3
binomial_balance,0,14,-1,0x0p+0,0,-1,-1,0x0p+0
binomial_balance,0,15,-1,0x0p+0,0,-1,-1,0x1p+0
binomial_balance,0,16,-1,0x0p+0,0,-1,-1,0x1p+0
binomial_balance,1,0,0,0x1.8acf0d844d014p+2,1,1,2,0x1p-1
binomial_balance,1,1,-1,0x0p+0,0,-1,-1,0x0p+0
binomial_balance,1,2,3,0x1.c65fe542e557ep+2,0,3,18,0x1.2c8590b21642dp-1
binomial_balance,1,3,2,0x1.03a30caa326e2p+3,1,4,5,0x1.7b425ed097b42p-2
binomial_balance,1,4,-1,0x0p+0,0,-1,-1,0x0p+0
binomial_balance,1,5,4,0x1.f085f8d2e514cp+2,0,6,15,0x1.0d79435e50d79p-1
binomial_balance,1,6,19,0x1.863ba908a265fp+4,1,7,8,0x1.745d1745d1746p-2
binomial_balance,1,7,-1,0x0p+0,0,-1,-1,0x0p+0
binomial_balance,1,8,21,0x1.28fcc857f3062p+4,0,9,14,0x1.2492492492492p-1
binomial_balance,1,9,9,0x1.5394e1a3f4666p+2,1,10,11,0x1.999999999999ap-2
binomial_balance,1,10,-1,0x0p+0,0,-1,-1,0x0p+0
binomial_balance,1,11,9,0x1.64d5e8d5410f9p+2,0,12,13,0x1.5555555555555p-1
binomial_balance,1,12,-1,0x0p+0,0,-1,-1,0x0p+0
binomial_balance,1,13,-1,0x0p+0,0,-1,-1,0x1p+0
binomial_balance,1,14,-1,0x0p+0,0,-1,-1,0x1p+0
binomial_balance,1,15,2,0x1.205899bf5946cp+3,0,16,17,0x1.8p-1
binomial_balance,1,16,-1,0x0p+0,0,-1,-1,0x0p+0
binomial_balance,1,17,-1,0x0p+0,0,-1,-1,0x1p+0
binomial_balance,1,18,9,0x1.de159c4977426p+1,0,19,20,0x1.ca1af286bca1bp-1
binomial_balance,1,19,-1,0x0p+0,0,-1,-1,0x0p+0
binomial_balance,1,20,17,0x1.131ccc0379314p+4,1,21,24,0x1.e38e38e38e38ep-1
binomial_balance,1,21,11,0x1.518798d8a979ep+5,0,22,23,0x1p-1
binomial_balance,1,22,-1,0x0p+0,0,-1,-1,0x0p+0
binomial_balance,1,23,-1,0x0p+0,0,-1,-1,0x1p+0
binomial_balance,1,24,-1,0x0p+0,0,-1,-1,0x1p+0
binomial_balance,2,0,12,0x1.6a0484944ed7p+5,1,1,2,0x1p-1
binomial_balance,2,1,-1,0x0p+0,0,-1,-1,0x0p+0
binomial_balance,2,2,4,0x1.0203dff3f0fep+3,0,3,4,0x1.599999999999ap-1
binomial_balance,2,3,-1,0x0p+0,0,-1,-1,0x0p+0
binomial_balance,2,4,20,0x1.1642a23bff8a9p+2,1,5,6,0x1.bdef7bdef7bdfp-1
binomial_balance,2,5,-1,0x0p+0,0,-1,-1,0x0p+0
binomial_balance,2,6,21,0x1.e555629d8409ep+4,0,7,8,0x1.ccccccccccccdp-1
binomial_balance,2,7,-1,0x0p+0,0,-1,-1,0x0p+0
binomial_balance,2,8,9,0x1.8a64b2314013fp+1,1,9,12,0x1.dcb08d3dcb08dp-1
binomial_balance,2,9,10,0x1.0528d434a01acp+1,0,10,11,0x1.999999999999ap-1
binomial_balance,2,10,-1,0x0p+0,0,-1,-1,0x0p+0
binomial_balance,2,11,-1,0x0p+0,0,-1,-1,0x1p+0
binomial_balance,2,12,-1,0x0p+0,0,-1,-1,0x1p+0
binomial_bagged,0,0,1,0x1.e31fc08fa7a85p+2,1,1,6,0x1.599999999999ap-2
binomial_bagged,0,1,10,0x1.4578811b1d92cp+0,0,2,3,0x1.b6db6db6db6dbp-4
binomial_bagged,0,2,-1,0x0p+0,0,-1,-1,0x0p+0
binomial_bagged,0,3,0,0x1.95178b3700475p+2,1,4,5,0x1p-1
binomial_bagged,0,4,-1,0x0p+0,0,-1,-1,0x0p+0
binomial_bagged,0,5,-1,0x0p+0,0,-1,-1,0x1p+0
binomial_bagged,0,6,9,0x1.2c22403148776p+2,0,7,8,0x1.d89d89d89d89ep-2
binomial_bagged,0,7,-1,0x0p+0,0,-1,-1,0x0p+0
binomial_bagged,0,8,0,0x1.0e75935fc3b5p+3,1,9,14,0x1.4c1bacf914c1cp-1
binomial_bagged,0,9,7,0x1.302ef911cf356p+2,0,10,11,0x1.b6db6db6db6dbp-2
binomial_bagged,0,10,-1,0x0p+0,0,-1,-1,0x0p+0
binomial_bagged,0,11,7,0x1.ea40aaeafab54p+1,1,12,13,0x1.8p-1
binomial_bagged,0,12,-1,0x0p+0,0,-1,-1,0x0p+0
binomial_bagged,0,13,-1,0x0p+0,0,-1,-1,0x1p+0
binomial_bagged,0,14,6,0x1.dc1eeaa6d2674p+2,0,15,18,0x1.ep-1
binomial_bagged,0,15,0,0x1.22ef19934efccp+3,1,16,17,0x1p-1
binomial_bagged,0,16,-1,0x0p+0,0,-1,-1,0x0p+0
binomial_bagged,0,17,-1,0x0p+0,0,-1,-1,0x1p+0
binomial_bagged,0,18,-1,0x0p+0,0,-1,-1,0x1p+0
binomial_bagged,1,0,1,0x1.d9c3eb7cbb3c8p+2,1,1,2,0x1.199999999999ap-2
binomial_bagged,1,1,-1,0x0p+0,0,-1,-1,0x0p+0
binomial_bagged,1,2,4,0x1.e50909289daep+2,0,3,12,0x1.8b3a62ce98b3ap-2
binomial_bagged,1,3,10,0x1.75359bc33f855p+2,1,4,11,0x1.e1e1e1e1e1e1ep-4
binomial_bagged,1,4,8,0x1.a07e7c06e19b9p+2,1,5,10,0x1p-4
binomial_bagged,1,5,1,0x1.4080218def417p+3,1,6,7,0x1.0842108421084p-5
binomial_bagged,1,6,-1,0x0p+0,0,-1,-1,0x0p+0
binomial_bagged,1,7,0,0x1.3d132617c1bdap+3,0,8,9,0x1p-2
binomial_bagged,1,8,-1,0x0p+0,0,-1,-1,0x0p+0
binomial_bagged,1,9,-1,0x0p+0,0,-1,-1,0x1p+0
binomial_bagged,1,10,-1,0x0p+0,0,-1,-1,0x1p+0
binomial_bagged,1,11,-1,0x0p+0,0,-1,-1,0x1p+0
binomial_bagged,1,12,8,0x1.4013be22e5de1p+2,0,13,16,0x1.90b21642c8591p-1
binomial_bagged,1,13,0,0x1.095bc87db2b34p+3,1,14,15,0x1p-2
binomial_bagged,1,14,-1,0x0p+0,0,-1,-1,0x0p+0
binomial_bagged,1,15,-1,0x0p+0,0,-1,-1,0x1p+0
binomial_bagged,1,16,10,0x1.858958d9b5e96p+1,0,17,20,0x1.ca1af286bca1bp-1
binomial_bagged,1,17,0,0x1.139d377e1b8eep+3,0,18,19,0x1p-1
binomial_bagged,1,18,-1,0x0p+0,0,-1,-1,0x0p+0
binomial_bagged,1,19,-1,0x0p+0,0,-1,-1,0x1p+0
binomial_bagged,1,20,3,0x1.baed938151a43p+2,1,21,24,0x1.e1e1e1e1e1e1ep-1
binomial_bagged,1,21,0,0x1.e00b502ababebp+2,0,22,23,0x1.8p-1
binomial_bagged,1,22,-1,0x0p+0,0,-1,-1,0x0p+0
binomial_bagged,1,23,-1,0x0p+0,0,-1,-1,0x1p+0
binomial_bagged,1,24,-1,0x0p+0,0,-1,-1,0x1p+0
binomial_bagged,2,0,0,0x1.10f9e9d0e992p+3,1,1,16,0x1.4cccccccccccdp-2
binomial_bagged,2,1,8,0x1.711c3efae7924p+1,0,2,13,0x1.4f2094f2094f2p-3
binomial_bagged,2,2,1,0x1.2daaee2003ab8p+3,1,3,12,0x1.642c8590b2164p-4
binomial_bagged,2,3,6,0x1.3cc74d9c6b053p+2,0,4,9,0x1.1111111111111p-4
binomial_bagged,2,4,10,0x1.266c84f8f8a4cp+2,1,5,6,0x1.a41a41a41a41ap-6
binomial_bagged,2,5,-1,0x0p+0,0,-1,-1,0x0p+0
binomial_bagged,2,6,0,0x1.f77ef5a964e8cp+2,0,7,8,0x1p-2
binomial_bagged,2,7,-1,0x0p+0,0,-1,-1,0x0p+0
binomial_bagged,2,8,-1,0x0p+0,0,-1,-1,0x1p+0
binomial_bagged,2,9,0,0x1.c92b841248d7ep+2,1,10,11,0x1.5555555555555p-2
binomial_bagged,2,10,-1,0x0p+0,0,-1,-1,0x0p+0
binomial_bagged,2,11,-1,0x0p+0,0,-1,-1,0x1p+0
binomial_bagged,2,12,-1,0x0p+0,0,-1,-1,0x1p+0
binomial_bagged,2,13,1,0x1.9d48ffb8b263ap+2,1,14,15,0x1.1c71c71c71c72p-1
binomial_bagged,2,14,-1,0x0p+0,0,-1,-1,0x0p+0
binomial_bagged,2,15,-1,0x0p+0,0,-1,-1,0x1p+0
binomial_bagged,2,16,10,0x1.feb324851a869p+1,0,17,22,0x1.5c28f5c28f5c3p-1
binomial_bagged,2,17,1,0x1.250cd63cb8173p+3,1,18,19,0x1.3333333333333p-2
binomial_bagged,2,18,-1,0x0p+0,0,-1,-1,0x0p+0
binomial_bagged,2,19,0,0x1.53f05100a393fp+3,0,20,21,0x1.8p-1
binomial_bagged,2,20,-1,0x0p+0,0,-1,-1,0x0p+0
binomial_bagged,2,21,-1,0x0p+0,0,-1,-1,0x1p+0
binomial_bagged,2,22,5,0x1.5ee48a58b3f64p+2,1,23,24,0x1.ddddddddddddep-1
binomial_bagged,2,23,-1,0x0p+0,0,-1,-1,0x0p+0
binomial_bagged,2,24,-1,0x0p+0,0,-1,-1,0x1p+0
gaussian_flat,0,0,1,0x1.ec789613d31bap+2,1,1,12,0x1.e445a3783fac3p-5
gaussian_flat,0,1,1,0x1.882c3009b3072p+2,1,2,3,-0x1.224b9313d0463p-1
gaussian_flat,0,2,-1,0x0p+0,0,-1,-1,-0x1.9c8fcfec3bfdep+0
gaussian_flat,0,3,3,0x1.ed00841ede11ap+2,0,4,5,-0x1.9d74e22a2c237p-2
gaussian_flat,0,4,-1,0x0p+0,0,-1,-1,-0x1.1159dba908a26p+0
gaussian_flat,0,5,13,0x1.c3cf40e5a35d6p+5,1,6,9,-0x1.759d66adb402fp-3
gaussian_flat,0,6,11,0x1.76550b524399cp+5,0,7,8,-0x1.0338457f97a06p-1
gaussian_flat,0,7,-1,0x0p+0,0,-1,-1,-0x1.033ecf903d412p+0
gaussian_flat,0,8,-1,0x0p+0,0,-1,-1,-0x1.27e6a0d216f61p-4
gaussian_flat,0,9,18,0x1.ddcf26aec0725p+4,1,10,11,0x1.9a3e39f77292dp-3
gaussian_flat,0,10,-1,0x0p+0,0,-1,-1,-0x1.bf07d646817dp-4
gaussian_flat,0,11,-1,0x0p+0,0,-1,-1,0x1.24b0333912705p-1
gaussian_flat,0,12,6,0x1.b57ec3547e06ap+2,0,13,18,0x1.32197fb3de567p-1
gaussian_flat,0,13,9,0x1.1e1ec2ce46499p+2,0,14,17,0x1.0e1df9b651bf9p-5
gaussian_flat,0,14,10,0x1.108f0e90bc7b4p+2,1,15,16,-0x1.0c8d5c74751cfp-2
gaussian_flat,0,15,-1,0x0p+0,0,-1,-1,-0x1.8f9f87f023e9ep-1
gaussian_flat,0,16,-1,0x0p+0,0,-1,-1,0x1.ba0f6a3daa296p-4
gaussian_flat,0,17,-1,0x0p+0,0,-1,-1,0x1.3f32fb46a470ep-1
gaussian_flat,0,18,0,0x1.1109e44fa0514p+3,1,19,22,0x1.012b03b9c8e42p+0
gaussian_flat,0,19,20,0x1.3e9650a45d42p+2,0,20,21,0x1.89820e6299526p-1
gaussian_flat,0,20,-1,0x0p+0,0,-1,-1,0x1.0755c08566f49p-1
gaussian_flat,0,21,-1,0x0p+0,0,-1,-1,0x1.186fcb88a3e56p+0
gaussian_flat,0,22,-1,0x0p+0,0,-1,-1,0x1.6c921a01c2304p+0
gaussian_flat,1,0,2,0x1.92bff04577d95p+2,1,1,4,-0x1.9abfd496c5aaap-7
gaussian_flat,1,1,2,0x1.8c4b9884c6a3cp+2,1,2,3,-0x1.61efc0ed9b795p+0
gaussian_flat,1,2,-1,0x0p+0,0,-1,-1,-0x1.fa344a8a67cd6p+0
gaussian_flat,1,3,-1,0x0p+0,0,-1,-1,-0x1.93566ea19e4aep-1
gaussian_flat,1,4,1,0x1.13f8eb0318b94p+3,1,5,20,0x1.7728df971147ep-3
gaussian_flat,1,5,17,0x1.d17b95a294142p+4,0,6,17,-0x1.8006a33249a93p-3
gaussian_flat,1,6,17,0x1.dfd897a67a52ap+4,1,7,8,-0x1.0fd130684ddf1p-1
gaussian_flat,1,7,-1,0x0p+0,0,-1,-1,-0x1.840230d69efc6p+0
gaussian_flat,1,8,6,0x1.864d530489d28p+2,0,9,14,-0x1.2c3a375fe1363p-2
gaussian_flat,1,9,2,0x1.075e8709741dp+3,1,10,13,-0x1.35179d510b74bp-1
gaussian_flat,1,10,7,0x1.62bd2fa0d77b8p+2,0,11,12,-0x1.f0742753dad44p-1
gaussian_flat,1,11,-1,0x0p+0,0,-1,-1,-0x1.7522607d1859ap+0
gaussian_flat,1,12,-1,0x0p+0,0,-1,-1,-0x1.204651f3e89a9p-1
gaussian_flat,1,13,-1,0x0p+0,0,-1,-1,-0x1.9bc2fc69728a6p-4
gaussian_flat,1,14,18,0x1.6ea3c64345cffp+4,0,15,16,0x1.2fe41b9deb37fp-2
gaussian_flat,1,15,-1,0x0p+0,0,-1,-1,0x1.b677051a1b343p-3
gaussian_flat,1,16,-1,0x0p+0,0,-1,-1,0x1.848cb4aec8d5dp-2
gaussian_flat,1,17,6,0x1.2b068fd199bb2p+2,0,18,19,0x1.6413fd0d0678ep-1
gaussian_flat,1,18,-1,0x0p+0,0,-1,-1,0x1.97a2b0f901f6ep-2
gaussian_flat,1,19,-1,0x0p+0,0,-1,-1,0x1.3b12c5d561c6dp+0
gaussian_flat,1,20,18,0x1.c9bab0856e696p+4,0,21,24,0x1.1c23f4d1ce945p+0
gaussian_flat,1,21,13,0x1.294a6edaa92e6p+6,0,22,23,0x1.900de72aa22d9p-1
gaussian_flat,1,22,-1,0x0p+0,0,-1,-1,0x1.f0da740da740cp-2
gaussian_flat,1,23,-1,0x0p+0,0,-1,-1,0x1.507df5cf2495ep+0
gaussian_flat,1,24,-1,0x0p+0,0,-1,-1,0x1.e067a25ef363dp+0
gaussian_flat,2,0,2,0x1.75ddaad601ffbp+2,1,1,2,-0x1.de16ee590e8f2p-3
gaussian_flat,2,1,-1,0x0p+0,0,-1,-1,-0x1.699d2391d57ffp+1
gaussian_flat,2,2,7,0x1.32f496aad1d04p+2,0,3,18,-0x1.f0f6946315957p-5
gaussian_flat,2,3,2,0x1.19619b90ea9e7p+3,1,4,13,-0x1.5bcd2ff23aa4bp-2
gaussian_flat,2,4,3,0x1.14e5929670197p+3,0,5,6,-0x1.972dd2e3c7873p-1
gaussian_flat,2,5,-1,0x0p+0,0,-1,-1,-0x1.76967caea747ep+0
gaussian_flat,2,6,12,0x1.8fedba4d6e47ep+5,1,7,8,-0x1.14e5012f63535p-1
gaussian_flat,2,7,-1,0x0p+0,0,-1,-1,-0x1.e7ee807bbb625p+0
gaussian_flat,2,8,13,0x1.fef6d43d03969p+5,0,9,10,-0x1.d3bc0a06e9fecp-4
gaussian_flat,2,9,-1,0x0p+0,0,-1,-1,-0x1.7806290eed02dp-1
gaussian_flat,2,10,0,0x1.06ab93ccd0fe9p+3,1,11,12,0x1.082293a8bed09p-2
gaussian_flat,2,11,-1,0x0p+0,0,-1,-1,-0x1.a84cd59ba867ap-3
gaussian_flat,2,12,-1,0x0p+0,0,-1,-1,0x1.7235c90fa8ea8p-1
gaussian_flat,2,13,1,0x1.21a5e4606748ep+3,1,14,15,0x1.93df7173b0e9ap-2
gaussian_flat,2,14,-1,0x0p+0,0,-1,-1,-0x1.f0fb523a036e6p-4
gaussian_flat,2,15,10,0x1.3b4fc829cfdd2p+2,1,16,17,0x1.71f95aa345621p-1
gaussian_flat,2,16,-1,0x0p+0,0,-1,-1,0x1.0aaa02e4fe639p-1
gaussian_flat,2,17,-1,0x0p+0,0,-1,-1,0x1.edf22a5467606p-1
gaussian_flat,2,18,12,0x1.bd9267839cd81p+5,1,19,22,0x1.a16a6ecc47c81p-2
gaussian_flat,2,19,0,0x1.827950b955f78p+2,0,20,21,-0x1.8b46cb966be7dp-2
gaussian_flat,2,20,-1,0x0p+0,0,-1,-1,-0x1.b5ed5786cf928p-1
gaussian_flat,2,21,-1,0x0p+0,0,-1,-1,-0x1.a00ddb2eccbaap-5
gaussian_flat,2,22,7,0x1.2319b0ab2e169p+2,1,23,26,0x1.00bbd6a593a2ep+0
gaussian_flat,2,23,17,0x1.848cfb762d83cp+4,0,24,25,0x1.5a85b86250dfep-1
gaussian_flat,2,24,-1,0x0p+0,0,-1,-1,0x1.239614a9db304p-1
gaussian_flat,2,25,-1,0x0p+0,0,-1,-1,0x1.884d6b7c08478p-1
gaussian_flat,2,26,-1,0x0p+0,0,-1,-1,0x1.b85f973f4c463p+0
gaussian_counts,0,0,2,0x1.769ac36544fe4p+2,1,1,2,0x1.39c0ac2d1a14bp-4
gaussian_counts,0,1,-1,0x0p+0,0,-1,-1,-0x1.0549a34ca0c28p+1
gaussian_counts,0,2,1,0x1.128abb44e50c6p+3,1,3,32,0x1.812a2780b00dp-3
gaussian_counts,0,3,6,0x1.59cf50a02b841p+2,0,4,23,-0x1.510dcdef23987p-4
gaussian_counts,0,4,7,0x1.f84f8f8a4c1ecp+1,0,5,22,-0x1.febe7e075955fp-2
gaussian_counts,0,5,10,0x1.1b692d55a3a08p+2,1,6,19,-0x1.43a66172461cep-1
gaussian_counts,0,6,0,0x1.040a84be40421p+3,0,7,12,-0x1.82b5404f02072p-1
gaussian_counts,0,7,10,0x1.0faf251c193b4p+2,1,8,11,-0x1.352c9b9089018p+0
gaussian_counts,0,8,9,0x1.1f06b37867f0ap+2,1,9,10,-0x1.62c13b9f127f5p+0
gaussian_counts,0,9,-1,0x0p+0,0,-1,-1,-0x1.ab11dbca9691ap+0
gaussian_counts,0,10,-1,0x0p+0,0,-1,-1,-0x1.1a709b738e6d2p+0
gaussian_counts,0,11,-1,0x0p+0,0,-1,-1,-0x1.77408c28df63fp-1
gaussian_counts,0,12,14,0x1.f4785ad538ac2p+5,0,13,16,-0x1.5cbde6c7916b4p-2
gaussian_counts,0,13,2,0x1.eb68ccdd93c48p+2,0,14,15,-0x1.59d67072e80d5p-1
gaussian_counts,0,14,-1,0x0p+0,0,-1,-1,-0x1.95e48d2487e65p-1
gaussian_counts,0,15,-1,0x0p+0,0,-1,-1,-0x1.1dc853c148345p-1
gaussian_counts,0,16,2,0x1.f4c31bde82d7bp+2,1,17,18,-0x1.73bb2a54aef5bp-8
gaussian_counts,0,17,-1,0x0p+0,0,-1,-1,-0x1.5eda3955448e8p-6
gaussian_counts,0,18,-1,0x0p+0,0,-1,-1,0x1.49f94855da27p-7
gaussian_counts,0,19,4,0x1.fd6861e92923ep+2,1,20,21,-0x1.47b581e5d7183p-3
gaussian_counts,0,20,-1,0x0p+0,0,-1,-1,-0x1.2424329d9a688p-2
gaussian_counts,0,21,-1,0x0p+0,0,-1,-1,-0x1.1c8a7a41e57dap-5
gaussian_counts,0,22,-1,0x0p+0,0,-1,-1,0x1.df48f53c579f2p-2
gaussian_counts,0,23,2,0x1.b2c6eb0b7c35p+2,1,24,27,0x1.24f5ce8b319bep-1
gaussian_counts,0,24,16,0x1.96964c729f59dp+4,1,25,26,-0x1.279277adfe1c7p-3
gaussian_counts,0,25,-1,0x0p+0,0,-1,-1,-0x1.936501e2584f6p-2
gaussian_counts,0,26,-1,0x0p+0,0,-1,-1,0x1.5772f76e6106ap-3
gaussian_counts,0,27,14,0x1.3d88737974602p+5,0,28,31,0x1.1c0ccff21b3afp+0
gaussian_counts,0,28,7,0x1.0d6fd651b0cccp+2,0,29,30,0x1.c182b4c25ba16p-1
gaussian_counts,0,29,-1,0x0p+0,0,-1,-1,0x1.5ed916872b02p-1
gaussian_counts,0,30,-1,0x0p+0,0,-1,-1,0x1.1e6b5d462c344p+0
gaussian_counts,0,31,-1,0x0p+0,0,-1,-1,0x1.cdef30a4e379cp+0
gaussian_counts,0,32,2,0x1.16da89b951c5cp+3,0,33,36,0x1.b40e75a9f7541p-1
gaussian_counts,0,33,1,0x1.26651b0ccbc06p+3,1,34,35,0x1.34d15c7e8617dp-2
gaussian_counts,0,34,-1,0x0p+0,0,-1,-1,-0x1.a22192f7bee9p-4
gaussian_counts,0,35,-1,0x0p+0,0,-1,-1,0x1.69158edd7df5p-1
gaussian_counts,0,36,1,0x1.172fb8f57f738p+3,1,37,38,0x1.4f61a3417172dp+0
gaussian_counts,0,37,-1,0x0p+0,0,-1,-1,0x1.029577cbe978p+0
gaussian_counts,0,38,-1,0x0p+0,0,-1,-1,0x1.863c9db9f725ep+0
gaussian_counts,1,0,1,0x1.bac7a17f4128cp+2,1,1,10,0x1.a252c0973463bp-6
gaussian_counts,1,1,3,0x1.7f57082491afcp+2,0,2,5,-0x1.01b0c0fd8bb1ap+0
gaussian_counts,1,2,3,0x1.95976ff3ade22p+2,0,3,4,-0x1.0755eb8784497p+1
gaussian_counts,1,3,-1,0x0p+0,0,-1,-1,-0x1.4c60eab4cd8afp+1
gaussian_counts,1,4,-1,0x0p+0,0,-1,-1,-0x1.a71b584b1ab08p+0
gaussian_counts,1,5,2,0x1.92bff04577d95p+2,1,6,7,-0x1.c36b2332fa6a7p-2
gaussian_counts,1,6,-1,0x0p+0,0,-1,-1,-0x1.dec0bafefd59fp-1
gaussian_counts,1,7,10,0x1.21e5c91d14e3cp+1,1,8,9,-0x1.1a1256067e247p-6
gaussian_counts,1,8,-1,0x0p+0,0,-1,-1,-0x1.18ac9f2fdb8fep-4
gaussian_counts,1,9,-1,0x0p+0,0,-1,-1,0x1.a36199780baa5p-5
gaussian_counts,1,10,6,0x1.69662131a8ef8p+2,0,11,34,0x1.7a72915ea94a4p-2
gaussian_counts,1,11,20,0x1.52549d7ba6698p+3,0,12,33,0x1.090308d6b1721p-3
gaussian_counts,1,12,1,0x1.271f69878316ap+3,1,13,26,0x1.dd482cabf5e34p-5
gaussian_counts,1,13,8,0x1.eee1049235f81p+1,0,14,23,-0x1.003ec3c7893aep-2
gaussian_counts,1,14,18,0x1.5f37da1ec4e72p+5,0,15,16,-0x1.02fe5ee65741p-1
gaussian_counts,1,15,-1,0x0p+0,0,-1,-1,-0x1.28a148ba83f4fp+0
gaussian_counts,1,16,11,0x1.ec52c9081c2e4p+5,0,17,22,-0x1.8047dcc6ce3e6p-2
gaussian_counts,1,17,13,0x1.3548f062d40abp+6,1,18,21,-0x1.1e23b54b7fbbfp-1
gaussian_counts,1,18,4,0x1.0c82224edf612p+3,0,19,20,-0x1.c89d0fcbe8829p-1
gaussian_counts,1,19,-1,0x0p+0,0,-1,-1,-0x1.1b99162db0841p+0
gaussian_counts,1,20,-1,0x0p+0,0,-1,-1,-0x1.75ad3a604e1e7p-1
gaussian_counts,1,21,-1,0x0p+0,0,-1,-1,0x1.861522a6f3f52p-6
gaussian_counts,1,22,-1,0x0p+0,0,-1,-1,0x1.096dd26b723eep-3
gaussian_counts,1,23,8,0x1.aeb8e4b87bdcfp+1,0,24,25,0x1.adc7fc8373bd6p-3
gaussian_counts,1,24,-1,0x0p+0,0,-1,-1,0x1.d34a57f438e5p-5
gaussian_counts,1,25,-1,0x0p+0,0,-1,-1,0x1.22012599ed7c7p-1
gaussian_counts,1,26,13,0x1.df1949e8815e4p+5,1,27,28,0x1.323f52fc2656ap-1
gaussian_counts,1,27,-1,0x0p+0,0,-1,-1,0x1.bf141205bc01ap-5
gaussian_counts,1,28,0,0x1.28a121ee67514p+3,0,29,32,0x1.8f04039abf338p-1
gaussian_counts,1,29,1,0x1.3ee311e85fd05p+3,1,30,31,0x1.54d1b8f490d78p-1
gaussian_counts,1,30,-1,0x0p+0,0,-1,-1,0x1.20d535e04508p-1
gaussian_counts,1,31,-1,0x0p+0,0,-1,-1,0x1.6ecffa7eb6bf4p-1
gaussian_counts,1,32,-1,0x0p+0,0,-1,-1,0x1.1ecd71c6a523dp+0
gaussian_counts,1,33,-1,0x0p+0,0,-1,-1,0x1.2c3a322af5771p+0
gaussian_counts,1,34,12,0x1.0da63c536d656p+6,1,35,36,0x1.3ce7bed11f736p+0
gaussian_counts,1,35,-1,0x0p+0,0,-1,-1,0x1.9737d3abe41fp-1
gaussian_counts,1,36,8,0x1.4013be22e5de1p+2,0,37,38,0x1.83b723ee1bd1ep+0
gaussian_counts,1,37,-1,0x0p+0,0,-1,-1,0x1.3452a411c2a02p+0
gaussian_counts,1,38,-1,0x0p+0,0,-1,-1,0x1.0404a72ead927p+1
gaussian_counts,2,0,4,0x1.834054ef459dap+2,1,1,8,0x1.741ed4009db48p-4
gaussian_counts,2,1,15,0x1.19f06fef7c244p+5,0,2,3,-0x1.483484d76ab57p-1
gaussian_counts,2,2,-1,0x0p+0,0,-1,-1,-0x1.b7c6a139a10b8p+0
gaussian_counts,2,3,1,0x1.8345d851654d6p+2,1,4,5,-0x1.365f464251c7bp-3
gaussian_counts,2,4,-1,0x0p+0,0,-1,-1,-0x1.27baa9b499d02p+0
gaussian_counts,2,5,1,0x1.aeb2745bf26f2p+2,1,6,7,0x1.cc6cfc829cfddp-3
gaussian_counts,2,6,-1,0x0p+0,0,-1,-1,-0x1.c1d29dc725c3bp-5
gaussian_counts,2,7,-1,0x0p+0,0,-1,-1,0x1.61ce98c67c985p-1
gaussian_counts,2,8,4,0x1.e6da5fc7e6b4p+2,0,9,22,0x1.1863e4abe6a37p-2
gaussian_counts,2,9,21,0x1.1e6560c7c0f45p+4,1,10,15,-0x1.38b05d8063bd8p-2
gaussian_counts,2,10,1,0x1.eb9ab4b72c51ap+2,0,11,14,-0x1.9044e67248ab1p-1
gaussian_counts,2,11,7,0x1.926ae9ee45c36p+2,1,12,13,-0x1.282c43cfa0049p+0
gaussian_counts,2,12,-1,0x0p+0,0,-1,-1,-0x1.81dce2355b733p+0
gaussian_counts,2,13,-1,0x0p+0,0,-1,-1,-0x1.c9cf9a06a6e33p-1
gaussian_counts,2,14,-1,0x0p+0,0,-1,-1,-0x1.06b93ccd0fe8ap-2
gaussian_counts,2,15,1,0x1.31e62bae03b3fp+3,1,16,21,0x1.13446169654ffp-3
gaussian_counts,2,16,0,0x1.00c34e3369b9ep+3,1,17,18,-0x1.934846c0aeb1ap-12
gaussian_counts,2,17,-1,0x0p+0,0,-1,-1,-0x1.b200511702338p-5
gaussian_counts,2,18,3,0x1.199e69ad42c3dp+3,1,19,20,0x1.6affcd11b4d82p-6
gaussian_counts,2,19,-1,0x0p+0,0,-1,-1,0x1.0db8bac710cb2p-6
gaussian_counts,2,20,-1,0x0p+0,0,-1,-1,0x1.e75e901fe4e97p-6
gaussian_counts,2,21,-1,0x0p+0,0,-1,-1,0x1.2adcc7a4fe0a1p-1
gaussian_counts,2,22,10,0x1.aff98b71b8aap+0,1,23,24,0x1.4a48d998a8b26p-1
gaussian_counts,2,23,-1,0x0p+0,0,-1,-1,-0x1.86006d0d4994bp-1
gaussian_counts,2,24,10,0x1.46079e59f2baap+1,0,25,34,0x1.864ef4d1278dap-1
gaussian_counts,2,25,5,0x1.c3d759ee88df4p+2,1,26,31,0x1.36eea5595b836p-2
gaussian_counts,2,26,3,0x1.0828e4fb97bb7p+3,1,27,30,0x1.f03a2d016e31ap-6
gaussian_counts,2,27,1,0x1.f3fef177a7009p+2,1,28,29,-0x1.e949b2d17903ep-3
gaussian_counts,2,28,-1,0x0p+0,0,-1,-1,-0x1.1111276fb091fp-1
gaussian_counts,2,29,-1,0x0p+0,0,-1,-1,0x1.c6c4e06f41008p-5
gaussian_counts,2,30,-1,0x0p+0,0,-1,-1,0x1.daeff5c6c11ap-1
gaussian_counts,2,31,21,0x1.9032b12d3415bp+3,1,32,33,0x1.cab5eac162c4bp-1
gaussian_counts,2,32,-1,0x0p+0,0,-1,-1,0x1.400de4c51116bp-1
gaussian_counts,2,33,-1,0x0p+0,0,-1,-1,0x1.2aaef85eda395p+0
gaussian_counts,2,34,21,0x1.0a81eabbcb1cdp+2,1,35,36,0x1.4663be6de6e5ep+0
gaussian_counts,2,35,-1,0x0p+0,0,-1,-1,0x1.28a569b17481bp-1
gaussian_counts,2,36,3,0x1.a4d25edd05293p+2,0,37,42,0x1.6c8bf75702c01p+0
gaussian_counts,2,37,7,0x1.2fea8112ba16ep+2,0,38,39,0x1.4ca606c9f7911p+0
gaussian_counts,2,38,-1,0x0p+0,0,-1,-1,0x1.2898a222d5172p+0
gaussian_counts,2,39,1,0x1.1093d102bc72ep+3,1,40,41,0x1.5a2b0c88a47edp+0
gaussian_counts,2,40,-1,0x0p+0,0,-1,-1,0x1.49cffeb074a77p+0
gaussian_counts,2,41,-1,0x0p+0,0,-1,-1,0x1.63fb480a5accdp+0
gaussian_counts,2,42,-1,0x0p+0,0,-1,-1,0x1.e181beb18116fp+0
