node,sigma2,range,log_weight,b0,b1,b2,c001,c002,c003,c004,c005,c006,c007,c008,c009,c010,c011,c012,c013,c014,c015,c016,c017,c018,c019,c020,c021,c022,c023,c024,c025,c026,c027,c028,c029,c030,c031,c032,c033,c034,c035,c036,tolerance,weight_tolerance
1,0.05,0.117017365966036,-6.86631017175131,0.161029367851162,0.995334899391462,0.000285545171739071,0.0254071820799828,-0.0815298878651531,-0.0556833943963737,0.0845190087351249,0.0472370791798054,0.00813007800004503,0.171718115648699,0.0597013638017383,0.0913887548624106,0.00735167978202526,-0.0478452229789061,-0.0338380352870173,-0.0847544391139421,0.0288012251224625,-0.00896994481205925,0.0262271119316456,-0.000827035072695067,-0.0354907784824501,-0.110525146134819,-0.0801797626080812,-0.0128179444600097,0.0774578658472374,0.0437596910787534,-0.028231239255032,0.0648348232274894,0.0200811626595395,0.0146998161516933,-0.00940332262244323,0.0242439076536734,-0.0212898160794774,0.0232771475866435,0.0618513680653491,-0.013006294607101,0.011939332423074,-0.016663630480887,-0.00535458330107692,1e-08,1e-05
2,0.125743342968294,0.117017365966036,-6.57702783711583,0.162247720857053,0.994675708069266,-0.000552998297643689,0.0400622958983238,-0.127727304793495,-0.0874122324784097,0.133110440616988,0.0742154691522487,0.0123176144771384,0.269711756401381,0.0936728039441569,0.144109700794253,0.0118399288230014,-0.0746229473967347,-0.0532656627583462,-0.134027168346386,0.0453026900715101,-0.014111094057472,0.0417557222463283,-0.00120079004598626,-0.0559584195278072,-0.173558707766302,-0.125692652615418,-0.0200007842199449,0.122021763425535,0.0685756320878389,-0.0448648013123547,0.102341454905752,0.0312675981660265,0.022923477739494,-0.0149151295328903,0.0386811293239254,-0.0331071366071191,0.0366506059622054,0.0970708005847796,-0.0205181880230232,0.019371179286232,-0.0262930273080663,-0.00827238612284323,1e-08,1e-05
3,0.316227766016838,0.117017365966036,-6.36555274835978,0.165196440823986,0.993270433965,-0.00266011610473092,0.062636359933636,-0.196586121888722,-0.135183351166074,0.207523918267122,0.115030894036697,0.017384660137677,0.417692315908995,0.144706867133254,0.225364488358991,0.0194712560268454,-0.113543830854533,-0.0829705564110604,-0.211029644291199,0.070408936157367,-0.0219173451173896,0.0668449985310851,-0.00150337587376022,-0.087482851600241,-0.268667376691339,-0.193742492698438,-0.0304763999526439,0.190369465200218,0.105634789562363,-0.0714629775596119,0.16043459988904,0.0474053162319378,0.0348730989450288,-0.0236633119692546,0.0622241209857276,-0.0500252005917187,0.0571332016486595,0.150051306829889,-0.0321051015525324,0.0323839029027624,-0.0412012371493529,-0.0122914840587634,1e-08,1e-05
4,0.795270728767051,0.117017365966036,-6.25986978258362,0.171949956335887,0.991100129085295,-0.00792021525664725,0.0959389397200762,-0.290424133923889,-0.201784291069887,0.315911047820046,0.17279240021486,0.0202756797555088,0.625724258118393,0.215607134638833,0.345598649648597,0.0333910582672753,-0.162720457961114,-0.126296130677528,-0.328630448861832,0.106377426090026,-0.0328775183327172,0.108257728759337,-0.00113076450379729,-0.134034207427662,-0.402350569108942,-0.2870936846444,-0.0439139759976676,0.290376310855898,0.156483802790202,-0.114037021077837,0.247341152319227,0.0675832046514243,0.0500132511385868,-0.037544971639666,0.101720940846879,-0.0706546314787657,0.0871935132866188,0.223919810379546,-0.049160994586939,0.0572699012609524,-0.0636585825622683,-0.0166093719025297,1e-08,1e-05
5,2,0.117017365966036,-6.3335846050805,0.185669075241412,0.991618863899128,-0.0206820329894137,0.140256097138675,-0.394505920117244,-0.278868315272658,0.456878142532668,0.24355057793377,0.0123343038779031,0.872800092812492,0.297948528483397,0.508061274694497,0.0609051994115555,-0.203045476226262,-0.184444619594025,-0.4979476833071,0.15127543779393,-0.0446533784738096,0.178527821870969,0.000910510420607873,-0.196424099612882,-0.562815581161935,-0.391614628588739,-0.0560458973522562,0.422610438715787,0.214627821212744,-0.17986918342861,0.367101789364887,0.0850405811188071,0.0629767250586384,-0.0593306922066848,0.169760236354542,-0.0864981192691247,0.12851655960977,0.310573599442099,-0.0710411383379402,0.108754960273055,-0.0962991882562403,-0.0179855335533188,1e-08,1e-05
6,0.05,0.273861278752583,-4.5760485833521,0.163244849300003,0.994087021758486,-0.00182863689555865,0.0577269904692639,-0.179189568133328,-0.118685960032051,0.173776497606074,0.0908374382384235,0.0133421305532351,0.379925262719451,0.129129409834063,0.19360542689146,0.0154632189244909,-0.0889269889402206,-0.0596261652702407,-0.184232275844601,0.060834856766298,-0.0182801821256349,0.0525461600093148,-0.00142192098780019,-0.0608614148258649,-0.226180476341292,-0.160487962152092,-0.0248385794160721,0.144600356408407,0.0762613214578168,-0.0468998313964703,0.12675178872023,0.0372178115202572,0.0263418015283734,-0.0167729696609982,0.041449701388296,-0.0317951315363639,0.042348865077576,0.109035495328548,-0.0222176453937582,0.0208296632517168,-0.0259305820726578,-0.0074099933744259,1e-08,1e-05
7,0.125743342968294,0.273861278752583,-4.17241480319453,0.167511853781494,0.992357234671229,-0.00576251426833055,0.0888727239028133,-0.269165346850779,-0.179316977525229,0.267723790776778,0.138385777088148,0.0170472357030656,0.577007411941978,0.19526931590712,0.29964526735626,0.0257800733298315,-0.131498447771783,-0.091915003258343,-0.28772751813712,0.0934056250833726,-0.0278893824901039,0.0849336424824645,-0.00189019108816773,-0.0946177406994959,-0.343819480022755,-0.242792187784179,-0.037458949313787,0.223400178796573,0.115889266751824,-0.0748486672530588,0.197255481179131,0.0544942050012438,0.0385696964132824,-0.0265984196284936,0.0676729090399676,-0.04642506190896,0.0658731793758666,0.166089272716345,-0.0340690688791834,0.0359003502088688,-0.0407207641017323,-0.0106713283863464,1e-08,1e-05
8,0.316227766016838,0.273861278752583,-3.74144915860953,0.176748183460019,0.991456732875477,-0.0151063578184898,0.131387573607374,-0.37707391121276,-0.253961982646928,0.397044658737972,0.200360747455661,0.0143999965809768,0.827666323482906,0.277736615222297,0.448886825036485,0.0451094806657505,-0.176086373313707,-0.137264261268582,-0.439310560973735,0.13741305248466,-0.039784391333299,0.140117954302149,-0.00237441423426387,-0.143261624882195,-0.495190891895179,-0.345361251868843,-0.0527782725184404,0.333852451432877,0.167131201956032,-0.119426026741865,0.298951146331435,0.0719659143487038,0.0505401450198663,-0.0421844619998184,0.113481631920522,-0.0606895529001457,0.100559614297352,0.240194134944086,-0.0496594872799631,0.0663551257475514,-0.063480436346746,-0.0134066695152836,1e-08,1e-05
9,0.795270728767051,0.273861278752583,-3.34759728131092,0.193612753637834,1.0010239641907,-0.035803360464562,0.17886385792643,-0.465133792267029,-0.316752479680375,0.546935499439273,0.265400336749741,-0.00479983968264337,1.06314876179519,0.352990693398063,0.630589009413084,0.0831291984314931,-0.188298363573411,-0.196416876758807,-0.637605260518933,0.186183109201678,-0.0467955303430934,0.236504020228019,-0.00497950705317847,-0.205563407727594,-0.646858128744724,-0.437280604945855,-0.0646208909274854,0.469811186318608,0.221025761960377,-0.185659563697396,0.428181706277223,0.0789364516458883,0.0520747894383929,-0.0664882940869173,0.194211257825248,-0.0639297940139811,0.150638210251554,0.315503852166688,-0.0640349677006913,0.129553908362848,-0.0987225945852842,-0.0123936417783628,1e-08,1e-05
10,2,0.273861278752583,-3.33755007745365,0.219001159377687,1.04686242245117,-0.077971952639952,0.213609963157737,-0.486954190300209,-0.324332740691544,0.672184986387038,0.318191975198975,-0.0377610324166101,1.16023045583839,0.385222965169689,0.80234886547676,0.154052246934193,-0.115701491736201,-0.272935188418491,-0.846518343720928,0.224514747368521,-0.0298982079556394,0.39421052011642,-0.0167883883144251,-0.267707801907391,-0.742053321822493,-0.468731719226131,-0.0600082075058936,0.610705559944511,0.266683524714466,-0.262116918577289,0.555699581474336,0.0704526831516381,0.0318610931919572,-0.10006588193446,0.323317758948231,-0.0493637921722339,0.222398378254222,0.362707840029803,-0.0622900389369513,0.246089115860898,-0.153543779135834,-0.00641261942028404,1e-08,1e-05
11,0.05,0.640930509594351,-3.86847193289112,0.157759747167339,0.995180643282252,-0.00784917773695241,0.11952189502177,-0.325512232650369,-0.178988263987779,0.213212184585451,0.0788568357217774,0.00604440436972979,0.702300652439093,0.215132967286801,0.27585187170053,0.0166762262540982,-0.0677273125016666,-0.0315715521705723,-0.295258800154619,0.0883345037204936,-0.0208969571087945,0.0502201331647398,-0.00163290254270436,-0.0272041186757688,-0.276192771395489,-0.178035027968931,-0.0246062734405133,0.10409509724076,0.0396131220378699,-0.0161744346602633,0.116412714909031,0.0277747552527449,0.0165201191484882,-0.00865746024437253,0.0164107703498616,-0.00744857500334983,0.0274222811550683,0.0596515317266926,-0.00946304183428232,0.00804128392624149,-0.00688562384672179,-0.00128132887682629,1e-08,1e-05
12,0.125743342968294,0.640930509594351,-3.17786554836483,0.155219340122995,0.998212105774576,-0.0185141652954251,0.171867886230048,-0.446091361155312,-0.24560837432965,0.320567776587008,0.115195515901957,0.00393091108882129,0.991253211710992,0.305249405364661,0.414873353458922,0.0265462048841016,-0.0923489480633298,-0.0480439976187024,-0.447928606013796,0.134433550265321,-0.0288431662832074,0.0829695946694167,-0.00403250617418217,-0.0420904376476878,-0.3993533510582,-0.261071808740016,-0.0391447807505952,0.158086544708678,0.0597034019808351,-0.0253819472068306,0.180293986846953,0.035351615203534,0.0211801700502491,-0.0133580247613518,0.0279566833708702,-0.00975362118886723,0.0451451427547108,0.0893260508669796,-0.0128489056047023,0.0147639506777894,-0.0113696121766655,-0.00188870702980664,1e-08,1e-05
13,0.316227766016838,0.640930509594351,-2.32425889567843,0.152340007662642,1.0145713460275,-0.037429729141988,0.220628926986708,-0.52488699167412,-0.287358426871337,0.456765384795312,0.155878018995753,-0.00710669381952095,1.23508824490921,0.385761931898877,0.58701058947367,0.0437118440441034,-0.103150507381207,-0.0719281077259904,-0.639629181618426,0.194500271190938,-0.0312424822561589,0.142692696745852,-0.0120140268140021,-0.0637905681573581,-0.528064292463357,-0.353210565714943,-0.060437098811495,0.231371711854996,0.0863457841205146,-0.0394934175198278,0.269825450805378,0.0341696619758705,0.019701869006182,-0.0204985195620753,0.049477029392933,-0.010065288846596,0.0768649554104057,0.126514795980213,-0.0138681739023782,0.028555816774877,-0.0195866087104763,-0.00252453942890134,1e-08,1e-05
14,0.795270728767051,0.640930509594351,-1.59494521529855,0.154785436797547,1.06281949817433,-0.0651468737968432,0.235313808489789,-0.501904559839749,-0.264711543342398,0.602804458211067,0.194705878854298,-0.0294776505930289,1.28636895023297,0.41707307525189,0.754705650182056,0.0785495337587537,-0.0704066674421974,-0.110269814880443,-0.818574497097949,0.256015867608097,-0.0126553194591422,0.25579375164823,-0.0343715734465185,-0.0944544537143621,-0.626699768584011,-0.427170596940322,-0.0846857334973204,0.326203533049214,0.120434654713666,-0.0606840857973636,0.377865757211875,0.0179197013232308,0.00353894377036276,-0.0320543735792452,0.0876773609485607,-0.00619263827124945,0.133327104290815,0.165969594456788,-0.00711136298639536,0.0541620367232918,-0.0348863811701086,-0.00259830327487473,1e-08,1e-05
15,2,0.640930509594351,-1.63536577841527,0.179573544016396,1.15866689358133,-0.105333086980444,0.196671246403771,-0.396819665425276,-0.18562843002758,0.724457418735152,0.235278977433108,-0.0530351483228051,1.11493356994877,0.391906929272287,0.86700627969931,0.150155909072135,0.0309683486795998,-0.176070686586085,-0.910894329813288,0.296517801934379,0.0378321105229792,0.453942779278805,-0.0765841307685424,-0.135233237806854,-0.68282523789421,-0.456384209290367,-0.100169903892753,0.448045416995065,0.16625458170434,-0.0903100041178996,0.480595994201009,-0.00783035189363394,-0.0324380195361495,-0.0506916718181788,0.148316967008995,0.00130386706679322,0.220736526492797,0.199211503165429,0.0134372102490383,0.0952967001992031,-0.0610720646924303,-0.00110176696392012,1e-08,1e-05
16,0.05,1.5,-4.29737200000144,0.131527125884425,0.995352762818048,-0.00633510424643975,0.193759092579091,-0.290323257637045,-0.0580225435811692,0.0165852280644375,0.00100511478425181,9.44627131361886e-06,0.630254093230942,0.108649027128542,0.049125463633814,0.000644533399303371,-0.000486460929448765,-2.42081442762601e-05,-0.0989095019938333,0.0163915730359293,-0.00135170106354748,0.000759899571776293,-4.24613477256244e-06,-7.57547599665733e-06,-0.0236552655614439,-0.00834631682376136,-0.000419335513923503,0.000422890204739569,2.64397111804109e-05,-1.11944083764108e-06,0.00168193558250296,0.00022544973649312,5.02041837446184e-05,-5.73923966618448e-06,1.76165256086583e-06,-9.54988194806361e-08,4.57963783968237e-05,5.43959305064967e-05,-3.19097768020311e-06,6.04354693968008e-07,-8.86769049925102e-08,-1.86794506016228e-09,1e-08,1e-05
17,0.125743342968294,1.5,-3.74750220921781,0.0924172565715967,0.996402533104898,-0.0155407810343007,0.290616146968064,-0.41818523942629,-0.0833661573061148,0.0257026266662634,0.00152599200447756,9.20026270490806e-06,0.922424951320339,0.166928208429287,0.0767013843888377,0.000897650047214446,-0.000710206546227097,-3.81099106843948e-05,-0.155537818846829,0.0263585929772122,-0.00186915706367452,0.00118338259042411,-9.97762354169095e-06,-1.16728662550243e-05,-0.0357597652263549,-0.0128743536022835,-0.000704135339029241,0.000653807509301279,4.11593219386609e-05,-1.7096158251604e-06,0.00268873271334044,0.000306887121040406,7.22876998836442e-05,-8.41238705950604e-06,2.89693108322076e-06,-1.36215955828724e-07,7.7447507960102e-05,8.40493764795179e-05,-4.59050187390124e-06,1.06993628852232e-06,-1.46719149465876e-07,-2.94878853159142e-09,1e-08,1e-05
18,0.316227766016838,1.5,-3.05724276566827,0.0115479085715352,1.00379369862196,-0.0325509606452604,0.406655655533291,-0.538003725017979,-0.105412943462905,0.0390024617001888,0.00220637709932753,-2.29933793801059e-06,1.22716174075228,0.247078190663912,0.117775676310932,0.00107754609692148,-0.000940269328099311,-5.97814648059516e-05,-0.240798999095547,0.043011868386303,-0.00210086989312876,0.00181375227663951,-2.72376620937011e-05,-1.74678700525991e-05,-0.0513585219212873,-0.0192904938823057,-0.00123380378720648,0.000986603959288657,6.31520025408902e-05,-2.52020614357257e-06,0.0043238676827426,0.000337301642057265,9.09479595454063e-05,-1.1381340495393e-05,4.92803268420288e-06,-1.70330764724585e-07,0.000137943349996275,0.000126927137303841,-5.74548672442748e-06,2.03205755358475e-06,-2.53371915548103e-07,-4.7148414698805e-09,1e-08,1e-05
19,0.795270728767051,1.5,-2.33297099399361,-0.126404051236803,1.02866195601102,-0.0558119432742059,0.502773169578131,-0.577392049481475,-0.103014769462483,0.0580484957745295,0.00297498691762212,-3.96080877243893e-05,1.39537360317414,0.342994042372114,0.17683932976969,0.00109317147377842,-0.00106388573783678,-9.39186468530701e-05,-0.359416912419324,0.0712177640780647,-0.00120789337371922,0.00275859591482211,-7.62279613504309e-05,-2.52460126737788e-05,-0.0689715630941818,-0.0278163531568333,-0.00222521313273539,0.00144987691692751,9.6251303448805e-05,-3.58843009587221e-06,0.00696042186974085,0.000212392444379596,8.32639088936774e-05,-1.42695319561825e-05,8.67467226997412e-06,-1.67117555999125e-07,0.000255495434793205,0.000188088354184031,-5.07623123802737e-06,3.98557524021009e-06,-4.58655673257307e-07,-7.91640704752448e-09,1e-08,1e-05
20,2,1.5,-2.02034728544922,-0.303146865149013,1.07663117965706,-0.0764636134957407,0.52161639007018,-0.504126210149587,-0.0565872435691503,0.0863655020468589,0.00380816625197881,-0.000112064403529572,1.31511649580178,0.431963862935355,0.260795483860019,0.00142750691939182,-0.0010096260853849,-0.000147808222621136,-0.505583102343843,0.11703684393007,0.00193937114301981,0.0043419516230231,-0.000193113601981683,-3.6009030732952e-05,-0.089030669112201,-0.0389721816937092,-0.00396381019264378,0.00211129007997915,0.000148907536362291,-5.12784372062144e-06,0.011029556755134,-0.000116248097953501,1.73149671125576e-05,-1.91682483200482e-05,1.53802105114813e-05,-1.0544216106543e-07,0.00046848477202197,0.000281052043564852,-1.99602601590755e-07,7.50938632150914e-06,-8.40581331377774e-07,-1.41948030987672e-08,1e-08,1e-05
