node,sigma2,range,log_weight,b0,b1,b2,c001,c002,c003,c004,c005,c006,c007,c008,c009,c010,c011,c012,c013,c014,c015,c016,c017,c018,c019,c020,c021,c022,c023,c024,c025,c026,c027,c028,c029,c030,c031,c032,c033,c034,c035,c036,c037,c038,c039,c040,c041,c042,c043,c044,c045,c046,c047,c048,c049,c050,c051,c052,c053,c054,c055,c056,c057,c058,c059,c060,tolerance,weight_tolerance
1,0.05,0.117017365966036,-6.55441041992536,0.159900101036303,0.994895198205901,-0.00146258785115562,0.0211475229894896,0.0314436056157232,0.00756399101999483,-0.0145992366016027,-0.0251479649053997,-0.0290422790523044,0.0173881639985974,0.0347644693775941,0.00507911510480608,0.0264565806300982,-0.0359214645514575,-0.0369506927287658,0.0310937986662458,-0.0181630039340886,0.00820038310962442,0.0434025925533787,0.0225309359608829,0.0291220043341246,0.0117200773991338,-0.037187206595685,0.00747910861764335,-0.0187340895252606,-0.00101869249805794,0.0127081215228753,-0.0302685192657162,-0.0211327673837096,0.023400953892294,-0.0244203313529196,0.00643061862987133,-0.0236131372375584,-0.036195794077717,-0.024182062129101,-0.0391524968570415,-0.0138125151892742,-0.0191522798627212,0.0231558227514217,-0.0140182487016542,-0.0102306647406816,-0.0185801975812207,0.0284391950205953,0.0320610982497146,-0.0115875906646254,-0.0161814217734551,0.000408467377541635,0.0149642896100346,0.00495000857641142,0.0318590247726586,0.0243703700355378,-0.0311814116510695,0.0403358023122853,0.0334659195764969,0.0055212023000887,-0.024605637230959,0.0115241651396224,-0.027934698582501,-0.00522740413799656,-0.00231728116397409,0.0191598996423926,0.011160512095674,0.0279107132350395,1e-08,1e-05
2,0.125743342968294,0.117017365966036,-6.25642363667692,0.159519001846874,0.993894195843021,-0.00482102610289109,0.0526313755240741,0.0773184183950593,0.0188333710871214,-0.0361482005280159,-0.0620252766946537,-0.0716960399305821,0.042794155543227,0.0851531108637077,0.0126766481298353,0.0651393407132564,-0.0885804986507257,-0.0915892746838617,0.0763183798027546,-0.0447757221810461,0.0204613766854668,0.108323943834564,0.0555091075026404,0.0715397036898683,0.0291658911020757,-0.0916613484931347,0.0186905663333148,-0.0462835337705156,-0.00208155695806471,0.0313228424579662,-0.0747454852001497,-0.0518213069579803,0.0575559845747855,-0.0599991319559732,0.0162645274927833,-0.0585163593182389,-0.0893445111362025,-0.0597355247730287,-0.0971628817843017,-0.0347014559777978,-0.0474088126690297,0.057313124087039,-0.034530629644575,-0.0255824885400111,-0.0460408227398559,0.0696417136351288,0.0789718656432259,-0.0286623108612996,-0.0400916724306398,0.00125699373798246,0.0369224453755428,0.0124829253231777,0.0783955385441322,0.0603722983695355,-0.0766220012608738,0.0996112204384347,0.0825873462622189,0.0137281473791543,-0.06054130387743,0.0286810760443885,-0.0684515071610701,-0.0131161577745601,-0.0066330289187256,0.0472835979221399,0.0277537389237748,0.0682906456162441,1e-08,1e-05
3,0.316227766016838,0.117017365966036,-6.04716398055335,0.158959454208834,0.993116307191507,-0.0126407508640174,0.128926919420277,0.184168192812484,0.0461195191356965,-0.087473377099634,-0.148799709251853,-0.172349198458177,0.102132006882957,0.20103808296819,0.0312128379620809,0.155613803710498,-0.212319896898504,-0.222052932011486,0.181079131785298,-0.107282608056389,0.0503186826613652,0.266941010009786,0.132789424383773,0.170037957259624,0.0713762919181651,-0.219493410287283,0.0461212259087328,-0.111442554548365,-0.00261698431697885,0.0749745738659889,-0.179815642026221,-0.122637758718067,0.137172559636249,-0.142704601227518,0.0412683799924185,-0.141940881569523,-0.214508641383375,-0.143814728386021,-0.236253765080544,-0.0868173216231424,-0.114679123024182,0.138617730062529,-0.08255196251419,-0.0633174551903686,-0.111656456060918,0.164381194277783,0.188869034413067,-0.0691724957930282,-0.0971831891292182,0.00439235212593805,0.0886689615121706,0.0314512255652767,0.187060206040925,0.146291593939833,-0.182247639981117,0.23942482534176,0.198237897850131,0.0335128318260135,-0.144437781519944,0.0701920807813072,-0.1617669500712,-0.0326737793958564,-0.0210045673212273,0.113546946655385,0.0677968791855549,0.160819564037994,1e-08,1e-05
4,0.795270728767051,0.117017365966036,-6.03351404527418,0.159209063668509,0.999149860101558,-0.0290621847369859,0.303692706773301,0.409388701715825,0.10793361825821,-0.200593301993594,-0.335841124083658,-0.390453746395445,0.227829900522918,0.439112388532934,0.0738302602608101,0.347976395845153,-0.477501960903792,-0.509883709552945,0.400048475174372,-0.241324934484278,0.118436889156029,0.634029670503532,0.297527894781764,0.376550681026937,0.167279776500604,-0.492772273565464,0.109241125428059,-0.253113838122521,0.00492919566072297,0.167857814997073,-0.408062579238437,-0.268774603999153,0.305208876715762,-0.316768881904198,0.103630761708648,-0.327796241641922,-0.482860913434763,-0.326961250759382,-0.545996822907566,-0.212884979697624,-0.263086458069528,0.318179428058519,-0.184500538022101,-0.151946358874449,-0.257663582907331,0.359567118138276,0.423552063191462,-0.157506161199091,-0.223875708245395,0.016145132442054,0.200659741655096,0.0777079638153757,0.417564019298852,0.336785292847836,-0.404137717223367,0.540128292097752,0.446619532886716,0.0779221831212661,-0.322304357412614,0.164365669799822,-0.353929718783653,-0.0789661756565371,-0.0710171805063215,0.25636048512851,0.158149791645923,0.349356009651145,1e-08,1e-05
5,2,0.117017365966036,-6.42805501825176,0.163276583206099,1.03722241331011,-0.0574320327634742,0.656026354410227,0.805465418394088,0.226966136865979,-0.412445131400895,-0.677600894828475,-0.791695654759109,0.449827435247103,0.841981875533598,0.157479808469615,0.691391105247445,-0.954242750637082,-1.04441514626198,0.784424713014926,-0.482830436226903,0.24927087236143,1.35946868299586,0.590500763159359,0.738176004590793,0.355634878732841,-0.982487949201902,0.231710809512544,-0.513324919124249,0.0437505759303724,0.330738244215101,-0.829426379886472,-0.514192786881036,0.600371350340306,-0.62338118914882,0.243418529394073,-0.686326852325227,-0.960927793302943,-0.668227366330438,-1.12985886976553,-0.485500030125268,-0.543302057288927,0.660939181604669,-0.362846053511602,-0.335594501776599,-0.537975148206994,0.695734196270693,0.84666911226323,-0.318535749982142,-0.46509737467214,0.0512091562507773,0.407426660191455,0.176292867282511,0.828853561365663,0.700196688215485,-0.792553732523024,1.07845874756209,0.893716591149643,0.161824245541172,-0.637721390333264,0.347878499948883,-0.677589721145398,-0.173210505346951,-0.220064174534982,0.514787932786104,0.332561615960533,0.662763682853611,1e-08,1e-05
6,0.05,0.273861278752583,-4.28585258440554,0.160049124967145,0.994079154521399,-0.00324886725099908,-0.00328101400186089,0.0478529037159012,0.00998272625260084,-0.0201909698543386,-0.0274166746671351,-0.039352858714226,0.0302228527266032,0.0468751205986236,0.0118563313665161,0.0334017653503688,-0.0604770526253163,-0.0264867815105308,0.0422509579685866,-0.00655310926317942,0.00805201283175007,0.0401365132012402,0.030686758002926,0.0430587237604743,0.0175458103524403,-0.0590575251740513,0.00715197086337748,-0.00968841075586812,-0.0287717329157876,0.0271089824395781,-0.0429989333190761,-0.0553490312087418,0.0315349889368135,-0.0513321636820539,-0.0263017685193632,-0.0222695806092351,-0.0541330484384588,-0.0302357994590544,-0.0438245146030266,0.0142455472629889,-0.0376279086643266,0.0138616777346713,-0.0309870293002794,0.0127486257920406,-0.00691276759306382,0.0404303297370151,0.0430807125567902,-0.0230717648240859,-0.00867504990817093,-0.023756225193007,0.0249917228037453,-0.00427818833904103,0.0445228377824429,0.0251047465425167,-0.0634942068688269,0.0518257858387014,0.039351239606951,0.023628518972666,-0.0390596292541184,0.0216147181350719,-0.0645792353053321,0.0140484816419969,0.0217753303800281,0.0285458615048697,0.0193678901953116,0.0434044761563492,1e-08,1e-05
7,0.125743342968294,0.273861278752583,-3.90118621730612,0.159923359557491,0.992291732913027,-0.00918242387752408,-0.00660817416702018,0.115500994442961,0.0248192419979537,-0.0496693357173017,-0.0670037491054741,-0.0954856166749376,0.073473567719295,0.113622389313437,0.0282773164873483,0.0817455427832744,-0.146102517394404,-0.0666855526154662,0.101598594019691,-0.0167450941175599,0.0201139933471583,0.0999681122245748,0.0745781450376493,0.103481854551766,0.0425595526055112,-0.142556291052153,0.0179749200501821,-0.0246257306157086,-0.0680130561844576,0.0662176072515789,-0.10481027147073,-0.132675975082791,0.0766703904747547,-0.123019346441623,-0.061987480276204,-0.054325745851527,-0.131126407194488,-0.0736155154404296,-0.108312435192036,0.0321512234265298,-0.0909406919931628,0.0348069945502998,-0.074833530017598,0.0289562159148893,-0.018409200915229,0.0969184588562688,0.104497446003336,-0.0561902039740552,-0.0219823173873345,-0.0566584646903221,0.059575864510593,-0.00968710369255388,0.108375390220775,0.0620179301459583,-0.152643722533516,0.125947114506337,0.0959513274326791,0.0566276377430182,-0.0947343852593058,0.0529243663204489,-0.154936425785751,0.0332731285650429,0.0505836761281058,0.069228327696195,0.0476528657408932,0.105105028152723,1e-08,1e-05
8,0.316227766016838,0.273861278752583,-3.51822114004831,0.160072455144489,0.991144681675622,-0.0228977030155237,-0.00743991407652645,0.264277899819081,0.0604076842638402,-0.118309502428485,-0.157432387709613,-0.220987044582127,0.170502447465239,0.262149552623069,0.0629049579438841,0.192556791901442,-0.334825030483052,-0.167219624198548,0.230547090200364,-0.0431184683731378,0.0494853223317819,0.245469874392331,0.173220907576977,0.234386058308866,0.0985046032448782,-0.326336687478571,0.0447791767706777,-0.0628405185002645,-0.14806441072529,0.155248731041051,-0.245164956971739,-0.298982468167774,0.178215876939268,-0.277078668732292,-0.133428595389133,-0.12763568912151,-0.301882654783746,-0.171310485946141,-0.26100593702201,0.0612976953336428,-0.208659018875719,0.0866802689152731,-0.171199940444689,0.0566168322316284,-0.0512527800944312,0.218320821497723,0.241872155857681,-0.130825796488846,-0.0558350553572426,-0.125881551054745,0.132498436395803,-0.0186239068686083,0.252472002790705,0.149472300383146,-0.346010359163814,0.29237318648086,0.224307782719181,0.127357887265006,-0.21907977238835,0.124959908615738,-0.349831212355407,0.0726213335487812,0.105203742904968,0.160056069581932,0.113655168276569,0.241954555648677,1e-08,1e-05
9,0.795270728767051,0.273861278752583,-3.22897507194861,0.161987541891747,1.00035857560472,-0.051748338735122,0.0236644050088691,0.547329907581387,0.13863696553301,-0.26218280359184,-0.341321700646781,-0.467343272053742,0.359819374002192,0.549034424331579,0.122680141692912,0.418363426939189,-0.694500897317573,-0.407873290568867,0.470196630198885,-0.109057291316436,0.11598839229545,0.581532003821977,0.368562912951541,0.475143598439114,0.208953586424716,-0.677202187174059,0.107144364695558,-0.157294823526036,-0.274529256340246,0.333768210070892,-0.529532101940737,-0.601350083002408,0.379439601222511,-0.556744903238093,-0.236750174307647,-0.281025925201357,-0.628160834499293,-0.36287178701884,-0.593630859129312,0.0707035293849234,-0.434206367929722,0.208558238846391,-0.352454561404482,0.0760296736366145,-0.144892624020293,0.438314433830098,0.513012985329155,-0.277161378863561,-0.139224509226624,-0.243572401260211,0.259389110145528,-0.0221729650091787,0.539245362756323,0.34192898338804,-0.702634836833466,0.620352259532806,0.481488162275843,0.253697645527705,-0.462293937737767,0.274091360758636,-0.706437857989677,0.134286033729276,0.172099835946254,0.337776226813304,0.253271671635119,0.504491139351097,1e-08,1e-05
10,2,0.273861278752583,-3.33022906419454,0.168595020268689,1.04810990515028,-0.104519333091917,0.186341099057405,0.990335178665066,0.280730180090323,-0.509758230781382,-0.651858451444119,-0.870184336200882,0.653217173814119,0.996349399997503,0.19962669663301,0.794648280158109,-1.25334604462562,-0.902242807717742,0.833660218265631,-0.253699512754125,0.241829082113619,1.25709416381601,0.688644489433464,0.830223758210617,0.393451090175052,-1.22945932719452,0.228967059215781,-0.362331066059492,-0.400677865453414,0.621590471926846,-1.01446360822879,-1.03754627342499,0.707353120712191,-0.959210989431583,-0.296109375589408,-0.567971199784065,-1.12423700171008,-0.662951995471676,-1.20721330170486,-0.056550504760457,-0.788963532079337,0.458624906686856,-0.621592606647291,0.0166343461510136,-0.373118065170003,0.755876180262695,0.963519143255694,-0.504053791151862,-0.31970930230426,-0.385612469755829,0.432107290448334,0.0136387909761624,1.01030534990859,0.712847619231575,-1.22674776775665,1.15183429626467,0.904981884405969,0.425802480166684,-0.8513675697503,0.534109700431376,-1.22688811973946,0.191437429316398,0.170583580795637,0.625088706925741,0.498364933468537,0.908942621246098,1e-08,1e-05
11,0.05,0.640930509594351,-3.70417464790983,0.156236472327581,0.994503434666046,-0.0058882523612916,-0.0263315106750116,0.0752211828324478,0.0137657954231529,-0.0205477795053679,-0.0376980817689703,-0.0730857447739223,0.0448423565505243,0.0646196242022409,0.040227596337555,0.036763637555825,-0.0920492367540143,0.0154747258980059,0.071884835454536,0.0226256233185223,0.00296923616041151,0.0455237347891216,0.0517412221855952,0.0700258855016493,0.0434723894023589,-0.0796525789622435,-0.000870851486687391,0.0201546081895073,-0.0563592744958229,0.0360541022821411,-0.0671961174714813,-0.0854584484832969,0.0512449114606862,-0.0817134970758483,-0.0778010097382763,-0.0319713539214179,-0.093440366452128,-0.0408320585186154,-0.0448411070543045,0.0521242449000045,-0.0768258886014115,-0.00210127428736907,-0.0689711890772142,0.0585596904655318,0.0286643792617048,0.0679832497613606,0.0675190846483536,-0.0380055120247652,0.00738316044033908,-0.0599187230861769,0.0598917894302413,-0.041520939598676,0.0594312558555718,0.0321238856944004,-0.103370142940807,0.0724952099821427,0.0564509903818814,0.0665156192911968,-0.0595838361244501,0.0439750793587334,-0.0988085461517756,0.0533673431284844,0.0591316491883686,0.054168281897135,0.0396099320744763,0.0647976936715925,1e-08,1e-05
12,0.125743342968294,0.640930509594351,-3.1642352053144,0.151158427258069,0.99462050041485,-0.0148447322347591,-0.0615260750688753,0.174890147967517,0.0344133169342924,-0.0502932156344979,-0.0897570405359381,-0.169558072694338,0.107521255051216,0.153193421655403,0.0913980422433163,0.0905920683270852,-0.213981132643905,0.0295379430738542,0.166010556593648,0.0515866631051207,0.00817994997224317,0.110550023216551,0.118824212257064,0.162099928614756,0.0990221568944065,-0.185153970913972,-0.000715285662507867,0.0451119110587582,-0.129240256671119,0.0883094798216321,-0.157587371200754,-0.198031993888976,0.118012839881073,-0.189305649854062,-0.178511585339998,-0.0726573492205705,-0.217436381967238,-0.0976329410984752,-0.109720247389604,0.119094521711622,-0.177826571284657,-0.000511940337014076,-0.159689296973607,0.132521669232481,0.0622878525515321,0.156581196168548,0.157390046575354,-0.0907120230460587,0.01612782908155,-0.137645762699351,0.136254274896297,-0.0955051118747577,0.141674600548841,0.0766601648147283,-0.24010051946336,0.170521367768558,0.133538983381546,0.153691555987673,-0.139154329498974,0.103795128726081,-0.229313763205713,0.124065351981828,0.134310628993171,0.124050492158863,0.0952304567792676,0.153339804684449,1e-08,1e-05
13,0.316227766016838,0.640930509594351,-2.5185373345846,0.141797987952583,1.00103873329852,-0.0328692564808813,-0.129742885825727,0.370851208001219,0.0837434249474507,-0.11807544063721,-0.199409403677262,-0.357862549821259,0.242331696105586,0.338600996774433,0.183979448273963,0.21535256399753,-0.454698048586776,0.0304160482976964,0.347367338572473,0.103870271993247,0.0235587920303802,0.258123486877103,0.245782592176087,0.340023685102849,0.200929405716546,-0.394158602423213,0.00485386853719481,0.0864705683167051,-0.266483977578946,0.207341474738753,-0.341265701848823,-0.418308385222467,0.245823281518571,-0.399465360075224,-0.366414098050132,-0.147876363422827,-0.461767753499009,-0.218506746826253,-0.258810506494487,0.24108978077442,-0.373796882730316,0.0188092127229432,-0.335396762994185,0.263369558303956,0.111315424014756,0.325657464791978,0.336539457419831,-0.202313426239342,0.029080383511781,-0.284570272084433,0.27463086718142,-0.196987579112222,0.31683428519205,0.172596102474826,-0.508863450225654,0.370800066814474,0.293274472718043,0.321282679837679,-0.298803291333885,0.227633902073636,-0.48575526699208,0.262751436803805,0.269881493670269,0.254773776209579,0.216435513343838,0.337633878377782,1e-08,1e-05
14,0.795270728767051,0.640930509594351,-1.93314953825137,0.129381194235128,1.02876849639112,-0.0644024878199775,-0.218866476408505,0.679634700374387,0.187932128272394,-0.253467588506206,-0.391304429390773,-0.650578699882197,0.48724030279005,0.666478886455904,0.303241233318582,0.470112827669057,-0.843389979739711,-0.0709679297912662,0.623446007808454,0.165487915545258,0.0662622761631394,0.567711077148349,0.433679160882262,0.607483026356478,0.340284345153258,-0.737938126252072,0.0326899496272289,0.118965626306945,-0.465646680637183,0.443333629409149,-0.654427762989977,-0.768801489612257,0.440780570359528,-0.731422900539981,-0.622082524834795,-0.260847253784603,-0.847580666879698,-0.431536885001775,-0.568400948766229,0.389314999410244,-0.676181293534116,0.100010113942024,-0.602708378561152,0.416250284549851,0.128308698999194,0.57729524819984,0.631695236441878,-0.39782321510604,0.0326409715424625,-0.498797757430626,0.451454868394825,-0.336328079794036,0.636875350545737,0.356649699523652,-0.936217562877264,0.711421399771831,0.568068916666843,0.571158917172714,-0.564861671312383,0.444532255052437,-0.896396159227566,0.477121961495408,0.440456237294894,0.441913319449585,0.445675177092055,0.660141027950066,1e-08,1e-05
15,2,0.640930509594351,-1.90161914861379,0.122389533913159,1.0996308889433,-0.117238088230534,-0.226525091266568,1.06820849816419,0.364479978330872,-0.473220899744554,-0.653878300113675,-1.01168810143744,0.836513013731123,1.13692366076737,0.392744169855835,0.888035144632393,-1.36507061786417,-0.45785480400834,0.953223882327442,0.176584327851929,0.159926385869098,1.15911862613316,0.659861409233538,0.90682368937265,0.481062003193631,-1.22362234119073,0.110317803662519,0.0619917690126585,-0.678297526343064,0.815420265137219,-1.10732279684184,-1.22723734459749,0.688773651140793,-1.15566225536611,-0.82523991506865,-0.430297701356579,-1.32482604415122,-0.712932952183191,-1.11989027125861,0.428853132580002,-1.04531836690355,0.298068810393554,-0.911914140524136,0.476039383110956,0.00608596604733041,0.863318359528999,1.04139679413834,-0.657082826375238,-0.0152279942590582,-0.733935185622065,0.581020776257447,-0.444669394306523,1.12043806175791,0.674477643497079,-1.48398116855333,1.18952342071189,0.944410234413594,0.845276219845621,-0.935966160997314,0.761155358924768,-1.43734652406003,0.716894756729315,0.544910224059541,0.6501485095793,0.805116951736591,1.11602106050551,1e-08,1e-05
16,0.05,1.5,-3.96084222348839,0.14829237780257,0.994997156279079,-0.00652612586565773,-0.0278320163363679,0.0815196442601772,0.0141307679959827,-0.00905594142383653,-0.039084016360223,-0.0880570421080636,0.0452849874543741,0.0616323341718628,0.0668514339639269,0.0299660418028228,-0.0845288404088733,0.0561554921310624,0.0857688188083424,0.0474271344904569,-0.000680197839126264,0.0543292997089824,0.0759730624187482,0.0785269355660093,0.0712220670180433,-0.0656669822425524,-0.00622597487052686,0.0471731665127714,-0.0490620746504815,0.0323187457180816,-0.0665339308677092,-0.0731081971396808,0.0751448596161594,-0.0711295648529784,-0.0912048506340504,-0.029943615017657,-0.097052138768239,-0.035230839072796,-0.0300288158131854,0.0657927966114951,-0.0840862808302933,-0.00934464898815155,-0.0865219901203346,0.0804974329181581,0.062775752802555,0.0832385141762962,0.0799656367285612,-0.037999225890349,0.0179276911739718,-0.0645092666053604,0.0804826820878258,-0.0641680610880247,0.0549381898653755,0.0378467965323677,-0.0956760757496768,0.0725928508172316,0.0621506854665689,0.0807630896410239,-0.0555772524893845,0.0530621385374734,-0.0867031256633978,0.067295943582644,0.0803515236684817,0.0784005284617465,0.0485192819901478,0.0634927594778091,1e-08,1e-05
17,0.125743342968294,1.5,-3.37900548852421,0.132725477265831,0.996299725674372,-0.0156783166875991,-0.0653300632829781,0.188125219814805,0.0355205178030871,-0.0230393857359374,-0.0918419606542434,-0.200577399208701,0.108742385487864,0.144629344508523,0.15027910518852,0.075414538432777,-0.192790031122309,0.124011423723951,0.195311192207794,0.109606790948014,-0.00030896763921448,0.129138053971985,0.171121538518968,0.180885185851797,0.159640601138053,-0.14948638102402,-0.0130294967908758,0.108391494217425,-0.110540264783441,0.0802794798483805,-0.15289751815402,-0.16663127499292,0.16925737696294,-0.162195775428657,-0.206937936751559,-0.0650617787792653,-0.22206470101934,-0.0838680397189628,-0.0737321500431241,0.151447971700215,-0.191122935853158,-0.0158858046976389,-0.197045810138244,0.182524312055651,0.139163686837913,0.189030735649477,0.182876417445726,-0.0900302597984459,0.040899950205556,-0.145326295541272,0.182631012393442,-0.146177004281859,0.129713450014389,0.0877976270802108,-0.218912520860243,0.169436808100825,0.146037657278865,0.185342505813322,-0.127209680655835,0.122850267553968,-0.198086605135017,0.154804327207846,0.18132059411853,0.176679905687208,0.115940058124417,0.148704767271313,1e-08,1e-05
18,0.316227766016838,1.5,-2.66581325137077,0.102581371769515,1.00593333498762,-0.0320305518188057,-0.140019603040996,0.393487524763243,0.0869707572409818,-0.0571101728631131,-0.198793463046716,-0.40877164602872,0.245506380998337,0.314748608629942,0.297367952139564,0.185207583984136,-0.395511858784392,0.2322028521316,0.398239016864771,0.228658737681101,0.00588675565581484,0.287724182331066,0.339671561840219,0.37640059630316,0.313572691644561,-0.306226725727165,-0.0204815954566611,0.223066405385632,-0.221100272122676,0.192617558193887,-0.318213448770709,-0.341747155759105,0.336242831311136,-0.332766919407352,-0.417609516764757,-0.120093256740219,-0.457237172873164,-0.186134128657649,-0.174521556890361,0.31371002330094,-0.388335636242532,-0.0088915952932667,-0.401360267363045,0.366889953045736,0.265793868999351,0.383117431267606,0.376925903350586,-0.198080714380251,0.0842685867736772,-0.289869991798913,0.367677938805479,-0.297105472529589,0.285796295111935,0.187410933216621,-0.451659919117961,0.363119551382935,0.316387844221304,0.383420710077324,-0.262749981123636,0.260315603575767,-0.408002176424133,0.322829285962858,0.361751289869885,0.350994800653976,0.259892074760615,0.32225918958294,1e-08,1e-05
19,0.795270728767051,1.5,-1.99845118671855,0.0562655922257329,1.03776882038827,-0.0555346209284714,-0.252112474329231,0.705813383226457,0.195459309157548,-0.129126154556333,-0.374740969078714,-0.703997799298867,0.494376997036086,0.612323998476107,0.482637055940944,0.419524801131667,-0.699068271101198,0.311487576207521,0.688811085997801,0.399811562916862,0.0364934047651891,0.580819029038855,0.553204234326729,0.665751993017542,0.500614505667272,-0.544887274728948,-0.0105245545636203,0.378017526508796,-0.37423531597973,0.422256826753958,-0.573849193984706,-0.605760870138528,0.550297397433269,-0.588823822890019,-0.701801666052442,-0.175895132378863,-0.804317293613383,-0.364595234219397,-0.384089551691731,0.543124342775917,-0.6689244064196,0.0580615482304357,-0.689881970951703,0.606002528771253,0.394305982037673,0.655035018157757,0.66868731022269,-0.383459474525493,0.149810212619015,-0.483987632504474,0.609190669434001,-0.50327802834949,0.567314675602824,0.358164845855549,-0.802926022911792,0.681191706302763,0.598833184607547,0.675554556023425,-0.468917165225823,0.486327302546714,-0.726792293110463,0.581841935848939,0.59564119664226,0.571675261336514,0.521809578618986,0.622253812350158,1e-08,1e-05
20,2,1.5,-1.8865956058071,0.00776354699791787,1.10389415216161,-0.0890717816328429,-0.342255638237699,1.06717880990304,0.375468146736544,-0.255545252835078,-0.59670661700067,-1.01636972939283,0.850147270488224,1.04709268552049,0.625309607292156,0.821175383857653,-1.08347082973443,0.165645664606777,1.0058673191373,0.549261100465006,0.121399127289763,1.06179793143195,0.727199893267091,0.972955824778594,0.634849199869804,-0.87127254135375,0.0503855347776024,0.481675179036937,-0.547403116304885,0.79639060342188,-0.905921993682901,-0.947648721790189,0.736406464650333,-0.913429206506184,-0.953192255461497,-0.225591448662416,-1.20419249572475,-0.605840832777449,-0.766423983415914,0.733208116344634,-0.978849492375389,0.23691027299495,-0.988562417413119,0.780536435600891,0.403978685762357,0.938672679373995,1.02697933769211,-0.630980813946364,0.217036429005374,-0.682568106439008,0.792398639355233,-0.684162544183242,0.996008386960589,0.618002784780817,-1.23899728014719,1.10238038423335,0.959632139268353,0.994148624742884,-0.734590433768619,0.797684128454195,-1.13775296491502,0.892123849079394,0.784214013782958,0.746637614170587,0.913145643666268,1.05342128078647,1e-08,1e-05
