case,response,weighted,degree,prune,nprune,minspan,endspan,fast_k,n_forward,termcond,forward,selected,gcv,cut_tolerance,coef_tolerance,prediction_tolerance
binomial,y_binomial,FALSE,1,TRUE,NA,0,0,20,19,7,1 2:1:7.976396 2:-1:7.976396 11:1:4.321199 11:-1:4.321199 3:1:8.75475 3:-1:8.75475 5:1:8.064208 5:-1:8.064208 1:1:8.961334 1:-1:8.961334 6:1:5.838373 6:-1:5.838373 8:1:4.423166 8:-1:4.423166 3:1:7.379861 3:1:8.292561 3:1:7.20823 6:1:7.263093,1 2 3 5 9 16 17 18,0.187850470996988,1e-12,1e-08,1e-09
binomial_weighted,y_binomial,TRUE,1,TRUE,NA,0,0,20,18,7,1 2:1:7.976396 2:-1:7.976396 5:1:6.880103 5:-1:6.880103 11:1:4.321199 11:-1:4.321199 1:1:8.523587 1:-1:8.523587 5:1:6.645512 5:1:7.102581 10:1:3.531809 10:-1:3.531809 7:1:5.939732 7:-1:5.939732 10:1:2.867214 10:1:3.790727 10:1:3.641292,1 2 4 7 9 10 11 15 16 17 18,0.275380279232453,1e-12,1e-08,1e-09
binomial_degree2,y_binomial,FALSE,2,TRUE,NA,0,0,20,19,7,1 2:1:7.976396 2:-1:7.976396 11:1:4.321199 11:-1:4.321199 1:1:7.780921*11:-1:4.321199 1:-1:7.780921*11:-1:4.321199 9:2:1.450439*11:1:4.321199 5:1:8.064208 5:-1:8.064208 3:1:8.75475 3:-1:8.75475 5:1:8.064208*11:2:-0.074196 5:1:8.064208*6:2:4.14162 6:1:7.263093 6:-1:7.263093 1:2:5.123572*11:1:4.321199 2:1:7.976396*11:1:2.628533 2:1:7.976396*11:-1:2.628533,1 3 4 5 6 8,0.193720337205572,1e-12,1e-08,1e-09
binomial_unpruned,y_binomial,FALSE,1,FALSE,NA,0,0,20,19,7,1 2:1:7.976396 2:-1:7.976396 11:1:4.321199 11:-1:4.321199 3:1:8.75475 3:-1:8.75475 5:1:8.064208 5:-1:8.064208 1:1:8.961334 1:-1:8.961334 6:1:5.838373 6:-1:5.838373 8:1:4.423166 8:-1:4.423166 3:1:7.379861 3:1:8.292561 3:1:7.20823 6:1:7.263093,1 2 3 4 5 6 7 8 9 10 11 12 13 14 15 16 17 18 19,0.349194072567511,1e-12,1e-08,1e-09
gaussian,y_gaussian,FALSE,1,TRUE,NA,0,0,20,21,7,1 2:1:6.644629 2:-1:6.644629 7:1:6.916968 7:-1:6.916968 10:1:4.711383 10:-1:4.711383 9:1:5.080638 9:-1:5.080638 5:1:7.587419 5:-1:7.587419 1:1:6.51314 1:-1:6.51314 3:1:7.923944 3:-1:7.923944 11:1:2.098117 11:-1:2.098117 11:1:3.716359 11:1:1.923106 8:1:6.00026 8:-1:6.00026,1 2 3 5 10 13 15 16 18 19 21,0.421767915958819,1e-12,1e-08,1e-09
gaussian_weighted,y_gaussian,TRUE,1,TRUE,NA,0,0,20,20,4,1 2:1:6.644629 2:-1:6.644629 10:1:4.711383 10:-1:4.711383 8:1:4.572881 8:-1:4.572881 5:1:8.269788 5:-1:8.269788 3:1:7.20823 3:-1:7.20823 11:1:3.934913 11:-1:3.934913 7:1:5.696429 7:-1:5.696429 1:1:6.51314 1:-1:6.51314 11:1:2.528535 9:1:3.254433 9:-1:3.254433,1 2 3 6 8 11 12 15 17 18,0.622686702670908,1e-12,1e-08,1e-09
gaussian_degree2,y_gaussian,FALSE,2,TRUE,NA,0,0,20,23,7,1 2:1:6.644629 2:-1:6.644629 7:1:6.916968 7:-1:6.916968 10:1:4.711383 10:-1:4.711383 9:1:5.080638 9:-1:5.080638 6:1:6.119488*7:-1:6.916968 6:-1:6.119488*7:-1:6.916968 5:1:8.269788 5:-1:8.269788 5:-1:8.269788*8:1:4.797938 5:-1:8.269788*8:-1:4.797938 2:1:6.644629*3:1:7.923944 2:1:6.644629*3:-1:7.923944 2:1:6.644629*11:1:3.507918 2:1:6.644629*11:-1:3.507918 2:1:6.644629*4:1:7.461696 2:1:6.644629*4:-1:7.461696 6:1:6.119488*10:-1:4.711383 6:-1:6.119488*10:-1:4.711383,1 2 3 9 11 13 14 17 19,0.583538372984539,1e-12,1e-08,1e-09
gaussian_weighted_degree2,y_gaussian,TRUE,2,TRUE,NA,0,0,20,23,7,1 2:1:6.644629 2:-1:6.644629 10:1:4.711383 10:-1:4.711383 8:1:4.572881 8:-1:4.572881 5:1:8.269788 5:-1:8.269788 5:-1:8.269788*6:1:6.266566 5:-1:8.269788*6:-1:6.266566 6:1:6.25431*8:1:4.572881 6:-1:6.25431*8:1:4.572881 9:1:5.080638 9:-1:5.080638 2:1:6.644629*10:1:3.345387 2:1:6.644629*10:-1:3.345387 2:1:6.644629*11:1:3.507918 2:1:6.644629*11:-1:3.507918 6:1:7.263093 6:-1:7.263093 2:1:6.644629*3:1:7.639262 2:1:6.644629*3:-1:7.639262,1 2 3 5 6 8 9 10 11 13 15 17 19,0.73328636219863,1e-12,1e-08,1e-09
gaussian_nprune,y_gaussian,FALSE,1,TRUE,5,0,0,20,21,7,1 2:1:6.644629 2:-1:6.644629 7:1:6.916968 7:-1:6.916968 10:1:4.711383 10:-1:4.711383 9:1:5.080638 9:-1:5.080638 5:1:7.587419 5:-1:7.587419 1:1:6.51314 1:-1:6.51314 3:1:7.923944 3:-1:7.923944 11:1:2.098117 11:-1:2.098117 11:1:3.716359 11:1:1.923106 8:1:6.00026 8:-1:6.00026,1 2 3 5 10,0.550865647740567,1e-12,1e-08,1e-09
gaussian_spans,y_gaussian,FALSE,1,TRUE,NA,3,5,0,20,7,1 2:1:6.084456 2:-1:6.084456 7:1:6.916968 7:-1:6.916968 5:1:8.917758 5:-1:8.917758 9:1:5.049396 9:-1:5.049396 8:1:6.00026 8:-1:6.00026 3:1:7.612264 3:-1:7.612264 11:1:3.900911 11:-1:3.900911 1:1:6.191791 1:-1:6.191791 11:1:2.481241 8:1:5.703409 3:1:6.172298,1 2 3 5 6 9 10 12 14 17 18 19 20,0.430642622070773,1e-12,1e-08,1e-09
