case,row,fitted_out
binomial,1,0.286148392523343
binomial,2,0.995844057823646
binomial,3,0.480767070261396
binomial,4,0.147561625975032
binomial,5,0.166456470403226
binomial,6,0.590976958852349
binomial,7,0.660058854294149
binomial,8,0.948615466437511
binomial,9,0.961669152323181
binomial,10,0.0263078147354134
binomial,11,0.212855596041817
binomial,12,0.0863281509371543
binomial,13,0.120840332488094
binomial,14,0.00707143836759302
binomial,15,0.851756316483398
binomial,16,0.107221783785585
binomial,17,0.296030947139467
binomial,18,0.0922479818356746
binomial,19,0.647066963685381
binomial,20,0.139558512608643
binomial,21,0.159762320584412
binomial,22,0.0225650286819087
binomial,23,0.0715892559567021
binomial,24,0.973235028062109
binomial,25,0.252250916793029
binomial,26,0.974069836735402
binomial,27,0.0777066438361105
binomial,28,0.936054779641485
binomial,29,0.963417520024421
binomial,30,0.697826927168475
binomial,31,0.0693233142363365
binomial,32,0.00243948320660525
binomial,33,0.145893797704306
binomial,34,0.0984649864717959
binomial,35,0.122975830152095
binomial,36,0.179006008994181
binomial,37,0.939758706349052
binomial,38,0.118513474270075
binomial,39,0.88285603447955
binomial,40,0.298133547779794
binomial,41,0.973435629958589
binomial,42,0.13514923589052
binomial,43,0.30330392703171
binomial,44,0.974318314052722
binomial,45,0.310942149558832
binomial,46,0.133728930687001
binomial,47,0.255897903096155
binomial,48,0.483601193014003
binomial,49,0.0663289941988449
binomial,50,0.0139370116844564
binomial,51,0.463383842554199
binomial,52,0.00171453875391096
binomial,53,0.0783854199095889
binomial,54,0.39343437292367
binomial,55,0.000215831835240534
binomial,56,0.377068358963618
binomial,57,0.921635955844392
binomial,58,0.303737836209723
binomial,59,0.104746947309965
binomial,60,0.0862705464700008
binomial,61,0.386361716584617
binomial,62,0.0101680311650252
binomial,63,0.117449465992583
binomial,64,0.0247962093006657
binomial,65,0.718573096936088
binomial,66,0.969944623343026
binomial,67,0.140883305815988
binomial,68,0.103311577198641
binomial,69,0.387838298058572
binomial,70,0.81281900589162
binomial,71,0.304063425357232
binomial,72,0.007460279911069
binomial,73,0.0458853960887259
binomial,74,0.649706928255634
binomial,75,0.0951238557009955
binomial,76,0.242414218923595
binomial,77,0.00805614543624731
binomial,78,0.013807066582434
binomial,79,0.0127735167042415
binomial,80,0.0295883760643814
binomial_weighted,1,0.647491936587549
binomial_weighted,2,0.273155222632589
binomial_weighted,3,0.927746331133756
binomial_weighted,4,0.0214405682568271
binomial_weighted,5,0.0262524720372837
binomial_weighted,6,0.0107474031681321
binomial_weighted,7,0.0966923255628987
binomial_weighted,8,0.983188732599544
binomial_weighted,9,0.832383943892144
binomial_weighted,10,0.111087130875247
binomial_weighted,11,0.0695335705859522
binomial_weighted,12,0.0813075072031434
binomial_weighted,13,0.156376324663663
binomial_weighted,14,0.622496708904858
binomial_weighted,15,0.920599979262549
binomial_weighted,16,0.17006208076317
binomial_weighted,17,0.113202550580672
binomial_weighted,18,0.0047420718372587
binomial_weighted,19,0.998393402677012
binomial_weighted,20,4.34138370888015e-05
binomial_weighted,21,0.0704042755729045
binomial_weighted,22,0.142445723856619
binomial_weighted,23,0.256900744539322
binomial_weighted,24,0.947087973597615
binomial_weighted,25,0.497377860212069
binomial_weighted,26,0.999999231859543
binomial_weighted,27,0.0362946071415459
binomial_weighted,28,0.952617107250836
binomial_weighted,29,0.905619311811739
binomial_weighted,30,0.284624260324203
binomial_weighted,31,0.311542699663575
binomial_weighted,32,0.00208302693192304
binomial_weighted,33,0.0289249039473756
binomial_weighted,34,0.436259602579236
binomial_weighted,35,0.558325946083823
binomial_weighted,36,0.00610781725607484
binomial_weighted,37,0.963783364205714
binomial_weighted,38,0.587577000659978
binomial_weighted,39,0.000564033344263521
binomial_weighted,40,0.00691613427564691
binomial_weighted,41,0.785085373951752
binomial_weighted,42,0.187784054732824
binomial_weighted,43,0.0186417349038022
binomial_weighted,44,0.961084140536294
binomial_weighted,45,0.307333336458027
binomial_weighted,46,0.00215688657743439
binomial_weighted,47,0.338714368171472
binomial_weighted,48,0.0152557524009041
binomial_weighted,49,0.146380770392249
binomial_weighted,50,0.00312645666547707
binomial_weighted,51,0.137493428104071
binomial_weighted,52,0.00575802829919693
binomial_weighted,53,0.0317922520523991
binomial_weighted,54,0.948592482224761
binomial_weighted,55,0.0967180347800993
binomial_weighted,56,0.158452387506969
binomial_weighted,57,0.998965658675128
binomial_weighted,58,0.999758951692633
binomial_weighted,59,0.505029696356931
binomial_weighted,60,0.000961250035061719
binomial_weighted,61,0.92436442398124
binomial_weighted,62,3.88122836091097e-05
binomial_weighted,63,0.654266302731096
binomial_weighted,64,0.01941383478438
binomial_weighted,65,0.0144223884512491
binomial_weighted,66,0.989059013190857
binomial_weighted,67,0.00154969912358813
binomial_weighted,68,0.00187542312500471
binomial_weighted,69,0.007817160268172
binomial_weighted,70,0.27856132041284
binomial_weighted,71,0.023564005085901
binomial_weighted,72,0.00498872793916095
binomial_weighted,73,0.0728175797231379
binomial_weighted,74,0.0100354832753232
binomial_weighted,75,0.000380274110416983
binomial_weighted,76,0.316864622030065
binomial_weighted,77,0.00356900138759274
binomial_weighted,78,0.039408713953888
binomial_weighted,79,0.0236389188721295
binomial_weighted,80,0.000274108237418793
binomial_degree2,1,0.532055256134113
binomial_degree2,2,0.883315304858558
binomial_degree2,3,0.843453248725734
binomial_degree2,4,0.169076660757992
binomial_degree2,5,0.181942386299978
binomial_degree2,6,0.560272749710263
binomial_degree2,7,0.516903582636998
binomial_degree2,8,0.999660454325494
binomial_degree2,9,0.42152782890302
binomial_degree2,10,0.0163812653714842
binomial_degree2,11,0.410473922527021
binomial_degree2,12,0.20887541542529
binomial_degree2,13,0.989358629039825
binomial_degree2,14,0.0149582006611686
binomial_degree2,15,0.27170506972316
binomial_degree2,16,0.0918464606227037
binomial_degree2,17,0.1805251846202
binomial_degree2,18,0.0287017991331739
binomial_degree2,19,0.892592470646668
binomial_degree2,20,0.302956756916387
binomial_degree2,21,0.0465639554996581
binomial_degree2,22,0.164285709625979
binomial_degree2,23,0.656681509648929
binomial_degree2,24,0.882417820088263
binomial_degree2,25,0.774676311653676
binomial_degree2,26,0.905522336200588
binomial_degree2,27,0.143237834308065
binomial_degree2,28,0.482282061202549
binomial_degree2,29,0.768464153760939
binomial_degree2,30,0.0807736237593084
binomial_degree2,31,0.0277255230122801
binomial_degree2,32,0.00026506030179884
binomial_degree2,33,0.0610230040941099
binomial_degree2,34,0.155088666659811
binomial_degree2,35,0.706385320261234
binomial_degree2,36,0.241111985685381
binomial_degree2,37,0.89556527133823
binomial_degree2,38,0.811294657980646
binomial_degree2,39,0.661383499188914
binomial_degree2,40,0.312090775221106
binomial_degree2,41,0.78480891343012
binomial_degree2,42,0.0360787197472084
binomial_degree2,43,0.578941452989126
binomial_degree2,44,0.924908566048482
binomial_degree2,45,0.270874252805165
binomial_degree2,46,0.0919185990886457
binomial_degree2,47,0.114386999313165
binomial_degree2,48,0.10231691317174
binomial_degree2,49,0.0859390081851634
binomial_degree2,50,0.000737231095214615
binomial_degree2,51,0.451219905800085
binomial_degree2,52,0.00719674012953833
binomial_degree2,53,0.702364629876382
binomial_degree2,54,0.103023608009971
binomial_degree2,55,1.00321577521347e-05
binomial_degree2,56,0.946640818383366
binomial_degree2,57,0.979828791611233
binomial_degree2,58,0.359010596598112
binomial_degree2,59,0.798425774033806
binomial_degree2,60,0.0438002612216223
binomial_degree2,61,0.905028474032284
binomial_degree2,62,0.0259018776001079
binomial_degree2,63,0.0940172052945279
binomial_degree2,64,0.00512701052514841
binomial_degree2,65,0.306010944635361
binomial_degree2,66,0.446668275301626
binomial_degree2,67,0.0875161799358663
binomial_degree2,68,0.00538883857290265
binomial_degree2,69,0.251953086750456
binomial_degree2,70,0.826942412192065
binomial_degree2,71,0.286717545313746
binomial_degree2,72,0.00691075305317506
binomial_degree2,73,0.0422367131504957
binomial_degree2,74,0.119391826841411
binomial_degree2,75,0.00427242300913844
binomial_degree2,76,0.269729758418284
binomial_degree2,77,0.00100909441562272
binomial_degree2,78,0.000369975835691649
binomial_degree2,79,0.0839375320885368
binomial_degree2,80,0.00267091835068502
binomial_unpruned,1,0.0404101266048467
binomial_unpruned,2,0.999911933991913
binomial_unpruned,3,0.788547515125232
binomial_unpruned,4,0.338803038386953
binomial_unpruned,5,0.00800454823749148
binomial_unpruned,6,0.524701326602292
binomial_unpruned,7,0.913920661246754
binomial_unpruned,8,0.949206850542015
binomial_unpruned,9,0.968982059947948
binomial_unpruned,10,0.00331905689477612
binomial_unpruned,11,0.192118905840165
binomial_unpruned,12,0.0435641781966998
binomial_unpruned,13,0.538025366683546
binomial_unpruned,14,0.00101460285885429
binomial_unpruned,15,0.992915264585504
binomial_unpruned,16,0.18567606284622
binomial_unpruned,17,0.291129917593413
binomial_unpruned,18,0.228487720415271
binomial_unpruned,19,0.821093904496074
binomial_unpruned,20,0.0738854066572589
binomial_unpruned,21,0.0446503488686788
binomial_unpruned,22,0.00404623154397206
binomial_unpruned,23,0.154439255960915
binomial_unpruned,24,0.921568886422775
binomial_unpruned,25,0.776712504988524
binomial_unpruned,26,0.992224990082103
binomial_unpruned,27,0.0203000648292954
binomial_unpruned,28,0.990164255524483
binomial_unpruned,29,0.987092716842862
binomial_unpruned,30,0.928259989583601
binomial_unpruned,31,0.000415185803158883
binomial_unpruned,32,2.52502084850622e-06
binomial_unpruned,33,0.1029805848121
binomial_unpruned,34,0.0151599675240985
binomial_unpruned,35,0.818299211809796
binomial_unpruned,36,0.00227514844869093
binomial_unpruned,37,0.956763743587892
binomial_unpruned,38,0.419487426097092
binomial_unpruned,39,0.75361361685489
binomial_unpruned,40,0.356459457157797
binomial_unpruned,41,0.993147434173654
binomial_unpruned,42,0.0410116969885281
binomial_unpruned,43,0.0174315256171735
binomial_unpruned,44,0.994509074493327
binomial_unpruned,45,0.0455543774973558
binomial_unpruned,46,0.0116957063025218
binomial_unpruned,47,0.539636345885227
binomial_unpruned,48,0.554262775022643
binomial_unpruned,49,0.00710023043901496
binomial_unpruned,50,0.00624011285340244
binomial_unpruned,51,0.0819482328912109
binomial_unpruned,52,9.05996722230031e-05
binomial_unpruned,53,0.207045187160075
binomial_unpruned,54,0.0147517484268806
binomial_unpruned,55,2.02450304474574e-05
binomial_unpruned,56,0.225719217156311
binomial_unpruned,57,0.997519005064129
binomial_unpruned,58,0.15890032721245
binomial_unpruned,59,0.0466408326504092
binomial_unpruned,60,0.00409619945354608
binomial_unpruned,61,0.674339179681301
binomial_unpruned,62,0.000133858380208667
binomial_unpruned,63,0.0883195926769288
binomial_unpruned,64,0.00582886938037404
binomial_unpruned,65,0.65683819365639
binomial_unpruned,66,0.912879439970201
binomial_unpruned,67,0.432982141452601
binomial_unpruned,68,0.00290988651190019
binomial_unpruned,69,0.0619142751560892
binomial_unpruned,70,0.838005598251772
binomial_unpruned,71,0.611114276323903
binomial_unpruned,72,0.000542682589206497
binomial_unpruned,73,0.00547120117877943
binomial_unpruned,74,0.596429267631565
binomial_unpruned,75,0.000186076035670461
binomial_unpruned,76,0.318463851248663
binomial_unpruned,77,7.45448444448624e-05
binomial_unpruned,78,4.72152603594956e-06
binomial_unpruned,79,0.000499098022057272
binomial_unpruned,80,0.000934065767619273
gaussian,1,-0.0796998001750686
gaussian,2,0.872990991689127
gaussian,3,-0.222767543823395
gaussian,4,-0.473201739725175
gaussian,5,-0.084053037448375
gaussian,6,1.40060191576589
gaussian,7,-0.0528379453685264
gaussian,8,0.645772569632566
gaussian,9,1.15710633190587
gaussian,10,-0.837852470552383
gaussian,11,0.708072125707828
gaussian,12,0.198198854152093
gaussian,13,-0.157545482101117
gaussian,14,-0.611865542230141
gaussian,15,1.29255983157207
gaussian,16,-0.059330763529692
gaussian,17,-0.170700787042134
gaussian,18,-0.800788581239
gaussian,19,0.825266544110776
gaussian,20,-0.367977378773719
gaussian,21,-1.57321176525911
gaussian,22,0.26583926393196
gaussian,23,1.22237614963598
gaussian,24,1.39871282752909
gaussian,25,-1.4956511130146
gaussian,26,0.553686919763483
gaussian,27,-0.238352326759414
gaussian,28,1.01580384789199
gaussian,29,0.728650459693641
gaussian,30,0.453341870015641
gaussian,31,0.177791371454284
gaussian,32,-1.67036799439184
gaussian,33,-0.775222092946578
gaussian,34,-0.277396701545192
gaussian,35,0.566250227880872
gaussian,36,-0.389321439188946
gaussian,37,1.46921560588877
gaussian,38,0.428399083005102
gaussian,39,1.63795173166493
gaussian,40,0.265037206132179
gaussian,41,0.464999885037614
gaussian,42,-0.722125422276951
gaussian,43,1.23080832637226
gaussian,44,2.21168589922428
gaussian,45,0.119070162619583
gaussian,46,-0.71065223744102
gaussian,47,0.591532129847946
gaussian,48,-0.616103982056948
gaussian,49,-0.138616886811389
gaussian,50,-2.09265098579251
gaussian,51,0.748858419594677
gaussian,52,-1.07122088961909
gaussian,53,0.855283424094541
gaussian,54,1.06512673660445
gaussian,55,-3.56756906619056
gaussian,56,2.19265091824297
gaussian,57,1.431467359721
gaussian,58,1.08137964065559
gaussian,59,0.177498611992457
gaussian,60,-0.578830057994973
gaussian,61,0.258430242675064
gaussian,62,-0.581106982386835
gaussian,63,0.350864823536046
gaussian,64,-1.00153495314979
gaussian,65,0.61737226103222
gaussian,66,2.04937227177585
gaussian,67,-1.11026511009973
gaussian,68,-0.516092818251994
gaussian,69,-0.865515560653
gaussian,70,0.367097620190855
gaussian,71,-0.631753088759675
gaussian,72,-0.651974620467601
gaussian,73,-0.925091111054339
gaussian,74,-0.867483897821563
gaussian,75,0.50823812568168
gaussian,76,0.367935377897317
gaussian,77,-0.66104774358805
gaussian,78,-1.17108390300309
gaussian,79,0.13969530323747
gaussian,80,0.371532387543163
gaussian_weighted,1,-0.369113740690856
gaussian_weighted,2,1.6037254586128
gaussian_weighted,3,-0.500877782295281
gaussian_weighted,4,-0.392455528310018
gaussian_weighted,5,-0.690050100479701
gaussian_weighted,6,1.16162642249421
gaussian_weighted,7,0.318964488321842
gaussian_weighted,8,0.568923533529879
gaussian_weighted,9,1.35093625081363
gaussian_weighted,10,-1.1547919271257
gaussian_weighted,11,1.18298732430226
gaussian_weighted,12,0.421167479025627
gaussian_weighted,13,-0.175177444273565
gaussian_weighted,14,-1.14079165168276
gaussian_weighted,15,1.03931607301595
gaussian_weighted,16,-0.170775812130605
gaussian_weighted,17,-0.0390389944701327
gaussian_weighted,18,-0.705308579633233
gaussian_weighted,19,1.03278459687673
gaussian_weighted,20,-0.0308414664459433
gaussian_weighted,21,-1.22612623893179
gaussian_weighted,22,0.378803254841487
gaussian_weighted,23,1.57775582984676
gaussian_weighted,24,1.38668988335955
gaussian_weighted,25,-1.28599408093144
gaussian_weighted,26,0.318079766963374
gaussian_weighted,27,-0.140369152588189
gaussian_weighted,28,1.1996979864318
gaussian_weighted,29,0.723840181377229
gaussian_weighted,30,0.550163746922963
gaussian_weighted,31,0.590877677687138
gaussian_weighted,32,-1.66503732475933
gaussian_weighted,33,-0.853682014659624
gaussian_weighted,34,-0.409886874009644
gaussian_weighted,35,0.680051125356593
gaussian_weighted,36,-0.609087922115719
gaussian_weighted,37,1.60594348043913
gaussian_weighted,38,0.511266636935801
gaussian_weighted,39,1.42661679345558
gaussian_weighted,40,0.404495323103893
gaussian_weighted,41,0.490222481971353
gaussian_weighted,42,-0.432200358793066
gaussian_weighted,43,0.708340633283712
gaussian_weighted,44,2.07101840700717
gaussian_weighted,45,0.0039721028949371
gaussian_weighted,46,-0.54109153315791
gaussian_weighted,47,1.06732815720268
gaussian_weighted,48,-0.845188245792097
gaussian_weighted,49,-0.227702810012643
gaussian_weighted,50,-1.72913352312713
gaussian_weighted,51,0.670886587186497
gaussian_weighted,52,-0.766149891526407
gaussian_weighted,53,0.988671236785705
gaussian_weighted,54,0.645102496433166
gaussian_weighted,55,-3.31558137391833
gaussian_weighted,56,1.64212474042178
gaussian_weighted,57,1.58638434535884
gaussian_weighted,58,1.11960068037293
gaussian_weighted,59,0.587373656026589
gaussian_weighted,60,-0.782528008149125
gaussian_weighted,61,-0.20976280215932
gaussian_weighted,62,-0.879590492419576
gaussian_weighted,63,-0.438964652594227
gaussian_weighted,64,-0.863106384439762
gaussian_weighted,65,0.427646800955976
gaussian_weighted,66,2.19073211711828
gaussian_weighted,67,-1.43103222847842
gaussian_weighted,68,-0.41337140945361
gaussian_weighted,69,-1.59058737602477
gaussian_weighted,70,0.335932308077641
gaussian_weighted,71,-0.332236450430749
gaussian_weighted,72,-0.701064987472764
gaussian_weighted,73,-0.600129365432806
gaussian_weighted,74,-0.867298069135754
gaussian_weighted,75,0.444811129773847
gaussian_weighted,76,0.334639915141588
gaussian_weighted,77,-0.43842501245844
gaussian_weighted,78,-1.60864188512599
gaussian_weighted,79,0.257267636380351
gaussian_weighted,80,0.741206343473483
gaussian_degree2,1,-0.00157385043594921
gaussian_degree2,2,1.71193553704653
gaussian_degree2,3,-0.543532422727859
gaussian_degree2,4,-0.907248165335806
gaussian_degree2,5,-0.700470970884451
gaussian_degree2,6,1.18757477264182
gaussian_degree2,7,0.430383420044882
gaussian_degree2,8,0.186988285428188
gaussian_degree2,9,1.13892491247421
gaussian_degree2,10,-0.829158258913455
gaussian_degree2,11,1.26580664522145
gaussian_degree2,12,0.134313001323968
gaussian_degree2,13,-0.165776395873834
gaussian_degree2,14,-1.14543400336798
gaussian_degree2,15,1.53781810577467
gaussian_degree2,16,0.348788976322521
gaussian_degree2,17,0.129053321838872
gaussian_degree2,18,0.318175882250038
gaussian_degree2,19,1.86621145055409
gaussian_degree2,20,-0.0859872439406855
gaussian_degree2,21,-1.42143068353449
gaussian_degree2,22,-0.46906763186315
gaussian_degree2,23,0.609874184686394
gaussian_degree2,24,1.20082593482508
gaussian_degree2,25,-0.223684734371414
gaussian_degree2,26,0.494715377444933
gaussian_degree2,27,0.109246673368681
gaussian_degree2,28,1.14343108588593
gaussian_degree2,29,0.628243963582713
gaussian_degree2,30,0.0847400902420809
gaussian_degree2,31,-0.96564090056067
gaussian_degree2,32,-1.43200570952211
gaussian_degree2,33,-0.373948746897641
gaussian_degree2,34,-0.0511944148789012
gaussian_degree2,35,0.846262540334622
gaussian_degree2,36,-0.285344639919682
gaussian_degree2,37,1.11739287981433
gaussian_degree2,38,0.472576542459222
gaussian_degree2,39,1.02171570802851
gaussian_degree2,40,-0.118878436290552
gaussian_degree2,41,0.944407603325971
gaussian_degree2,42,-0.0960843259080556
gaussian_degree2,43,1.01110031806748
gaussian_degree2,44,2.04861509852403
gaussian_degree2,45,0.121849902309559
gaussian_degree2,46,-0.415832142734868
gaussian_degree2,47,0.204239518886143
gaussian_degree2,48,-1.17414685633838
gaussian_degree2,49,-0.46205929516097
gaussian_degree2,50,-1.68533141419055
gaussian_degree2,51,0.44017884436565
gaussian_degree2,52,-1.15993593450292
gaussian_degree2,53,0.527035221069153
gaussian_degree2,54,1.77242728349319
gaussian_degree2,55,-3.19963259135239
gaussian_degree2,56,1.82686554753107
gaussian_degree2,57,1.23166829901401
gaussian_degree2,58,0.555685071648799
gaussian_degree2,59,-0.0475669344229013
gaussian_degree2,60,-0.409440816791702
gaussian_degree2,61,0.0727948569696653
gaussian_degree2,62,-0.826758604050617
gaussian_degree2,63,0.988185842396576
gaussian_degree2,64,-1.19776758075058
gaussian_degree2,65,0.664823422856506
gaussian_degree2,66,1.94018143443294
gaussian_degree2,67,-0.68509022639468
gaussian_degree2,68,-0.523529553071119
gaussian_degree2,69,-0.729015560021707
gaussian_degree2,70,0.461628443588638
gaussian_degree2,71,0.0445328907560485
gaussian_degree2,72,-0.73815547100594
gaussian_degree2,73,-0.829090805894859
gaussian_degree2,74,-0.186538189894028
gaussian_degree2,75,0.397286205443639
gaussian_degree2,76,0.355955210312819
gaussian_degree2,77,-0.708954256922831
gaussian_degree2,78,-1.13694741724705
gaussian_degree2,79,-0.179880042571242
gaussian_degree2,80,-0.324581782267858
gaussian_weighted_degree2,1,-0.100494695572826
gaussian_weighted_degree2,2,1.96365219454012
gaussian_weighted_degree2,3,-0.889282380786759
gaussian_weighted_degree2,4,-0.593671264292367
gaussian_weighted_degree2,5,-0.463356935911541
gaussian_weighted_degree2,6,0.651663603176643
gaussian_weighted_degree2,7,0.405193059382825
gaussian_weighted_degree2,8,-0.497721322781389
gaussian_weighted_degree2,9,1.29800444348006
gaussian_weighted_degree2,10,-1.08411646440447
gaussian_weighted_degree2,11,1.34694178709853
gaussian_weighted_degree2,12,0.723584950073791
gaussian_weighted_degree2,13,-0.0899260288934616
gaussian_weighted_degree2,14,-1.03203920084416
gaussian_weighted_degree2,15,1.1240997033414
gaussian_weighted_degree2,16,-0.13361926278491
gaussian_weighted_degree2,17,0.175606701863381
gaussian_weighted_degree2,18,-0.285582989065506
gaussian_weighted_degree2,19,1.31900807623801
gaussian_weighted_degree2,20,-0.15989476512329
gaussian_weighted_degree2,21,-1.8049175841376
gaussian_weighted_degree2,22,-0.0387570019907479
gaussian_weighted_degree2,23,1.08948327617382
gaussian_weighted_degree2,24,1.20278022712314
gaussian_weighted_degree2,25,-0.99678611840618
gaussian_weighted_degree2,26,0.787675556427546
gaussian_weighted_degree2,27,0.179933273120451
gaussian_weighted_degree2,28,2.15514373943984
gaussian_weighted_degree2,29,0.971694403440263
gaussian_weighted_degree2,30,0.373184946410397
gaussian_weighted_degree2,31,0.10965175977067
gaussian_weighted_degree2,32,-1.31744819153027
gaussian_weighted_degree2,33,-0.754528979239679
gaussian_weighted_degree2,34,0.160359653298973
gaussian_weighted_degree2,35,0.192301155092653
gaussian_weighted_degree2,36,-0.0813658881671675
gaussian_weighted_degree2,37,1.32358819566485
gaussian_weighted_degree2,38,0.288627242099403
gaussian_weighted_degree2,39,0.947662211264927
gaussian_weighted_degree2,40,0.143395441548144
gaussian_weighted_degree2,41,0.499857091300811
gaussian_weighted_degree2,42,-0.594754704186198
gaussian_weighted_degree2,43,0.288073479113355
gaussian_weighted_degree2,44,1.58570957890796
gaussian_weighted_degree2,45,-0.00915457037616115
gaussian_weighted_degree2,46,-0.568750629674058
gaussian_weighted_degree2,47,0.241769299094867
gaussian_weighted_degree2,48,-1.06566882794603
gaussian_weighted_degree2,49,-1.06637881274672
gaussian_weighted_degree2,50,-1.7223994122519
gaussian_weighted_degree2,51,0.612589815531994
gaussian_weighted_degree2,52,-0.487906521743297
gaussian_weighted_degree2,53,0.935414186367637
gaussian_weighted_degree2,54,1.27059290133618
gaussian_weighted_degree2,55,-3.77055969194014
gaussian_weighted_degree2,56,1.37955221069742
gaussian_weighted_degree2,57,2.10677658093058
gaussian_weighted_degree2,58,0.919635184438065
gaussian_weighted_degree2,59,0.659787338943449
gaussian_weighted_degree2,60,-0.621094735881707
gaussian_weighted_degree2,61,0.71876872273809
gaussian_weighted_degree2,62,-1.01265576371062
gaussian_weighted_degree2,63,0.0561590441741464
gaussian_weighted_degree2,64,-1.76146374722271
gaussian_weighted_degree2,65,0.650466066916295
gaussian_weighted_degree2,66,2.81283766579902
gaussian_weighted_degree2,67,-1.5558240456992
gaussian_weighted_degree2,68,-0.232719764806873
gaussian_weighted_degree2,69,-1.32845855496734
gaussian_weighted_degree2,70,0.799927751564944
gaussian_weighted_degree2,71,-0.275821818372025
gaussian_weighted_degree2,72,-0.380994038016685
gaussian_weighted_degree2,73,-0.494506887037681
gaussian_weighted_degree2,74,-0.91970731228577
gaussian_weighted_degree2,75,0.636212890193903
gaussian_weighted_degree2,76,0.344570269385236
gaussian_weighted_degree2,77,-0.0809964853131887
gaussian_weighted_degree2,78,-1.0407415554441
gaussian_weighted_degree2,79,-0.0630760930146226
gaussian_weighted_degree2,80,0.0993480819665457
gaussian_nprune,1,-0.430919278878373
gaussian_nprune,2,1.44105233878665
gaussian_nprune,3,-0.362694467402586
gaussian_nprune,4,-0.348568221481516
gaussian_nprune,5,0.421614004948332
gaussian_nprune,6,0.868582398592365
gaussian_nprune,7,-0.0248617309852379
gaussian_nprune,8,0.63054390033355
gaussian_nprune,9,1.26551637430533
gaussian_nprune,10,-0.737581348479207
gaussian_nprune,11,0.351585058516084
gaussian_nprune,12,0.394576359281807
gaussian_nprune,13,0.0157153457125182
gaussian_nprune,14,-0.371695102090921
gaussian_nprune,15,1.59934681969031
gaussian_nprune,16,-0.0457049602710181
gaussian_nprune,17,0.183153384739557
gaussian_nprune,18,-0.240722893707775
gaussian_nprune,19,0.625395364847123
gaussian_nprune,20,-0.392244552381785
gaussian_nprune,21,-1.26718028182301
gaussian_nprune,22,0.538936619143024
gaussian_nprune,23,1.25774912364811
gaussian_nprune,24,1.53047152215456
gaussian_nprune,25,-0.992077816782666
gaussian_nprune,26,0.281629504971889
gaussian_nprune,27,0.680306702696224
gaussian_nprune,28,0.941931977315194
gaussian_nprune,29,0.516180930190749
gaussian_nprune,30,0.297535793728149
gaussian_nprune,31,-0.503825580272462
gaussian_nprune,32,-2.47691448604424
gaussian_nprune,33,-0.15802220880926
gaussian_nprune,34,0.563352008548006
gaussian_nprune,35,0.137668889951307
gaussian_nprune,36,-0.07352615653356
gaussian_nprune,37,1.53227768081324
gaussian_nprune,38,0.390793854617758
gaussian_nprune,39,1.08633217107595
gaussian_nprune,40,0.436577499741348
gaussian_nprune,41,0.161509961093015
gaussian_nprune,42,-1.29194517410782
gaussian_nprune,43,0.229784275077075
gaussian_nprune,44,1.8125706547282
gaussian_nprune,45,0.238465508444893
gaussian_nprune,46,-0.759407523874114
gaussian_nprune,47,0.511565459462313
gaussian_nprune,48,-0.337459215909736
gaussian_nprune,49,-0.752667016586336
gaussian_nprune,50,-1.75551278109739
gaussian_nprune,51,1.13837195000838
gaussian_nprune,52,-1.2282446046382
gaussian_nprune,53,0.884623963614067
gaussian_nprune,54,0.912786616488176
gaussian_nprune,55,-2.45809635134707
gaussian_nprune,56,1.08983455638554
gaussian_nprune,57,1.36008678384897
gaussian_nprune,58,0.703443562977246
gaussian_nprune,59,0.398988422725206
gaussian_nprune,60,-0.231648622087282
gaussian_nprune,61,-0.363870550934334
gaussian_nprune,62,-0.117170718633539
gaussian_nprune,63,0.219411801818998
gaussian_nprune,64,-0.235548278960975
gaussian_nprune,65,0.283822480949805
gaussian_nprune,66,1.32712724734345
gaussian_nprune,67,-1.03421329321572
gaussian_nprune,68,-0.812008619210652
gaussian_nprune,69,-0.495148825223002
gaussian_nprune,70,0.596359904617779
gaussian_nprune,71,-0.630400738415429
gaussian_nprune,72,-0.935984657609943
gaussian_nprune,73,-1.16943055417516
gaussian_nprune,74,-0.888031868753519
gaussian_nprune,75,-0.713810534571835
gaussian_nprune,76,0.614013607298014
gaussian_nprune,77,-0.0737621025844322
gaussian_nprune,78,-0.994434897673034
gaussian_nprune,79,0.208608370692779
gaussian_nprune,80,-0.356945886500134
gaussian_spans,1,0.00417872882962533
gaussian_spans,2,1.08447648518634
gaussian_spans,3,-0.408750967998136
gaussian_spans,4,-0.519804988820925
gaussian_spans,5,-0.34608811481254
gaussian_spans,6,1.2684608327711
gaussian_spans,7,0.25204240288238
gaussian_spans,8,0.913562603610705
gaussian_spans,9,1.31042138848273
gaussian_spans,10,-0.536736010064415
gaussian_spans,11,0.772795481789663
gaussian_spans,12,0.290755256178906
gaussian_spans,13,0.357490893717529
gaussian_spans,14,-1.28307279098808
gaussian_spans,15,1.45414763804891
gaussian_spans,16,0.0311940052118871
gaussian_spans,17,0.273215831660421
gaussian_spans,18,-0.714105640482286
gaussian_spans,19,1.4550637479886
gaussian_spans,20,0.106382268630901
gaussian_spans,21,-1.790327164896
gaussian_spans,22,0.217888221204639
gaussian_spans,23,1.43212941007837
gaussian_spans,24,0.988015322468079
gaussian_spans,25,-1.04967509218124
gaussian_spans,26,0.35012211633942
gaussian_spans,27,0.171573339390243
gaussian_spans,28,1.04691471008957
gaussian_spans,29,0.753123199778019
gaussian_spans,30,0.157241474199813
gaussian_spans,31,0.320602807291161
gaussian_spans,32,-1.60010496092758
gaussian_spans,33,-0.956490360013001
gaussian_spans,34,0.196064599320696
gaussian_spans,35,0.53264827887156
gaussian_spans,36,-0.470062611241366
gaussian_spans,37,1.3853798289691
gaussian_spans,38,0.621245624625746
gaussian_spans,39,1.22114257950627
gaussian_spans,40,0.0968689185205409
gaussian_spans,41,0.66118599806765
gaussian_spans,42,-0.409886612410424
gaussian_spans,43,0.921416593167355
gaussian_spans,44,2.15153629245962
gaussian_spans,45,-0.105235843262934
gaussian_spans,46,-0.24881284103545
gaussian_spans,47,0.386928317304984
gaussian_spans,48,-1.16712193878021
gaussian_spans,49,-0.659170933901169
gaussian_spans,50,-1.76467831103133
gaussian_spans,51,0.51611377610781
gaussian_spans,52,-0.833548070555614
gaussian_spans,53,1.02305432114396
gaussian_spans,54,0.710247992308591
gaussian_spans,55,-3.57619057468782
gaussian_spans,56,1.84597971411433
gaussian_spans,57,1.5558804274391
gaussian_spans,58,0.904036344034526
gaussian_spans,59,0.868003967002262
gaussian_spans,60,-0.428499940738888
gaussian_spans,61,0.327794636166264
gaussian_spans,62,-0.885187875161944
gaussian_spans,63,0.339864862100916
gaussian_spans,64,-0.906664092168223
gaussian_spans,65,0.370201563669128
gaussian_spans,66,2.2841158690312
gaussian_spans,67,-1.81504957366271
gaussian_spans,68,-0.819815855332759
gaussian_spans,69,-0.927767163836472
gaussian_spans,70,0.388808832271863
gaussian_spans,71,0.00953358723883513
gaussian_spans,72,-0.777038100641358
gaussian_spans,73,-0.803257758177035
gaussian_spans,74,-0.986616837717108
gaussian_spans,75,0.40330710119252
gaussian_spans,76,0.513513995949066
gaussian_spans,77,-0.666919866193086
gaussian_spans,78,-1.54090846894414
gaussian_spans,79,0.229840382461473
gaussian_spans,80,0.0549178004762755
