case,row,cloglog,logistic,cloglog_out,logistic_out
default,1,0.442381813784,0.368719072344,0.42422978122,0.355689458816
default,2,0.837113670921,0.644722689936,0.999930277927,0.905401513089
default,3,0.571906894388,0.4589958249,0.513376715845,0.418694212495
default,4,0.411019417002,0.346132596787,0.68819512134,0.538186797059
default,5,0.31924025935,0.277741500529,0.565274099781,0.45445803718
default,6,0.722205795875,0.561571709932,0.781344531413,0.603215224921
default,7,0.689214392354,0.538884055952,0.943024712455,0.741277002596
default,8,0.793964383022,0.612358961861,0.717790028318,0.558519148752
default,9,0.860963915078,0.663641885121,0.976235070825,0.789009253562
default,10,0.2863402376,0.25225200393,0.287648553724,0.253276558077
default,11,0.601384042241,0.479100696259,0.872319403875,0.673012777608
default,12,0.587125221099,0.469386501125,0.623592757247,0.494204501424
default,13,0.374638594424,0.31946194774,0.717910322726,0.558602230891
default,14,0.236475988092,0.212481044589,0.276782764671,0.244739024709
default,15,0.794349930836,0.612640208206,0.675845779956,0.529751646639
default,16,0.406656289803,0.342961762393,0.959616741922,0.762433064609
default,17,0.53315094212,0.432382345419,0.725917101498,0.564141896097
default,18,0.367575699971,0.314220545311,0.750912401915,0.581581317524
default,19,0.806736535578,0.621742386855,0.91013082066,0.706693279511
default,20,0.323103813982,0.280698370395,0.842488432063,0.648908009701
default,21,0.345937839669,0.298025359351,0.678889303345,0.531828491568
default,22,0.439939103719,0.366972321935,0.518599040233,0.422317523891
default,23,0.665153768484,0.522464206091,0.789891052085,0.60939469554
default,24,0.867569595611,0.66906024596,0.57636377278,0.462041701941
default,25,0.516387736032,0.42078405247,0.90765852916,0.704339870874
default,26,0.732336832307,0.568598440242,0.591682961813,0.472493531796
default,27,0.469916564171,0.388274765898,0.739630814017,0.573679793474
default,28,0.760709126478,0.588490138814,0.958429969103,0.760787055509
default,29,0.739867012338,0.573844681119,0.587759042935,0.469818701468
default,30,0.512665310927,0.41820014649,0.641467144029,0.506352009273
default,31,0.200522661466,0.182871076572,0.839681548866,0.646717151911
default,32,0.0678356968886,0.0656355422404,0.314836701613,0.274362241372
default,33,0.271178897448,0.240310335865,0.845237125294,0.65106474485
default,34,0.475794301489,0.392419011732,0.614674846698,0.488142238369
default,35,0.686284595251,0.536880317843,0.959616741922,0.762433064609
default,36,0.371416843905,0.317073747466,0.475594277611,0.392278145696
default,37,0.820056287846,0.63169095811,0.82247445124,0.633517163338
default,38,0.686284595913,0.536880318296,0.963531211371,0.768051318586
default,39,0.6769370562,0.530496175436,0.950352804634,0.750175712549
default,40,0.66252109824,0.520671585261,0.869141486661,0.67036284309
default,41,0.726685528057,0.564674603915,0.711717333155,0.554330220782
default,42,0.312613102991,0.272652145056,0.296587822846,0.26025230054
default,43,0.357185734481,0.306470365734,0.505738356809,0.413383167891
default,44,0.922191485752,0.718587658016,0.721613969592,0.561162250003
default,45,0.409424211072,0.34497414906,0.915869163659,0.712261855961
default,46,0.401333306594,0.339083428289,0.502600215221,0.411197093058
default,47,0.562789900409,0.452756891634,0.961238355517,0.76472382233
default,48,0.432897991869,0.361925894648,0.918340275459,0.714709115819
default,49,0.243192223959,0.217922700548,0.730697560946,0.567459123199
default,50,0.13645323541,0.127937822778,0.492497567158,0.404142558585
default,51,0.673410253244,0.528090527628,0.980732085774,0.797951798664
default,52,0.229514223796,0.206811323654,0.335521162211,0.290151975757
default,53,0.415757830764,0.349567990014,0.853364834457,0.657511685064
default,54,0.52769700239,0.428615361607,0.768980409843,0.594362081764
default,55,0.0750134210977,0.0723356059783,0.210737737454,0.191368090293
default,56,0.819543676846,0.631304668165,0.851837078613,0.656291574707
default,57,0.842990160803,0.649300839822,0.996606487329,0.850431274869
default,58,0.532928810061,0.432229038934,0.766314590755,0.592465414692
default,59,0.643513069657,0.507742642344,0.773415808883,0.597526996324
default,60,0.334830785468,0.289628338557,0.408065306318,0.343986539247
default,61,0.64410759779,0.508146770342,0.622295541459,0.493322816779
default,62,0.243210285938,0.217937297971,0.416195146737,0.349884623887
default,63,0.317936955542,0.276742370317,0.959616741922,0.762433064609
default,64,0.228143602775,0.205691544301,0.633231176592,0.500754743595
default,65,0.489755997779,0.402223572393,0.821230120825,0.632576622508
default,66,0.842329295289,0.648783490982,0.565044990486,0.454301183775
default,67,0.273973585445,0.24252115446,0.451976079581,0.375560568093
default,68,0.182907216407,0.168055061001,0.704815383145,0.549580855412
default,69,0.458339983933,0.380082068216,0.652199729926,0.513648695644
default,70,0.794771724098,0.6129480307,0.511161373098,0.417155282497
default,71,0.384511348563,0.326752913748,0.734395152666,0.570030361338
default,72,0.211616902349,0.192096207872,0.442237361499,0.368615832439
default,73,0.208451550535,0.189472341106,0.228727954553,0.206169095015
default,74,0.444316904192,0.370101404125,0.711166709153,0.553950890034
default,75,0.15188666152,0.141440027011,0.613477943248,0.487328384017
default,76,0.430249215593,0.360023032659,0.468369407913,0.387182207429
default,77,0.159473646518,0.148013103751,0.237078802048,0.212970579963
default,78,0.096432993076,0.092068773287,0.430194887012,0.359983977544
default,79,0.24091488373,0.216080610695,0.765564823926,0.591932699459
default,80,0.146202993329,0.136488233282,0.488467860712,0.401321234521
default_8,1,0.613874746432,0.487598203808,0.533608194407,0.432697891262
default_8,2,0.800961351644,0.617482029135,0.780448698566,0.602570471535
default_8,3,0.554767224504,0.447256692636,0.460854637148,0.381865180906
default_8,4,0.575768892302,0.461635298789,0.486318036472,0.399814285626
default_8,5,0.520817745656,0.423855028368,0.44965118187,0.373905503473
default_8,6,0.666274157475,0.523227283027,0.599102791779,0.477547669381
default_8,7,0.654257073071,0.515048003665,0.585128389218,0.468024602168
default_8,8,0.670482144193,0.526094366371,0.606193111486,0.482373422762
default_8,9,0.662632340656,0.520747319645,0.51953505903,0.422966293578
default_8,10,0.587900176182,0.469914934135,0.501224666871,0.410238096381
default_8,11,0.712256626062,0.554701821733,0.661241309721,0.519800372139
default_8,12,0.508534606578,0.415329049841,0.44965118187,0.373905503473
default_8,13,0.630063434179,0.498602035229,0.554097956332,0.446797394644
default_8,14,0.610183950789,0.485088237703,0.528969077147,0.429494517365
default_8,15,0.696341794373,0.543764927327,0.601802362282,0.479385438605
default_8,16,0.570392635475,0.457960380973,0.44965118187,0.373905503473
default_8,17,0.485611916943,0.399319046331,0.44965118187,0.373905503473
default_8,18,0.587438661704,0.469600239951,0.500654975866,0.409840783723
default_8,19,0.687385890437,0.537633345715,0.628336823651,0.497428662804
default_8,20,0.517602364096,0.421626496115,0.446847336291,0.371907133718
default_8,21,0.508478966736,0.415290349024,0.406345065274,0.342735306018
default_8,22,0.686255519493,0.5368604395,0.626850136939,0.496418316161
default_8,23,0.744657010717,0.577193403158,0.704568410177,0.549411120417
default_8,24,0.451211896543,0.375016749621,0.44965118187,0.373905503473
default_8,25,0.543031382916,0.439191715285,0.446820546221,0.371888027301
default_8,26,0.517243094944,0.421377348401,0.44965118187,0.373905503473
default_8,27,0.685433335362,0.536298389368,0.625769298976,0.495683765145
default_8,28,0.687786411164,0.537907257318,0.62886379232,0.497786783304
default_8,29,0.582772362927,0.466417181516,0.480830583638,0.395962013541
default_8,30,0.576564857604,0.462179066789,0.480079913905,0.395434378393
default_8,31,0.740414713709,0.574227111085,0.69887206604,0.5455000109
default_8,32,0.614332140694,0.487909216035,0.534183960324,0.433095163128
default_8,33,0.667336906567,0.523951212382,0.602094630008,0.479584372255
default_8,34,0.6581560094,0.517700584794,0.590172425787,0.471464014012
default_8,35,0.475667046483,0.392329394229,0.44965118187,0.373905503473
default_8,36,0.52882677275,0.429396184703,0.44965118187,0.373905503473
default_8,37,0.76412917525,0.590913531153,0.729080087887,0.566335873127
default_8,38,0.587551444336,0.469677145332,0.463160940348,0.383498827805
default_8,39,0.678350817323,0.531460949932,0.605331180967,0.481786961931
default_8,40,0.61822116585,0.490553280117,0.524188775732,0.426188995145
default_8,41,0.614951676069,0.488330464412,0.534964125473,0.433633363349
default_8,42,0.478392553766,0.394247774216,0.388776589749,0.329890192881
default_8,43,0.613957862507,0.487654720528,0.533712806715,0.432770077451
default_8,44,0.710118720196,0.553229134236,0.611681410041,0.486106680361
default_8,45,0.608543466255,0.483972387378,0.526911012122,0.428071979563
default_8,46,0.469119641577,0.387712090752,0.448581279019,0.373143261799
default_8,47,0.573588984873,0.460145679554,0.455084729817,0.377770850167
default_8,48,0.5334529163,0.432590739862,0.435472549283,0.363773087493
default_8,49,0.587204985997,0.469440894685,0.500366605358,0.409639637849
default_8,50,0.635605595098,0.502368345487,0.561164116584,0.451643084447
default_8,51,0.663305390415,0.521205557483,0.558626900221,0.449904064086
default_8,52,0.605331300381,0.481787043184,0.522888258986,0.425288861681
default_8,53,0.608610199385,0.484017781816,0.496492451674,0.406935266456
default_8,54,0.451577031834,0.375276615813,0.44965118187,0.373905503473
default_8,55,0.672690139147,0.527599518649,0.609074488243,0.484333602119
default_8,56,0.660860164236,0.519540933687,0.574479206109,0.460754076076
default_8,57,0.773436622614,0.597541876146,0.743328392725,0.576263610153
default_8,58,0.703061708451,0.548375923895,0.649034968799,0.511496606585
default_8,59,0.634793426598,0.501816409992,0.551453368957,0.444981773554
default_8,60,0.593911638698,0.474012123656,0.50866365886,0.41541881052
default_8,61,0.572066173046,0.459104721411,0.481796773714,0.396640901366
default_8,62,0.604052352981,0.480916756084,0.52128918669,0.424181584398
default_8,63,0.422649340981,0.354549493353,0.44965118187,0.373905503473
default_8,64,0.68756950474,0.537758914171,0.628578393943,0.497592830881
default_8,65,0.639881717148,0.50527445163,0.566633530889,0.455388580341
default_8,66,0.679370623982,0.532157048378,0.567106929829,0.455712564922
default_8,67,0.659982917231,0.518943851431,0.592539847749,0.473077455603
default_8,68,0.654122726697,0.514956620202,0.584954792887,0.46790618471
default_8,69,0.531213805916,0.431045078964,0.438846486035,0.366190349878
default_8,70,0.580270203657,0.464709392054,0.450579770055,0.374566764005
default_8,71,0.480828229483,0.395960359087,0.44965118187,0.373905503473
default_8,72,0.576090079205,0.461854728725,0.486710861433,0.400089735651
default_8,73,0.432544091438,0.361671797621,0.408254494179,0.344124077442
default_8,74,0.534316841516,0.433186840281,0.44965118187,0.373905503473
default_8,75,0.666631603734,0.523470758128,0.601176541407,0.478959449837
default_8,76,0.713428561252,0.555509609869,0.662800273584,0.520861651173
default_8,77,0.732653736106,0.568818802686,0.688467167461,0.538372880111
default_8,78,0.725545768977,0.563884540496,0.678958334798,0.531875611557
default_8,79,0.617340867395,0.489954833681,0.527509036533,0.428485426134
default_8,80,0.697708083998,0.544701672251,0.641949621272,0.506679943237
default_12,1,0.703056537975,0.548372372343,0.895428916633,0.693052697349
default_12,2,0.846629535505,0.652161687008,0.989043837606,0.818638624795
default_12,3,0.69019351492,0.539554017697,0.835417505571,0.643410283372
default_12,4,0.531926445026,0.431537124298,0.666022703976,0.523056012334
default_12,5,0.580998610479,0.465206621642,0.61108640016,0.485702019435
default_12,6,0.585277658787,0.468126422772,0.718309490885,0.558877948848
default_12,7,0.736588186719,0.571557711549,0.927927289236,0.724523962091
default_12,8,0.704629861132,0.549453351976,0.816231369382,0.628815464521
default_12,9,0.646813110555,0.509985978662,0.566530732303,0.455318222918
default_12,10,0.5700285744,0.457711392013,0.768352065428,0.593914662314
default_12,11,0.737508931135,0.572199508415,0.9380803241,0.735583852069
default_12,12,0.624087731033,0.494540912976,0.704672502188,0.549482657129
default_12,13,0.474787648872,0.391709962965,0.715219849894,0.55674501544
default_12,14,0.313396348742,0.273254799938,0.351950520228,0.302546930878
default_12,15,0.74593042676,0.578085265884,0.835009677722,0.643095307864
default_12,16,0.46499335757,0.38479563624,0.53843529952,0.436026525865
default_12,17,0.476182443054,0.39269232593,0.605445161102,0.481864517098
default_12,18,0.530706073022,0.430694449279,0.72935579059,0.566527270711
default_12,19,0.850023966995,0.654848659172,0.987572114792,0.814395917538
default_12,20,0.461650021433,0.382428769173,0.603967564303,0.480859056074
default_12,21,0.648977403939,0.511457465942,0.850609321556,0.655313901673
default_12,22,0.432458832397,0.361610575917,0.508974226679,0.415634805687
default_12,23,0.690019681524,0.539435060572,0.882439100126,0.681609657564
default_12,24,0.734055336256,0.569793853749,0.693235487236,0.541636562435
default_12,25,0.786470543552,0.606915223879,0.96654746731,0.772604674583
default_12,26,0.812973513698,0.62637843485,0.94398549714,0.742410422027
default_12,27,0.618554499985,0.490779881173,0.828121823039,0.637808363038
default_12,28,0.667867707813,0.524312827791,0.849309939426,0.654281907238
default_12,29,0.635746087953,0.502463822525,0.727247429223,0.565064261572
default_12,30,0.306353382191,0.267824435795,0.441405202149,0.368020952024
default_12,31,0.689534612766,0.539103147604,0.922418369843,0.71881872634
default_12,32,0.456043974409,0.378452259007,0.655751826887,0.516064820674
default_12,33,0.516494691422,0.420858248179,0.672464472362,0.527445660336
default_12,34,0.59242176417,0.472996991659,0.780586461638,0.602669587824
default_12,35,0.530864698341,0.430803998234,0.53843529952,0.436026525865
default_12,36,0.541328646008,0.438019549793,0.625645957486,0.495599939617
default_12,37,0.571598592125,0.458785033661,0.723702269506,0.562607539143
default_12,38,0.584425246721,0.467544939007,0.617475781683,0.490046553165
default_12,39,0.689875386926,0.539336321342,0.847129504006,0.652556300205
default_12,40,0.432080229973,0.361338683247,0.53843529952,0.436026525865
default_12,41,0.680709232351,0.533070970836,0.85330292177,0.657462162381
default_12,42,0.641820620708,0.506592262543,0.852340087916,0.656692854933
default_12,43,0.664636317417,0.52211181839,0.871713745406,0.672506009831
default_12,44,0.749882392613,0.580857606296,0.760724213176,0.588500815365
default_12,45,0.381260507227,0.324356712573,0.460696336874,0.381752990097
default_12,46,0.490522030183,0.402759965439,0.554129307428,0.446818911563
default_12,47,0.333954723803,0.288963533674,0.530889472587,0.430821107227
default_12,48,0.337822593566,0.291895919722,0.475873931033,0.392475087307
default_12,49,0.594590290918,0.474474461496,0.798242213048,0.615486271282
default_12,50,0.468997647099,0.387625938607,0.648904097708,0.511407622326
default_12,51,0.578990840164,0.463835917104,0.623406037044,0.494077594734
default_12,52,0.464928555487,0.384749793068,0.601224616808,0.478992175176
default_12,53,0.547437498133,0.442222444498,0.60749658357,0.483260224671
default_12,54,0.819933199713,0.631598175803,0.548157685178,0.44271749439
default_12,55,0.348139777715,0.299683166948,0.464340089646,0.384333433916
default_12,56,0.792476461792,0.611274668594,0.923572662526,0.719998922391
default_12,57,0.844628556768,0.650586252438,0.987009685617,0.812858536611
default_12,58,0.592204279821,0.472848791223,0.772827270334,0.597106357785
default_12,59,0.751985180279,0.582335598803,0.907025727128,0.70374166514
default_12,60,0.503924360431,0.412119807911,0.661028338948,0.519655405587
default_12,61,0.772814762279,0.597097420366,0.951806168078,0.75201636944
default_12,62,0.314927510639,0.274432026308,0.340944465948,0.294257539086
default_12,63,0.616509121651,0.48938936907,0.53843529952,0.436026525865
default_12,64,0.534455345701,0.433282393118,0.727795918784,0.565444719534
default_12,65,0.583988231474,0.467246793537,0.771476842989,0.596141981535
default_12,66,0.730587172145,0.567382435265,0.752053348589,0.582383546708
default_12,67,0.439830519226,0.366894627636,0.594810276736,0.474624320273
default_12,68,0.517354950779,0.42145492185,0.725050833512,0.563541589794
default_12,69,0.434150534319,0.362824856501,0.565475819603,0.454596132899
default_12,70,0.510024172657,0.416364856645,0.662802620655,0.520863249115
default_12,71,0.616534125836,0.489406368606,0.810464099654,0.624508597875
default_12,72,0.52907242174,0.429565926089,0.719672890323,0.559820040298
default_12,73,0.490304089013,0.402607374141,0.640679056232,0.505816367424
default_12,74,0.478407247751,0.39425811098,0.568758153162,0.45684238417
default_12,75,0.535322828029,0.433880775559,0.774457368942,0.598271940504
default_12,76,0.633647621374,0.501037748085,0.83758837321,0.64509069615
default_12,77,0.378317727467,0.322183768124,0.491320967056,0.403319231866
default_12,78,0.438121422684,0.365671206743,0.628275939421,0.497387286576
default_12,79,0.460878087736,0.38188180018,0.525091577578,0.426813642369
default_12,80,0.428507588365,0.358770511221,0.57904919216,0.4638757606
lqph,1,0.513303840735,0.418643606622,0.47499838128,0.391858419371
lqph,2,0.844232542127,0.650275185686,0.997986223144,0.861260319608
lqph,3,0.652540286176,0.51388030972,0.569039430825,0.457034805798
lqph,4,0.445213921209,0.370741763562,0.736422848317,0.571442497973
lqph,5,0.360700379397,0.309097412335,0.446688285311,0.371793696632
lqph,6,0.725298209442,0.563712991691,0.634250031859,0.501447131013
lqph,7,0.672374635005,0.527384411365,0.966925141696,0.773190266296
lqph,8,0.807100994574,0.622012268977,0.640549104672,0.505728044229
lqph,9,0.805052838161,0.620497207248,0.873517301075,0.674017543628
lqph,10,0.275500702464,0.243727372812,0.275364310379,0.243619694332
lqph,11,0.582745304811,0.466398717375,0.892527358154,0.690452211264
lqph,12,0.624978051516,0.495146012025,0.488620679426,0.401428307165
lqph,13,0.39214302973,0.332361104647,0.678799965356,0.531767511555
lqph,14,0.230639045075,0.207729415517,0.317715187374,0.276572275035
lqph,15,0.745186086795,0.577563868276,0.454160817693,0.377114262818
lqph,16,0.478684394593,0.39445306366,0.848986791913,0.654025684935
lqph,17,0.614062200579,0.487725667216,0.624392111877,0.494747784607
lqph,18,0.365997776027,0.313046599537,0.677558636423,0.530920320022
lqph,19,0.82744627803,0.637293044485,0.917962727314,0.714333183136
lqph,20,0.377695031927,0.321723502441,0.800445833428,0.617103169442
lqph,21,0.362832341907,0.310688275262,0.794610404004,0.612830283308
lqph,22,0.441803757838,0.368305894118,0.527896795684,0.428753464958
lqph,23,0.679601728185,0.532314814881,0.649853807764,0.512053384076
lqph,24,0.816765205221,0.629215850578,0.421807179825,0.353941675209
lqph,25,0.543011212564,0.439177833123,0.892694867274,0.690601602447
lqph,26,0.78417022983,0.605252554212,0.410555179254,0.345795564472
lqph,27,0.457308306569,0.379349943856,0.608141970257,0.483699269119
lqph,28,0.756918981517,0.585811643484,0.801531466925,0.617901281403
lqph,29,0.774217005524,0.598099968155,0.40654932571,0.342883936295
lqph,30,0.546992383116,0.441916431085,0.522450883703,0.424986056615
lqph,31,0.214179454271,0.194215645387,0.874265894108,0.674647125057
lqph,32,0.0729266545375,0.0703923070533,0.324420259507,0.281704184826
lqph,33,0.308912705457,0.269800704289,0.897566150667,0.694986002492
lqph,34,0.481180270108,0.396207748992,0.493356681461,0.404743493161
lqph,35,0.696204574042,0.543670867929,0.848986791913,0.654025684935
lqph,36,0.443499413496,0.369517582748,0.394050853417,0.333759377762
lqph,37,0.805769222174,0.621026689928,0.489128751704,0.401784243391
lqph,38,0.696204573565,0.543670867602,0.854038082168,0.658050628545
lqph,39,0.675779053152,0.529706126817,0.918364312161,0.714733074903
lqph,40,0.614164510673,0.487795234484,0.694749449592,0.54267366099
lqph,41,0.766587393028,0.592659321145,0.663044732287,0.521028086971
lqph,42,0.3448126415,0.29717734369,0.404632228392,0.341488324729
lqph,43,0.40397053924,0.341006296789,0.472249888987,0.389921149114
lqph,44,0.901121715549,0.698237614293,0.525363807647,0.427001963782
lqph,45,0.437206564157,0.365015913922,0.831024008793,0.640028621211
lqph,46,0.503139655812,0.411573048296,0.392696758426,0.332767092092
lqph,47,0.580626792255,0.46495281634,0.851037926056,0.65565491757
lqph,48,0.481738372823,0.396599873763,0.82681750043,0.636813898605
lqph,49,0.276481454848,0.244501348995,0.895908145311,0.693484856781
lqph,50,0.139844260092,0.13091981491,0.509932024333,0.416300794351
lqph,51,0.662451857094,0.52062444607,0.885725414606,0.684458085513
lqph,52,0.213693586261,0.193814118419,0.465412058704,0.385091808682
lqph,53,0.431551595702,0.360958961351,0.682157040081,0.534059733724
lqph,54,0.394828536503,0.334328933332,0.616172934737,0.489160804169
lqph,55,0.0630699484319,0.061162142268,0.18852212672,0.172800460747
lqph,56,0.82925395402,0.638673228883,0.719940042067,0.560004702597
lqph,57,0.84140031999,0.64805734538,0.927530714477,0.72410691341
lqph,58,0.522195096378,0.424808949835,0.70984874096,0.553043243227
lqph,59,0.672729122506,0.527626097871,0.603510325372,0.480547889703
lqph,60,0.364715347149,0.312091691663,0.431294863183,0.360774513072
lqph,61,0.67097424592,0.526429776895,0.546155385178,0.441340906222
lqph,62,0.244404870451,0.218902307448,0.539016722047,0.43642715422
lqph,63,0.378912034779,0.322622897746,0.848986791913,0.654025684935
lqph,64,0.217943820786,0.197321429883,0.643383850722,0.507654807717
lqph,65,0.484136307491,0.398283680087,0.76128591499,0.588898405379
lqph,66,0.821039388933,0.632432609687,0.486211472615,0.39973955546
lqph,67,0.395058527287,0.334497326325,0.429131070822,0.359219023024
lqph,68,0.171632854459,0.158460825459,0.75668668547,0.585647716305
lqph,69,0.499863259913,0.409288491111,0.567861589818,0.456228974026
lqph,70,0.749663548481,0.580703903021,0.394425933324,0.334034107179
lqph,71,0.511869838081,0.417647556089,0.58436853424,0.467506249131
lqph,72,0.212813012017,0.193086014239,0.540842381792,0.437684706436
lqph,73,0.259418515139,0.230958303222,0.311713890373,0.271959876331
lqph,74,0.576923801522,0.462424255915,0.562836505948,0.452788814786
lqph,75,0.129969887089,0.12221216644,0.647502586315,0.510454727331
lqph,76,0.420258869263,0.352823527984,0.421292490224,0.353570077822
lqph,77,0.125937095955,0.118634395674,0.259973040631,0.231401055679
lqph,78,0.0807448462586,0.0776537616166,0.393488887067,0.333347656452
lqph,79,0.286511841458,0.252386441447,0.620845921325,0.492337498686
lqph,80,0.142082830841,0.13288361248,0.520556033377,0.423673725365
lqpht,1,0.513303840735,0.418643606622,0.47499838128,0.391858419371
lqpht,2,0.844232542127,0.650275185686,0.997986223144,0.861260319608
lqpht,3,0.652540286176,0.51388030972,0.569039430825,0.457034805798
lqpht,4,0.445213921209,0.370741763562,0.736422848317,0.571442497973
lqpht,5,0.360700379397,0.309097412335,0.446688285311,0.371793696632
lqpht,6,0.725298209442,0.563712991691,0.634250031859,0.501447131013
lqpht,7,0.672374635005,0.527384411365,0.966925141696,0.773190266296
lqpht,8,0.807100994574,0.622012268977,0.640549104672,0.505728044229
lqpht,9,0.805052838161,0.620497207248,0.873517301075,0.674017543628
lqpht,10,0.275500702464,0.243727372812,0.275364310379,0.243619694332
lqpht,11,0.582745304811,0.466398717375,0.892527358154,0.690452211264
lqpht,12,0.624978051516,0.495146012025,0.488620679426,0.401428307165
lqpht,13,0.39214302973,0.332361104647,0.678799965356,0.531767511555
lqpht,14,0.230639045075,0.207729415517,0.317715187374,0.276572275035
lqpht,15,0.745186086795,0.577563868276,0.454160817693,0.377114262818
lqpht,16,0.478684394593,0.39445306366,0.848986791913,0.654025684935
lqpht,17,0.614062200579,0.487725667216,0.624392111877,0.494747784607
lqpht,18,0.365997776027,0.313046599537,0.677558636423,0.530920320022
lqpht,19,0.82744627803,0.637293044485,0.917962727314,0.714333183136
lqpht,20,0.377695031927,0.321723502441,0.800445833428,0.617103169442
lqpht,21,0.362832341907,0.310688275262,0.794610404004,0.612830283308
lqpht,22,0.441803757838,0.368305894118,0.527896795684,0.428753464958
lqpht,23,0.679601728185,0.532314814881,0.649853807764,0.512053384076
lqpht,24,0.816765205221,0.629215850578,0.421807179825,0.353941675209
lqpht,25,0.543011212564,0.439177833123,0.892694867274,0.690601602447
lqpht,26,0.78417022983,0.605252554212,0.410555179254,0.345795564472
lqpht,27,0.457308306569,0.379349943856,0.608141970257,0.483699269119
lqpht,28,0.756918981517,0.585811643484,0.801531466925,0.617901281403
lqpht,29,0.774217005524,0.598099968155,0.40654932571,0.342883936295
lqpht,30,0.546992383116,0.441916431085,0.522450883703,0.424986056615
lqpht,31,0.214179454271,0.194215645387,0.874265894108,0.674647125057
lqpht,32,0.0729266545375,0.0703923070533,0.324420259507,0.281704184826
lqpht,33,0.308912705457,0.269800704289,0.897566150667,0.694986002492
lqpht,34,0.481180270108,0.396207748992,0.493356681461,0.404743493161
lqpht,35,0.696204574042,0.543670867929,0.848986791913,0.654025684935
lqpht,36,0.443499413496,0.369517582748,0.394050853417,0.333759377762
lqpht,37,0.805769222174,0.621026689928,0.489128751704,0.401784243391
lqpht,38,0.696204573565,0.543670867602,0.854038082168,0.658050628545
lqpht,39,0.675779053152,0.529706126817,0.918364312161,0.714733074903
lqpht,40,0.614164510673,0.487795234484,0.694749449592,0.54267366099
lqpht,41,0.766587393028,0.592659321145,0.663044732287,0.521028086971
lqpht,42,0.3448126415,0.29717734369,0.404632228392,0.341488324729
lqpht,43,0.40397053924,0.341006296789,0.472249888987,0.389921149114
lqpht,44,0.901121715549,0.698237614293,0.525363807647,0.427001963782
lqpht,45,0.437206564157,0.365015913922,0.831024008793,0.640028621211
lqpht,46,0.503139655812,0.411573048296,0.392696758426,0.332767092092
lqpht,47,0.580626792255,0.46495281634,0.851037926056,0.65565491757
lqpht,48,0.481738372823,0.396599873763,0.82681750043,0.636813898605
lqpht,49,0.276481454848,0.244501348995,0.89590814531,0.693484856781
lqpht,50,0.139844260092,0.13091981491,0.509932024333,0.416300794351
lqpht,51,0.662451857094,0.52062444607,0.885725414606,0.684458085513
lqpht,52,0.213693586261,0.193814118419,0.465412058704,0.385091808682
lqpht,53,0.431551595702,0.360958961351,0.682157040081,0.534059733724
lqpht,54,0.394828536503,0.334328933332,0.616172934737,0.489160804169
lqpht,55,0.0630699484319,0.061162142268,0.18852212672,0.172800460747
lqpht,56,0.82925395402,0.638673228883,0.719940042067,0.560004702597
lqpht,57,0.84140031999,0.64805734538,0.927530714477,0.72410691341
lqpht,58,0.522195096378,0.424808949835,0.70984874096,0.553043243227
lqpht,59,0.672729122506,0.527626097871,0.603510325372,0.480547889703
lqpht,60,0.364715347149,0.312091691663,0.431294863183,0.360774513072
lqpht,61,0.67097424592,0.526429776895,0.546155385178,0.441340906222
lqpht,62,0.244404870451,0.218902307448,0.539016722047,0.43642715422
lqpht,63,0.378912034779,0.322622897746,0.848986791913,0.654025684935
lqpht,64,0.217943820786,0.197321429883,0.643383850722,0.507654807717
lqpht,65,0.484136307491,0.398283680087,0.76128591499,0.588898405379
lqpht,66,0.821039388933,0.632432609687,0.486211472615,0.39973955546
lqpht,67,0.395058527287,0.334497326325,0.429131070822,0.359219023024
lqpht,68,0.171632854459,0.158460825459,0.75668668547,0.585647716305
lqpht,69,0.499863259913,0.409288491111,0.567861589818,0.456228974026
lqpht,70,0.749663548481,0.580703903021,0.394425933324,0.334034107179
lqpht,71,0.511869838081,0.417647556089,0.58436853424,0.467506249131
lqpht,72,0.212813012017,0.193086014239,0.540842381792,0.437684706436
lqpht,73,0.259418515139,0.230958303222,0.311713890373,0.271959876331
lqpht,74,0.576923801522,0.462424255915,0.562836505948,0.452788814786
lqpht,75,0.129969887089,0.12221216644,0.647502586315,0.510454727331
lqpht,76,0.420258869263,0.352823527984,0.421292490224,0.353570077822
lqpht,77,0.125937095955,0.118634395674,0.259973040631,0.231401055679
lqpht,78,0.0807448462586,0.0776537616166,0.393488887067,0.333347656452
lqpht,79,0.286511841458,0.252386441447,0.620845921325,0.492337498686
lqpht,80,0.142082830841,0.13288361248,0.520556033377,0.423673725365
thresholds,1,0.693398880235,0.541748469602,0.640183256623,0.505479392995
thresholds,2,0.693398880235,0.541748469602,0.693398880235,0.541748469602
thresholds,3,0.693398880235,0.541748469602,0.640183256623,0.505479392995
thresholds,4,0.674774442714,0.529020866421,0.640183256623,0.505479392995
thresholds,5,0.640183256623,0.505479392995,0.640183256623,0.505479392995
thresholds,6,0.693398880235,0.541748469602,0.676406314708,0.530134055442
thresholds,7,0.674774442714,0.529020866421,0.676406314708,0.530134055442
thresholds,8,0.693398880235,0.541748469602,0.640183256623,0.505479392995
thresholds,9,0.657344143148,0.517148161532,0.640183256623,0.505479392995
thresholds,10,0.331144490624,0.286828474702,0.640183256623,0.505479392995
thresholds,11,0.674774442714,0.529020866421,0.676406314708,0.530134055442
thresholds,12,0.657344143148,0.517148161532,0.640183256623,0.505479392995
thresholds,13,0.693398880235,0.541748469602,0.640183256623,0.505479392995
thresholds,14,0.331144490624,0.286828474702,0.640183256623,0.505479392995
thresholds,15,0.693398880235,0.541748469602,0.640183256623,0.505479392995
thresholds,16,0.640183256623,0.505479392995,0.640183256623,0.505479392995
thresholds,17,0.657344143148,0.517148161532,0.640183256623,0.505479392995
thresholds,18,0.638539748181,0.504362403105,0.640183256623,0.505479392995
thresholds,19,0.693398880235,0.541748469602,0.676406314708,0.530134055442
thresholds,20,0.657344143148,0.517148161532,0.640183256623,0.505479392995
thresholds,21,0.305361777784,0.267057825091,0.640183256623,0.505479392995
thresholds,22,0.693398880235,0.541748469602,0.640183256623,0.505479392995
thresholds,23,0.693398880235,0.541748469602,0.640183256623,0.505479392995
thresholds,24,0.657344143148,0.517148161532,0.640183256623,0.505479392995
thresholds,25,0.331144490624,0.286828474702,0.693398880235,0.541748469602
thresholds,26,0.693398880235,0.541748469602,0.640183256623,0.505479392995
thresholds,27,0.657344143148,0.517148161532,0.640183256623,0.505479392995
thresholds,28,0.693398880235,0.541748469602,0.640183256623,0.505479392995
thresholds,29,0.693398880235,0.541748469602,0.640183256623,0.505479392995
thresholds,30,0.693398880235,0.541748469602,0.640183256623,0.505479392995
thresholds,31,0.331144490624,0.286828474702,0.693398880235,0.541748469602
thresholds,32,0.331144490624,0.286828474702,0.331144490624,0.286828474702
thresholds,33,0.331144490624,0.286828474702,0.693398880235,0.541748469602
thresholds,34,0.693398880235,0.541748469602,0.676406314708,0.530134055442
thresholds,35,0.640183256623,0.505479392995,0.640183256623,0.505479392995
thresholds,36,0.640183256623,0.505479392995,0.640183256623,0.505479392995
thresholds,37,0.693398880235,0.541748469602,0.640183256623,0.505479392995
thresholds,38,0.640183256623,0.505479392995,0.640183256623,0.505479392995
thresholds,39,0.693398880235,0.541748469602,0.693398880235,0.541748469602
thresholds,40,0.657344143148,0.517148161532,0.640183256623,0.505479392995
thresholds,41,0.657344143148,0.517148161532,0.640183256623,0.505479392995
thresholds,42,0.331144490624,0.286828474702,0.676406314708,0.530134055442
thresholds,43,0.640183256623,0.505479392995,0.640183256623,0.505479392995
thresholds,44,0.657344143148,0.517148161532,0.640183256623,0.505479392995
thresholds,45,0.657344143148,0.517148161532,0.640183256623,0.505479392995
thresholds,46,0.657344143148,0.517148161532,0.640183256623,0.505479392995
thresholds,47,0.640183256623,0.505479392995,0.640183256623,0.505479392995
thresholds,48,0.657344143148,0.517148161532,0.640183256623,0.505479392995
thresholds,49,0.331144490624,0.286828474702,0.657344143148,0.517148161532
thresholds,50,0.331144490624,0.286828474702,0.674774442714,0.529020866421
thresholds,51,0.640183256623,0.505479392995,0.640183256623,0.505479392995
thresholds,52,0.331144490624,0.286828474702,0.676406314708,0.530134055442
thresholds,53,0.640183256623,0.505479392995,0.640183256623,0.505479392995
thresholds,54,0.640183256623,0.505479392995,0.640183256623,0.505479392995
thresholds,55,0.331144490624,0.286828474702,0.331144490624,0.286828474702
thresholds,56,0.693398880235,0.541748469602,0.676406314708,0.530134055442
thresholds,57,0.693398880235,0.541748469602,0.657344143148,0.517148161532
thresholds,58,0.693398880235,0.541748469602,0.640183256623,0.505479392995
thresholds,59,0.693398880235,0.541748469602,0.640183256623,0.505479392995
thresholds,60,0.657344143148,0.517148161532,0.640183256623,0.505479392995
thresholds,61,0.674774442714,0.529020866421,0.640183256623,0.505479392995
thresholds,62,0.638539748181,0.504362403105,0.640183256623,0.505479392995
thresholds,63,0.640183256623,0.505479392995,0.640183256623,0.505479392995
thresholds,64,0.331144490624,0.286828474702,0.693398880235,0.541748469602
thresholds,65,0.693398880235,0.541748469602,0.640183256623,0.505479392995
thresholds,66,0.693398880235,0.541748469602,0.640183256623,0.505479392995
thresholds,67,0.657344143148,0.517148161532,0.640183256623,0.505479392995
thresholds,68,0.331144490624,0.286828474702,0.693398880235,0.541748469602
thresholds,69,0.657344143148,0.517148161532,0.640183256623,0.505479392995
thresholds,70,0.657344143148,0.517148161532,0.640183256623,0.505479392995
thresholds,71,0.657344143148,0.517148161532,0.640183256623,0.505479392995
thresholds,72,0.331144490624,0.286828474702,0.676406314708,0.530134055442
thresholds,73,0.674774442714,0.529020866421,0.640183256623,0.505479392995
thresholds,74,0.657344143148,0.517148161532,0.640183256623,0.505479392995
thresholds,75,0.331144490624,0.286828474702,0.693398880235,0.541748469602
thresholds,76,0.674774442714,0.529020866421,0.640183256623,0.505479392995
thresholds,77,0.331144490624,0.286828474702,0.676406314708,0.530134055442
thresholds,78,0.331144490624,0.286828474702,0.674774442714,0.529020866421
thresholds,79,0.640183256623,0.505479392995,0.640183256623,0.505479392995
thresholds,80,0.331144490624,0.286828474702,0.693398880235,0.541748469602
hinges_regmult2,1,0.595467000382,0.475071669196,0.643743287823,0.507899130905
hinges_regmult2,2,0.746459570222,0.57845606693,0.910424195973,0.706974307995
hinges_regmult2,3,0.636966936437,0.503293502995,0.703649405896,0.548779646898
hinges_regmult2,4,0.532043897337,0.431618209988,0.770488465892,0.595436850219
hinges_regmult2,5,0.577677061144,0.462938745379,0.606245217975,0.482408874753
hinges_regmult2,6,0.73576765664,0.570986038821,0.688468706291,0.538373932726
hinges_regmult2,7,0.620519097667,0.492115346383,0.872328681411,0.67302054678
hinges_regmult2,8,0.721759649497,0.56126302994,0.699512401662,0.545939316316
hinges_regmult2,9,0.757834835325,0.586458207946,0.606245217975,0.482408874753
hinges_regmult2,10,0.363767788366,0.311385665611,0.521158404922,0.424090999861
hinges_regmult2,11,0.593053877804,0.473427708904,0.829015416137,0.638490871678
hinges_regmult2,12,0.692211648806,0.540935452211,0.63811887019,0.504076366248
hinges_regmult2,13,0.508799264981,0.41551312534,0.606245217975,0.482408874753
hinges_regmult2,14,0.38344792033,0.325969543222,0.562924403144,0.452849020394
hinges_regmult2,15,0.724517628791,0.563172209321,0.606245217975,0.482408874753
hinges_regmult2,16,0.638658418435,0.504443054231,0.606245217975,0.482408874753
hinges_regmult2,17,0.739053867705,0.573277125649,0.622813908184,0.493675142045
hinges_regmult2,18,0.467484317658,0.386556859081,0.738983343408,0.573227913633
hinges_regmult2,19,0.75903302261,0.587304730547,0.832693767,0.641310861556
hinges_regmult2,20,0.618198092742,0.490537594845,0.606245217975,0.482408874753
hinges_regmult2,21,0.449107266505,0.373518043162,0.790915248835,0.610138823517
hinges_regmult2,22,0.559465717815,0.450479103123,0.646799258166,0.509976561133
hinges_regmult2,23,0.698067674517,0.544948274456,0.686372161432,0.536940185397
hinges_regmult2,24,0.78261822903,0.604132877774,0.606245217975,0.482408874753
hinges_regmult2,25,0.489672350049,0.402164990853,0.829213362485,0.638642192523
hinges_regmult2,26,0.734253486517,0.569931758489,0.615175563106,0.488482690784
hinges_regmult2,27,0.559780377364,0.450694785314,0.67589389926,0.529784473105
hinges_regmult2,28,0.716082625968,0.557340363079,0.749162938738,0.580352385557
hinges_regmult2,29,0.728666790914,0.566049003591,0.606245217975,0.482408874753
hinges_regmult2,30,0.652895636757,0.514121992217,0.606245217975,0.482408874753
hinges_regmult2,31,0.391320781931,0.331758013243,0.79717010252,0.614701094334
hinges_regmult2,32,0.200474050821,0.182830477626,0.433726971707,0.362520922718
hinges_regmult2,33,0.464697009257,0.384585979019,0.814244787281,0.627328109162
hinges_regmult2,34,0.583004567572,0.466575631938,0.632067441943,0.499963903334
hinges_regmult2,35,0.632082101746,0.499973865703,0.606245217975,0.482408874753
hinges_regmult2,36,0.627376650584,0.496776135717,0.606245217975,0.482408874753
hinges_regmult2,37,0.716116415733,0.55736368348,0.612936734501,0.486960359417
hinges_regmult2,38,0.644179108056,0.508195379874,0.606245217975,0.482408874753
hinges_regmult2,39,0.770707737741,0.595593233616,0.82866888745,0.638226083224
hinges_regmult2,40,0.676187477951,0.529984755605,0.606245217975,0.482408874753
hinges_regmult2,41,0.697340217348,0.544449421526,0.726396170694,0.564473985764
hinges_regmult2,42,0.443625738832,0.369607814197,0.63439112079,0.501543011743
hinges_regmult2,43,0.601881393282,0.479439232085,0.627937389728,0.497157211404
hinges_regmult2,44,0.812068084422,0.625703051259,0.620925091094,0.49239131242
hinges_regmult2,45,0.578083492416,0.463216316726,0.606245217975,0.482408874753
hinges_regmult2,46,0.639188900968,0.504803585713,0.606245217975,0.482408874753
hinges_regmult2,47,0.671338641184,0.526678161321,0.606245217975,0.482408874753
hinges_regmult2,48,0.557188097528,0.448917458509,0.606245217975,0.482408874753
hinges_regmult2,49,0.474342059291,0.391396012283,0.841894112401,0.648443166954
hinges_regmult2,50,0.242397762182,0.217280433796,0.528928851724,0.429466721931
hinges_regmult2,51,0.714511362801,0.556256286111,0.606245217975,0.482408874753
hinges_regmult2,52,0.343483913396,0.296175174747,0.605087037572,0.48162083741
hinges_regmult2,53,0.598028075862,0.476815889624,0.606245217975,0.482408874753
hinges_regmult2,54,0.606245217975,0.482408874753,0.606245217975,0.482408874753
hinges_regmult2,55,0.131022224176,0.123143706108,0.265326839943,0.235666584749
hinges_regmult2,56,0.799204425393,0.616191783287,0.729707919692,0.566771762565
hinges_regmult2,57,0.718096274249,0.558730667729,0.823714431693,0.634456169057
hinges_regmult2,58,0.617691528339,0.490193224002,0.723201405053,0.562260773301
hinges_regmult2,59,0.699441280013,0.545890518729,0.679727433379,0.532400632369
hinges_regmult2,60,0.514719028674,0.419626120483,0.606245217975,0.482408874753
hinges_regmult2,61,0.58352591092,0.466931361658,0.688936368041,0.538693848697
hinges_regmult2,62,0.459587107953,0.380966636907,0.606447040719,0.482546188495
hinges_regmult2,63,0.615971773211,0.489024037514,0.606245217975,0.482408874753
hinges_regmult2,64,0.34642156243,0.298389740161,0.680287397218,0.532782939841
hinges_regmult2,65,0.601607262546,0.479252639539,0.753499474221,0.583401230692
hinges_regmult2,66,0.816155647967,0.628758696462,0.629042072,0.497907939141
hinges_regmult2,67,0.535385377101,0.433923915691,0.606245217975,0.482408874753
hinges_regmult2,68,0.331027544548,0.286739542812,0.704239977812,0.549185423231
hinges_regmult2,69,0.60795623377,0.483572918516,0.606245217975,0.482408874753
hinges_regmult2,70,0.754421388443,0.584050529527,0.606245217975,0.482408874753
hinges_regmult2,71,0.645928663772,0.509384703155,0.606245217975,0.482408874753
hinges_regmult2,72,0.356760144828,0.306151879059,0.660096054719,0.519020853089
hinges_regmult2,73,0.456451144458,0.378741407894,0.593944409005,0.474034449636
hinges_regmult2,74,0.665484882848,0.522689710037,0.606245217975,0.482408874753
hinges_regmult2,75,0.318984772202,0.277545707715,0.682300898194,0.534157996482
hinges_regmult2,76,0.508633678315,0.415397958287,0.606245217975,0.482408874753
hinges_regmult2,77,0.279423740628,0.246820089586,0.48599195194,0.399585602128
hinges_regmult2,78,0.228866731455,0.206282476631,0.49889895491,0.408615587863
hinges_regmult2,79,0.533263271413,0.432459866758,0.606245217975,0.482408874753
hinges_regmult2,80,0.305831879734,0.267421325043,0.643695919542,0.507866932647
lq_regmult05,1,0.390435741456,0.331108559075,0.796195032895,0.613987813369
lq_regmult05,2,0.864534497082,0.66655977263,0.999995205365,0.924516982669
lq_regmult05,3,0.474159864885,0.391267626259,0.805602683879,0.620903558681
lq_regmult05,4,0.348351294831,0.299842296905,0.650700232098,0.512628951518
lq_regmult05,5,0.524433155866,0.426358098611,0.756582144257,0.585573952186
lq_regmult05,6,0.657196942609,0.517048005797,0.97564171973,0.787905679161
lq_regmult05,7,0.575176982,0.461230881364,0.96497802278,0.770208945241
lq_regmult05,8,0.782653840768,0.604158550756,0.982789701255,0.802459275745
lq_regmult05,9,0.814951099641,0.627856456969,0.776507467249,0.599740195523
lq_regmult05,10,0.33553743188,0.290164313226,0.68940936848,0.539017454599
lq_regmult05,11,0.561360375374,0.451777560282,0.967021242147,0.773339854029
lq_regmult05,12,0.499195425592,0.40882249369,0.72294824919,0.562085534472
lq_regmult05,13,0.272297829617,0.241196026855,0.596074992465,0.475485790721
lq_regmult05,14,0.253920518426,0.226558819738,0.438063564519,0.365629772726
lq_regmult05,15,0.867188459145,0.668745195789,0.966242847703,0.772134977176
lq_regmult05,16,0.503068610124,0.411523538174,0.66527282124,0.522545285275
lq_regmult05,17,0.418581404393,0.351611116482,0.687030962859,0.537390636831
lq_regmult05,18,0.314706717024,0.274262343528,0.615487793602,0.488694980673
lq_regmult05,19,0.706200414226,0.55053299654,0.991610796431,0.827013852081
lq_regmult05,20,0.19295056788,0.176527989939,0.41611534308,0.349826848231
lq_regmult05,21,0.270704723509,0.239934790354,0.521528379464,0.424347248905
lq_regmult05,22,0.440601567123,0.36744624054,0.819442378787,0.631228366801
lq_regmult05,23,0.655305982582,0.515761517475,0.97967508606,0.79574778998
lq_regmult05,24,0.858983188106,0.662033844911,0.862599083256,0.664975039331
lq_regmult05,25,0.466851997516,0.386109957593,0.855263461678,0.659033584076
lq_regmult05,26,0.671529901616,0.526808536923,0.946832307461,0.745825459601
lq_regmult05,27,0.519219358914,0.422747498574,0.916228760732,0.712616057693
lq_regmult05,28,0.756665716304,0.585632920059,0.997472435932,0.856743771058
lq_regmult05,29,0.716568282189,0.557675575065,0.940648679712,0.738512932781
lq_regmult05,30,0.39239893414,0.332548746186,0.623786526443,0.494336198278
lq_regmult05,31,0.298382808016,0.261647874468,0.691704803124,0.54058844228
lq_regmult05,32,0.106484192226,0.1011973196,0.233561900183,0.210111421111
lq_regmult05,33,0.364026162462,0.311578219448,0.759131570727,0.587374387632
lq_regmult05,34,0.495218643664,0.406045236378,0.880161917428,0.6796528728
lq_regmult05,35,0.421974217959,0.354062253207,0.66527282124,0.522545285275
lq_regmult05,36,0.419910238192,0.352571635117,0.723144991153,0.562221720907
lq_regmult05,37,0.864886608694,0.666848891161,0.999965276829,0.911253920151
lq_regmult05,38,0.553555001158,0.446424727474,0.689929644204,0.539373448585
lq_regmult05,39,0.602060523253,0.479561157611,0.897436245126,0.694868047479
lq_regmult05,40,0.594860964749,0.474658849384,0.787340013861,0.607544670812
lq_regmult05,41,0.63472787912,0.501771865286,0.968579436971,0.775799468503
lq_regmult05,42,0.210790085011,0.191411458148,0.407434402132,0.343527777309
lq_regmult05,43,0.460066009177,0.381306186002,0.8129660776,0.626372884714
lq_regmult05,44,0.953716248884,0.754478576378,0.98787064922,0.815229763575
lq_regmult05,45,0.311627967697,0.271893706232,0.603974097559,0.480863502073
lq_regmult05,46,0.270565604469,0.239824584053,0.660745525997,0.519462903864
lq_regmult05,47,0.47626830185,0.392752778482,0.670026177954,0.525783608695
lq_regmult05,48,0.34152649734,0.294697321662,0.617485679964,0.490053282339
lq_regmult05,49,0.23356304052,0.21011234941,0.454088199454,0.377062644377
lq_regmult05,50,0.17751689981,0.163479064209,0.426885071518,0.357602679731
lq_regmult05,51,0.64515006393,0.508855409213,0.81646677319,0.628991984384
lq_regmult05,52,0.207601064221,0.188766234175,0.434523548459,0.363092466774
lq_regmult05,53,0.603715120377,0.48068726126,0.722345827955,0.56166860797
lq_regmult05,54,0.823102903648,0.633992853958,0.67619401616,0.529989216163
lq_regmult05,55,0.112174093509,0.106328663876,0.260702878683,0.231983512231
lq_regmult05,56,0.818114067501,0.630228868797,0.982650032894,0.802143367778
lq_regmult05,57,0.884689116487,0.683556667435,0.999987672566,0.918723526073
lq_regmult05,58,0.553245995736,0.446212614308,0.941217229644,0.739169433817
lq_regmult05,59,0.620236642192,0.491923350099,0.921230250251,0.717611942421
lq_regmult05,60,0.284136915997,0.250524456997,0.541092854097,0.437857188109
lq_regmult05,61,0.612731491314,0.486820789555,0.960682738545,0.763933340811
lq_regmult05,62,0.192572699439,0.176210445906,0.355332804809,0.305083143257
lq_regmult05,63,0.448474835429,0.373067406619,0.66527282124,0.522545285275
lq_regmult05,64,0.316596360574,0.275713762386,0.695661237634,0.543298467508
lq_regmult05,65,0.468830548093,0.387507926557,0.863586472958,0.665782591059
lq_regmult05,66,0.821311081904,0.632637764782,0.89955386044,0.69679821522
lq_regmult05,67,0.2077700842,0.188906598703,0.737929055028,0.572492459891
lq_regmult05,68,0.255515807769,0.227837185902,0.605971100777,0.482222370207
lq_regmult05,69,0.400940753137,0.338796975645,0.639070622672,0.504723199889
lq_regmult05,70,0.855915825497,0.659557965197,0.797966910621,0.615284557733
lq_regmult05,71,0.266054596016,0.236245138468,0.741135378638,0.574730494737
lq_regmult05,72,0.214658006472,0.194610978095,0.406986285986,0.343201836844
lq_regmult05,73,0.128917475338,0.121279708865,0.333078521291,0.288298252643
lq_regmult05,74,0.315364079843,0.274767462849,0.706706615796,0.550881098012
lq_regmult05,75,0.218322116287,0.197633041033,0.52553692889,0.42712171618
lq_regmult05,76,0.502527136735,0.411146156511,0.880241491184,0.679721023215
lq_regmult05,77,0.232817524072,0.20950528615,0.542651044913,0.438929936653
lq_regmult05,78,0.213680624935,0.193803404948,0.549341057971,0.443530737888
lq_regmult05,79,0.381326027006,0.324405050881,0.734961326906,0.570424505129
lq_regmult05,80,0.218990032073,0.19818299684,0.519046959757,0.422628008495
l_no_samples,1,0.106710058918,0.101401509799,0.897609286608,0.695025183084
l_no_samples,2,1,0.987820477434,1,0.999639726612
l_no_samples,3,0.369416460897,0.31558866253,0.954950835019,0.75609761038
l_no_samples,4,0.161124826716,0.14943808422,0.57657960825,0.46218914304
l_no_samples,5,0.382314789158,0.325134308554,0.932667758172,0.729592046832
l_no_samples,6,0.772556835455,0.59691314441,0.999998983529,0.932428661544
l_no_samples,7,0.714368498794,0.556157752089,0.999995304972,0.924636407557
l_no_samples,8,0.988917267964,0.818260034254,1,0.967496376071
l_no_samples,9,0.996280826332,0.848352818192,0.975007618988,0.786743291682
l_no_samples,10,0.18050853556,0.166021234114,0.690982675216,0.540094120079
l_no_samples,11,0.914272856445,0.71069718363,1,0.967144314273
l_no_samples,12,0.2914968425,0.256284819017,0.788877945703,0.608659405651
l_no_samples,13,0.0479742651382,0.0468594510077,0.384351120143,0.326634912104
l_no_samples,14,0.0506247761955,0.0493855336447,0.133297260198,0.12515468923
l_no_samples,15,0.999997407263,0.927864481899,0.999999988261,0.948079779788
l_no_samples,16,0.342601319095,0.295509037077,0.768118638649,0.593748506401
l_no_samples,17,0.180213651398,0.165770929302,0.823721124099,0.634461241845
l_no_samples,18,0.218018906364,0.197383286946,0.745756678316,0.577963536765
l_no_samples,19,0.713422729919,0.555505589562,0.999995103286,0.924396759286
l_no_samples,20,0.0127954619883,0.0127142939442,0.121599325444,0.114771973808
l_no_samples,21,0.147380503812,0.137516081697,0.568751427295,0.456837782882
l_no_samples,22,0.370009344618,0.316029000387,0.965050899237,0.770318885623
l_no_samples,23,0.979574858847,0.795542362553,1,0.98156371573
l_no_samples,24,0.999510713287,0.884025187658,0.999482607514,0.883269056751
l_no_samples,25,0.463674438228,0.383862335828,0.99289161711,0.831833300463
l_no_samples,26,0.829370427658,0.638762296199,0.999999910398,0.941954571364
l_no_samples,27,0.68319643736,0.534769766225,0.999982742299,0.916438628084
l_no_samples,28,0.999912853174,0.903362186146,1,0.994056631768
l_no_samples,29,0.847045189126,0.65248972494,0.999902204615,0.902273443856
l_no_samples,30,0.101793506827,0.0969474660041,0.282650576302,0.249357571581
l_no_samples,31,0.15518541467,0.144303100466,0.58900889029,0.470670849885
l_no_samples,32,0.0137346347,0.0136411723654,0.0344290727381,0.0338497672188
l_no_samples,33,0.31225081899,0.272373286302,0.905856248097,0.702640468425
l_no_samples,34,0.427125027677,0.357775451085,0.986117212009,0.810502177044
l_no_samples,35,0.157917821708,0.14666861132,0.768118638649,0.593748506401
l_no_samples,36,0.106118089218,0.100866264143,0.727379193801,0.565155650519
l_no_samples,37,1,0.977080181799,1,0.999246969504
l_no_samples,38,0.669485287376,0.525415000663,0.830901093235,0.639934372898
l_no_samples,39,0.441189783455,0.367866918954,0.897026646659,0.694496510099
l_no_samples,40,0.5926880029,0.473178408997,0.918496759221,0.71486514866
l_no_samples,41,0.814169248722,0.627271633871,0.999999999499,0.955383930051
l_no_samples,42,0.0169581854915,0.0168160074546,0.0654457068028,0.0633946528456
l_no_samples,43,0.284397650978,0.250729028346,0.965494177879,0.770990297216
l_no_samples,44,1,0.978874675838,1,0.98632511802
l_no_samples,45,0.116742877576,0.110430237493,0.626033862184,0.49586356719
l_no_samples,46,0.0209050008431,0.0206895052381,0.615619330346,0.488784413178
l_no_samples,47,0.359863857871,0.308472649951,0.731870024182,0.56827390537
l_no_samples,48,0.215416456247,0.195237233349,0.650751018325,0.51266348719
l_no_samples,49,0.0381046443562,0.037396762434,0.111221401687,0.105471302683
l_no_samples,50,0.0770108879566,0.0741922352775,0.291003536617,0.255899640979
l_no_samples,51,0.812127702241,0.625747496518,0.995898719388,0.846069918965
l_no_samples,52,0.0240091321363,0.023725471726,0.0703151748951,0.0679550679272
l_no_samples,53,0.445165794281,0.370707413678,0.727432799552,0.565192831908
l_no_samples,54,0.951726351177,0.751914564629,0.796056659343,0.613886653847
l_no_samples,55,0.0785731308313,0.0756419442434,0.297693424932,0.261112091114
l_no_samples,56,0.936931516623,0.734292297603,0.999969290113,0.912210823788
l_no_samples,57,1,0.977163386565,1,0.999134349765
l_no_samples,58,0.791640722976,0.610666400684,0.999999926624,0.942619988939
l_no_samples,59,0.538562252129,0.436114007877,0.996598301971,0.850377360677
l_no_samples,60,0.0595401366247,0.0578359703574,0.385245259253,0.327293272852
l_no_samples,61,0.901756672284,0.698823115952,0.999999999991,0.962190195966
l_no_samples,62,0.0312243586928,0.0307468709015,0.0979553965309,0.0934567334792
l_no_samples,63,0.208288851499,0.189337298478,0.768118638649,0.593748506401
l_no_samples,64,0.212269187771,0.192636102571,0.758388525392,0.586849300837
l_no_samples,65,0.520677183875,0.423757655092,0.997522840838,0.85715597583
l_no_samples,66,0.948707640961,0.748124375703,0.987105540688,0.813117561332
l_no_samples,67,0.0145143790354,0.0144100573484,0.881764413611,0.681028481561
l_no_samples,68,0.123863232784,0.116789622556,0.482871764014,0.397395929635
l_no_samples,69,0.303270731952,0.265439561474,0.715242183787,0.556760424065
l_no_samples,70,0.999592612373,0.886437779902,0.937452144516,0.734876235397
l_no_samples,71,0.029106814857,0.0286913141302,0.897940970271,0.6953266685
l_no_samples,72,0.0222709004437,0.022026545642,0.0639133126893,0.0619552235881
l_no_samples,73,0.00224308834352,0.00224057637864,0.0392733249728,0.0385219338093
l_no_samples,74,0.0441216702709,0.0431763277606,0.845262402291,0.651084631384
l_no_samples,75,0.0948974858888,0.0906669325673,0.366737549957,0.31359711322
l_no_samples,76,0.539160263201,0.436526051145,0.99751714258,0.857109077656
l_no_samples,77,0.0885439141952,0.0848456642821,0.359615501992,0.308287103311
l_no_samples,78,0.261607262343,0.232704839692,0.856323875423,0.65988634766
l_no_samples,79,0.162478287993,0.150604665181,0.873166469367,0.673722934042
l_no_samples,80,0.0866544252493,0.083107977993,0.33210115453,0.287555723058
lqh_duplicate,1,0.442381813784,0.368719072344,0.42422978122,0.355689458816
lqh_duplicate,2,0.837113670921,0.644722689936,0.999930277927,0.905401513089
lqh_duplicate,3,0.571906894388,0.4589958249,0.513376715845,0.418694212495
lqh_duplicate,4,0.411019417002,0.346132596787,0.68819512134,0.538186797059
lqh_duplicate,5,0.31924025935,0.277741500529,0.565274099781,0.45445803718
lqh_duplicate,6,0.722205795875,0.561571709932,0.781344531413,0.603215224921
lqh_duplicate,7,0.689214392354,0.538884055952,0.943024712455,0.741277002596
lqh_duplicate,8,0.793964383022,0.612358961861,0.717790028318,0.558519148752
lqh_duplicate,9,0.860963915078,0.663641885121,0.976235070825,0.789009253562
lqh_duplicate,10,0.2863402376,0.25225200393,0.287648553724,0.253276558077
lqh_duplicate,11,0.601384042241,0.479100696259,0.872319403875,0.673012777608
lqh_duplicate,12,0.587125221099,0.469386501125,0.623592757247,0.494204501424
lqh_duplicate,13,0.374638594424,0.31946194774,0.717910322726,0.558602230891
lqh_duplicate,14,0.236475988092,0.212481044589,0.276782764671,0.244739024709
lqh_duplicate,15,0.794349930836,0.612640208206,0.675845779956,0.529751646639
lqh_duplicate,16,0.406656289803,0.342961762393,0.959616741922,0.762433064609
lqh_duplicate,17,0.53315094212,0.432382345419,0.725917101498,0.564141896097
lqh_duplicate,18,0.367575699971,0.314220545311,0.750912401915,0.581581317524
lqh_duplicate,19,0.806736535578,0.621742386855,0.91013082066,0.706693279511
lqh_duplicate,20,0.323103813982,0.280698370395,0.842488432063,0.648908009701
lqh_duplicate,21,0.345937839669,0.298025359351,0.678889303345,0.531828491568
lqh_duplicate,22,0.439939103719,0.366972321935,0.518599040233,0.422317523891
lqh_duplicate,23,0.665153768484,0.522464206091,0.789891052085,0.60939469554
lqh_duplicate,24,0.867569595611,0.66906024596,0.57636377278,0.462041701941
lqh_duplicate,25,0.516387736032,0.42078405247,0.90765852916,0.704339870874
lqh_duplicate,26,0.732336832307,0.568598440242,0.591682961813,0.472493531796
lqh_duplicate,27,0.469916564171,0.388274765898,0.739630814017,0.573679793474
lqh_duplicate,28,0.760709126478,0.588490138814,0.958429969103,0.760787055509
lqh_duplicate,29,0.739867012338,0.573844681119,0.587759042935,0.469818701468
lqh_duplicate,30,0.512665310927,0.41820014649,0.641467144029,0.506352009273
lqh_duplicate,31,0.200522661466,0.182871076572,0.839681548866,0.646717151911
lqh_duplicate,32,0.0678356968886,0.0656355422404,0.314836701613,0.274362241372
lqh_duplicate,33,0.271178897448,0.240310335865,0.845237125294,0.65106474485
lqh_duplicate,34,0.475794301489,0.392419011732,0.614674846698,0.488142238369
lqh_duplicate,35,0.686284595251,0.536880317843,0.959616741922,0.762433064609
lqh_duplicate,36,0.371416843905,0.317073747466,0.475594277611,0.392278145696
lqh_duplicate,37,0.820056287846,0.63169095811,0.82247445124,0.633517163338
lqh_duplicate,38,0.686284595913,0.536880318296,0.963531211371,0.768051318586
lqh_duplicate,39,0.6769370562,0.530496175436,0.950352804634,0.750175712549
lqh_duplicate,40,0.66252109824,0.520671585261,0.869141486661,0.67036284309
lqh_duplicate,41,0.726685528057,0.564674603915,0.711717333155,0.554330220782
lqh_duplicate,42,0.312613102991,0.272652145056,0.296587822846,0.26025230054
lqh_duplicate,43,0.357185734481,0.306470365734,0.505738356809,0.413383167891
lqh_duplicate,44,0.922191485752,0.718587658016,0.721613969592,0.561162250003
lqh_duplicate,45,0.409424211072,0.34497414906,0.915869163659,0.712261855961
lqh_duplicate,46,0.401333306594,0.339083428289,0.502600215221,0.411197093058
lqh_duplicate,47,0.562789900409,0.452756891634,0.961238355517,0.76472382233
lqh_duplicate,48,0.432897991869,0.361925894648,0.918340275459,0.714709115819
lqh_duplicate,49,0.243192223959,0.217922700548,0.730697560946,0.567459123199
lqh_duplicate,50,0.13645323541,0.127937822778,0.492497567158,0.404142558585
lqh_duplicate,51,0.673410253244,0.528090527628,0.980732085774,0.797951798664
lqh_duplicate,52,0.229514223796,0.206811323654,0.335521162211,0.290151975757
lqh_duplicate,53,0.415757830764,0.349567990014,0.853364834457,0.657511685064
lqh_duplicate,54,0.52769700239,0.428615361607,0.768980409843,0.594362081764
lqh_duplicate,55,0.0750134210977,0.0723356059783,0.210737737454,0.191368090293
lqh_duplicate,56,0.819543676846,0.631304668165,0.851837078613,0.656291574707
lqh_duplicate,57,0.842990160803,0.649300839822,0.996606487329,0.850431274869
lqh_duplicate,58,0.532928810061,0.432229038934,0.766314590755,0.592465414692
lqh_duplicate,59,0.643513069657,0.507742642344,0.773415808883,0.597526996324
lqh_duplicate,60,0.334830785468,0.289628338557,0.408065306318,0.343986539247
lqh_duplicate,61,0.64410759779,0.508146770342,0.622295541459,0.493322816779
lqh_duplicate,62,0.243210285938,0.217937297971,0.416195146737,0.349884623887
lqh_duplicate,63,0.317936955542,0.276742370317,0.959616741922,0.762433064609
lqh_duplicate,64,0.228143602775,0.205691544301,0.633231176592,0.500754743595
lqh_duplicate,65,0.489755997779,0.402223572393,0.821230120825,0.632576622508
lqh_duplicate,66,0.842329295289,0.648783490982,0.565044990486,0.454301183775
lqh_duplicate,67,0.273973585445,0.24252115446,0.451976079581,0.375560568093
lqh_duplicate,68,0.182907216407,0.168055061001,0.704815383145,0.549580855412
lqh_duplicate,69,0.458339983933,0.380082068216,0.652199729926,0.513648695644
lqh_duplicate,70,0.794771724098,0.6129480307,0.511161373098,0.417155282497
lqh_duplicate,71,0.384511348563,0.326752913748,0.734395152666,0.570030361338
lqh_duplicate,72,0.211616902349,0.192096207872,0.442237361499,0.368615832439
lqh_duplicate,73,0.208451550535,0.189472341106,0.228727954553,0.206169095015
lqh_duplicate,74,0.444316904192,0.370101404125,0.711166709153,0.553950890034
lqh_duplicate,75,0.15188666152,0.141440027011,0.613477943248,0.487328384017
lqh_duplicate,76,0.430249215593,0.360023032659,0.468369407913,0.387182207429
lqh_duplicate,77,0.159473646518,0.148013103751,0.237078802048,0.212970579963
lqh_duplicate,78,0.096432993076,0.092068773287,0.430194887012,0.359983977544
lqh_duplicate,79,0.24091488373,0.216080610695,0.765564823926,0.591932699459
lqh_duplicate,80,0.146202993329,0.136488233282,0.488467860712,0.401321234521
lqh_duplicate,81,0.837113670921,0.644722689936,0.999930277927,0.905401513089
absence_flat,1,NA,0.269274726443,NA,NA
absence_flat,2,NA,0.559495307784,NA,NA
absence_flat,3,NA,0.304460408266,NA,NA
absence_flat,4,NA,0.249912673693,NA,NA
absence_flat,5,NA,0.31922391544,NA,NA
absence_flat,6,NA,0.516969589242,NA,NA
absence_flat,7,NA,0.350071096341,NA,NA
absence_flat,8,NA,0.427532716455,NA,NA
absence_flat,9,NA,0.702690920969,NA,NA
absence_flat,10,NA,0.168388445352,NA,NA
absence_flat,11,NA,0.35296184585,NA,NA
absence_flat,12,NA,0.44099856656,NA,NA
absence_flat,13,NA,0.208590641344,NA,NA
absence_flat,14,NA,0.162844064845,NA,NA
absence_flat,15,NA,0.639366835345,NA,NA
absence_flat,16,NA,0.354000237109,NA,NA
absence_flat,17,NA,0.493833026463,NA,NA
absence_flat,18,NA,0.23086725116,NA,NA
absence_flat,19,NA,0.457307885991,NA,NA
absence_flat,20,NA,0.270002096928,NA,NA
absence_flat,21,NA,0.179775920614,NA,NA
absence_flat,22,NA,0.314103656985,NA,NA
absence_flat,23,NA,0.45358277493,NA,NA
absence_flat,24,NA,0.696305617796,NA,NA
absence_flat,25,NA,0.214710793528,NA,NA
absence_flat,26,NA,0.469311308455,NA,NA
absence_flat,27,NA,0.354573061877,NA,NA
absence_flat,28,NA,0.514171063193,NA,NA
absence_flat,29,NA,0.510147436078,NA,NA
absence_flat,30,NA,0.377070435309,NA,NA
absence_flat,31,NA,0.172747460269,NA,NA
absence_flat,32,NA,0.0641247627427,NA,NA
absence_flat,33,NA,0.227358988829,NA,NA
absence_flat,34,NA,0.361850492992,NA,NA
absence_flat,35,NA,0.306325804967,NA,NA
absence_flat,36,NA,0.328612796248,NA,NA
absence_flat,37,NA,0.558844382269,NA,NA
absence_flat,38,NA,0.376702102067,NA,NA
absence_flat,39,NA,0.544848362113,NA,NA
absence_flat,40,NA,0.398970489931,NA,NA
absence_flat,41,NA,0.401929207335,NA,NA
absence_flat,42,NA,0.160025390538,NA,NA
absence_flat,43,NA,0.301793996111,NA,NA
absence_flat,44,NA,0.716751356272,NA,NA
absence_flat,45,NA,0.301885797592,NA,NA
absence_flat,46,NA,0.253451906577,NA,NA
absence_flat,47,NA,0.390160981624,NA,NA
absence_flat,48,NA,0.247470954271,NA,NA
absence_flat,49,NA,0.185655700101,NA,NA
absence_flat,50,NA,0.0960970734154,NA,NA
absence_flat,51,NA,0.536341501602,NA,NA
absence_flat,52,NA,0.131069001516,NA,NA
absence_flat,53,NA,0.351414320207,NA,NA
absence_flat,54,NA,0.532370435852,NA,NA
absence_flat,55,NA,0.0437920325221,NA,NA
absence_flat,56,NA,0.589496973618,NA,NA
absence_flat,57,NA,0.507302389146,NA,NA
absence_flat,58,NA,0.379644217263,NA,NA
absence_flat,59,NA,0.447984849702,NA,NA
absence_flat,60,NA,0.232002886302,NA,NA
absence_flat,61,NA,0.319035756259,NA,NA
absence_flat,62,NA,0.212177997341,NA,NA
absence_flat,63,NA,0.324699255536,NA,NA
absence_flat,64,NA,0.169528126932,NA,NA
absence_flat,65,NA,0.362702562611,NA,NA
absence_flat,66,NA,0.690489528746,NA,NA
absence_flat,67,NA,0.195420243904,NA,NA
absence_flat,68,NA,0.161603119158,NA,NA
absence_flat,69,NA,0.28032097046,NA,NA
absence_flat,70,NA,0.59901651014,NA,NA
absence_flat,71,NA,0.290807631335,NA,NA
absence_flat,72,NA,0.135753067406,NA,NA
absence_flat,73,NA,0.141240091909,NA,NA
absence_flat,74,NA,0.310632619132,NA,NA
absence_flat,75,NA,0.159326344661,NA,NA
absence_flat,76,NA,0.289736271928,NA,NA
absence_flat,77,NA,0.143282586039,NA,NA
absence_flat,78,NA,0.108973966239,NA,NA
absence_flat,79,NA,0.241649952162,NA,NA
absence_flat,80,NA,0.154032463763,NA,NA
absence_weighted,1,NA,0.301192986113,NA,NA
absence_weighted,2,NA,0.314453592107,NA,NA
absence_weighted,3,NA,0.299535659164,NA,NA
absence_weighted,4,NA,0.286605835083,NA,NA
absence_weighted,5,NA,0.379199839359,NA,NA
absence_weighted,6,NA,0.353875484052,NA,NA
absence_weighted,7,NA,0.267542497654,NA,NA
absence_weighted,8,NA,0.324276458002,NA,NA
absence_weighted,9,NA,0.487059164382,NA,NA
absence_weighted,10,NA,0.241363009971,NA,NA
absence_weighted,11,NA,0.266812509134,NA,NA
absence_weighted,12,NA,0.389560880198,NA,NA
absence_weighted,13,NA,0.301096366615,NA,NA
absence_weighted,14,NA,0.261906076211,NA,NA
absence_weighted,15,NA,0.416428567539,NA,NA
absence_weighted,16,NA,0.415392790837,NA,NA
absence_weighted,17,NA,0.428872526986,NA,NA
absence_weighted,18,NA,0.289745302132,NA,NA
absence_weighted,19,NA,0.311688636722,NA,NA
absence_weighted,20,NA,0.346084261865,NA,NA
absence_weighted,21,NA,0.241730519842,NA,NA
absence_weighted,22,NA,0.30332582082,NA,NA
absence_weighted,23,NA,0.338527971496,NA,NA
absence_weighted,24,NA,0.479058599283,NA,NA
absence_weighted,25,NA,0.245386188373,NA,NA
absence_weighted,26,NA,0.367119208308,NA,NA
absence_weighted,27,NA,0.318971827829,NA,NA
absence_weighted,28,NA,0.346119063027,NA,NA
absence_weighted,29,NA,0.376388170958,NA,NA
absence_weighted,30,NA,0.364075645761,NA,NA
absence_weighted,31,NA,0.201480564055,NA,NA
absence_weighted,32,NA,0.154461492076,NA,NA
absence_weighted,33,NA,0.246744425458,NA,NA
absence_weighted,34,NA,0.325781867861,NA,NA
absence_weighted,35,NA,0.460291923721,NA,NA
absence_weighted,36,NA,0.366203310302,NA,NA
absence_weighted,37,NA,0.354124039434,NA,NA
absence_weighted,38,NA,0.42041352545,NA,NA
absence_weighted,39,NA,0.369744992835,NA,NA
absence_weighted,40,NA,0.376925028251,NA,NA
absence_weighted,41,NA,0.312929093857,NA,NA
absence_weighted,42,NA,0.245049534499,NA,NA
absence_weighted,43,NA,0.320980370401,NA,NA
absence_weighted,44,NA,0.431147157955,NA,NA
absence_weighted,45,NA,0.325786683042,NA,NA
absence_weighted,46,NA,0.349259970227,NA,NA
absence_weighted,47,NA,0.404046601949,NA,NA
absence_weighted,48,NA,0.315826516992,NA,NA
absence_weighted,49,NA,0.240407841231,NA,NA
absence_weighted,50,NA,0.177321546235,NA,NA
absence_weighted,51,NA,0.416896375921,NA,NA
absence_weighted,52,NA,0.209421023446,NA,NA
absence_weighted,53,NA,0.40543474668,NA,NA
absence_weighted,54,NA,0.545049765018,NA,NA
absence_weighted,55,NA,0.141439827117,NA,NA
absence_weighted,56,NA,0.383591418921,NA,NA
absence_weighted,57,NA,0.327502309201,NA,NA
absence_weighted,58,NA,0.308902445012,NA,NA
absence_weighted,59,NA,0.365875521577,NA,NA
absence_weighted,60,NA,0.304331693228,NA,NA
absence_weighted,61,NA,0.287544391083,NA,NA
absence_weighted,62,NA,0.291211021127,NA,NA
absence_weighted,63,NA,0.473253387926,NA,NA
absence_weighted,64,NA,0.231526189796,NA,NA
absence_weighted,65,NA,0.308574603391,NA,NA
absence_weighted,66,NA,0.438715975503,NA,NA
absence_weighted,67,NA,0.30991253625,NA,NA
absence_weighted,68,NA,0.214006447866,NA,NA
absence_weighted,69,NA,0.331522887226,NA,NA
absence_weighted,70,NA,0.428179128045,NA,NA
absence_weighted,71,NA,0.354354719342,NA,NA
absence_weighted,72,NA,0.233144958649,NA,NA
absence_weighted,73,NA,0.277581469512,NA,NA
absence_weighted,74,NA,0.3686170755,NA,NA
absence_weighted,75,NA,0.214776211591,NA,NA
absence_weighted,76,NA,0.292294572508,NA,NA
absence_weighted,77,NA,0.224480659249,NA,NA
absence_weighted,78,NA,0.184277756564,NA,NA
absence_weighted,79,NA,0.369185886907,NA,NA
absence_weighted,80,NA,0.222122195663,NA,NA
