unit,y_8,y_12
d003u00001,0,0
d003u00002,1,1
d003u00003,1,1
d003u00004,0,0
d003u00005,0,0
d003u00006,0,0
d003u00007,1,1
d003u00008,1,1
d003u00009,1,1
d003u00010,0,0
d003u00011,0,0
d003u00012,0,0
d003u00013,1,1
d003u00014,0,0
d003u00015,1,1
d003u00016,0,0
d003u00017,0,0
d003u00018,0,0
d003u00019,1,1
d003u00020,0,0
d003u00021,0,0
d003u00022,0,0
d003u00023,0,1
d003u00024,0,1
d003u00025,0,1
d003u00026,0,1
d003u00027,0,0
d003u00028,0,0
d003u00029,0,0
d003u00030,0,0
d003u00031,0,0
d003u00032,0,0
d003u00033,0,0
d003u00034,0,0
d003u00035,0,0
d003u00036,0,0
d003u00037,0,0
d003u00038,0,0
d003u00039,0,0
d003u00040,0,0
d003u00041,0,0
d003u00042,0,0
d003u00043,0,0
d003u00044,0,0
d003u00045,0,0
d003u00046,0,0
d003u00047,0,0
d003u00048,0,0
d003u00049,0,0
d003u00050,0,0
d003u00051,0,0
d003u00052,0,0
d003u00053,0,0
d003u00054,0,0
d003u00055,0,0
d003u00056,0,0
d003u00057,0,0
d003u00058,0,0
d003u00059,0,0
d003u00060,0,0
d003u00061,0,0
d003u00062,0,0
d003u00063,0,0
d003u00064,0,0
d003u00065,0,0
d003u00066,0,0
d003u00067,0,0
d003u00068,0,0
d003u00069,0,0
d003u00070,0,0
d003u00071,0,0
d003u00072,0,0
d003u00073,0,0
d003u00074,0,0
d003u00075,0,0
d003u00076,0,0
d003u00077,0,0
d003u00078,0,0
d003u00079,0,0
d003u00080,0,0
