case,y,p
plain,0,0.1
plain,0,0.2
plain,0,0.35
plain,1,0.4
plain,1,0.6
plain,1,0.9
plain,0,0.55
plain,1,0.7
all_tied,0,0.5
all_tied,1,0.5
all_tied,0,0.5
all_tied,1,0.5
all_tied,1,0.5
all_tied,0,0.5
some_tied,0,0.2
some_tied,1,0.2
some_tied,1,0.8
some_tied,0,0.8
some_tied,1,0.5
some_tied,0,0.5
tied_across_classes,0,0.3
tied_across_classes,1,0.3
tied_across_classes,0,0.7
tied_across_classes,1,0.7
one_presence,0,0.1
one_presence,0,0.3
one_presence,0,0.2
one_presence,1,0.9
one_presence,0,0.4
one_presence,0,0.05
one_absence,1,0.9
one_absence,1,0.8
one_absence,1,0.7
one_absence,0,0.2
one_absence,1,0.6
all_presence,1,0.1
all_presence,1,0.4
all_presence,1,0.6
all_presence,1,0.9
all_absence,0,0.1
all_absence,0,0.4
all_absence,0,0.6
all_absence,0,0.9
perfect,0,0.1
perfect,0,0.2
perfect,1,0.8
perfect,1,0.9
reversed,1,0.1
reversed,1,0.2
reversed,0,0.8
reversed,0,0.9
graded,0,0.02
graded,0,0.06
graded,0,0.1
graded,0,0.14
graded,0,0.18
graded,0,0.22
graded,0,0.26
graded,0,0.3
graded,1,0.34
graded,0,0.38
graded,0,0.42
graded,1,0.46
graded,0,0.5
graded,1,0.54
graded,0,0.58
graded,1,0.62
graded,1,0.66
graded,0,0.7
graded,1,0.74
graded,1,0.78
graded,1,0.82
graded,1,0.86
graded,1,0.9
graded,1,0.94
graded,1,0.98
