case,id,candidate
random,1,1
random,2,1
random,3,1
random,4,1
random,5,1
random,6,1
random,7,1
random,8,0
random,9,1
random,10,1
random,11,1
random,12,1
random,13,1
random,14,1
random,15,0
random,16,1
random,17,1
random,18,1
random,19,1
random,20,1
random,21,1
random,22,0
random,23,1
random,24,1
random,25,1
random,26,1
random,27,1
random,28,1
random,29,0
random,30,1
random,31,1
random,32,1
random,33,1
random,34,1
random,35,1
random,36,1
sre,1,1
sre,2,1
sre,3,1
sre,4,1
sre,5,1
sre,6,1
sre,7,1
sre,8,0
sre,9,1
sre,10,1
sre,11,1
sre,12,1
sre,13,1
sre,14,1
sre,15,0
sre,16,0
sre,17,1
sre,18,1
sre,19,0
sre,20,1
sre,21,1
sre,22,0
sre,23,1
sre,24,0
sre,25,1
sre,26,1
sre,27,0
sre,28,1
sre,29,0
sre,30,0
sre,31,1
sre,32,0
sre,33,1
sre,34,1
sre,35,0
sre,36,1
disk_planar,1,0
disk_planar,2,0
disk_planar,3,1
disk_planar,4,0
disk_planar,5,0
disk_planar,6,0
disk_planar,7,0
disk_planar,8,0
disk_planar,9,1
disk_planar,10,1
disk_planar,11,0
disk_planar,12,0
disk_planar,13,1
disk_planar,14,1
disk_planar,15,0
disk_planar,16,1
disk_planar,17,1
disk_planar,18,0
disk_planar,19,0
disk_planar,20,1
disk_planar,21,1
disk_planar,22,0
disk_planar,23,1
disk_planar,24,1
disk_planar,25,0
disk_planar,26,0
disk_planar,27,1
disk_planar,28,1
disk_planar,29,0
disk_planar,30,1
disk_planar,31,0
disk_planar,32,0
disk_planar,33,0
disk_planar,34,1
disk_planar,35,1
disk_planar,36,1
disk_lonlat,1,1
disk_lonlat,2,1
disk_lonlat,3,1
disk_lonlat,4,0
disk_lonlat,5,0
disk_lonlat,6,0
disk_lonlat,7,1
disk_lonlat,8,0
disk_lonlat,9,1
disk_lonlat,10,1
disk_lonlat,11,0
disk_lonlat,12,0
disk_lonlat,13,1
disk_lonlat,14,1
disk_lonlat,15,0
disk_lonlat,16,1
disk_lonlat,17,1
disk_lonlat,18,0
disk_lonlat,19,0
disk_lonlat,20,1
disk_lonlat,21,1
disk_lonlat,22,0
disk_lonlat,23,1
disk_lonlat,24,1
disk_lonlat,25,0
disk_lonlat,26,0
disk_lonlat,27,1
disk_lonlat,28,1
disk_lonlat,29,0
disk_lonlat,30,1
disk_lonlat,31,0
disk_lonlat,32,0
disk_lonlat,33,0
disk_lonlat,34,1
disk_lonlat,35,1
disk_lonlat,36,1
