case,index,start,fitted
binomial,1,0.542790701473,0.499378955223843
binomial,2,-0.640422140528,-0.890914886486994
binomial,3,-0.083703893097,-0.324780230817785
binomial,4,0.654797034385,0.371553380157937
binomial,5,0.370982402423,0.126444802126304
binomial,6,0.219339574641,-0.0270345889515313
binomial,7,-0.424526968598,-0.655347706056382
binomial,8,-0.291858859826,-0.494130562841498
binomial,9,-0.642173295049,-0.782627444470423
binomial,10,-0.537868581479,-0.626358320315771
binomial,11,0.175884529343,0.0794361541397588
binomial,12,-0.293718823371,-0.353886446288589
binomial,13,-0.597672935296,-0.661562218577949
binomial,14,-0.596022540797,-0.992018668007253
binomial,15,-0.334064722713,-0.708917283055779
binomial,16,-0.022723415913,-0.431179772798111
binomial,17,0.058488352597,-0.337210538179142
binomial,18,0.627831606381,0.24846032062235
binomial,19,0.163918950828,-0.196204322131367
binomial,20,0.175160670374,-0.162127289311014
binomial,21,0.242563144444,-0.00966620343671208
binomial,22,0.637743134564,0.42698766320987
binomial,23,0.674343354767,0.500719571714809
binomial,24,-0.382128828345,-0.525800748271302
binomial,25,-0.532556184474,-0.674449584910536
binomial,26,0.698551360238,0.632120144284069
binomial,27,0.289779587137,0.134236560289502
binomial_weighted,1,0.667799746012,1347.63688294324
binomial_weighted,2,0.635194174107,-353.770417117271
binomial_weighted,3,-0.540894790087,-506.817611877678
binomial_weighted,4,-0.316693865368,92.9308705618058
binomial_weighted,5,-0.006453979714,163.623136312786
binomial_weighted,6,-0.113964728778,221.959661167634
binomial_weighted,7,-0.243421887187,8.87805189325167
binomial_weighted,8,0.005052848719,194.223596782957
binomial_weighted,9,-0.460853804369,97.6800081756041
binomial_weighted,10,0.1452184116,-19.5419170023772
binomial_weighted,11,0.220073934505,51.7273591368163
binomial_weighted,12,0.610376185132,160.869228679029
binomial_weighted,13,0.354952958692,0.290525064568605
binomial_weighted,14,0.042557631619,-0.406290949107221
binomial_weighted,15,0.195015303418,-0.210130744638517
binomial_weighted,16,-0.025797749683,-0.47945588379888
binomial_weighted,17,-0.254185798252,-0.707892195905844
binomial_weighted,18,0.298441361822,-0.135580607716588
binomial_weighted,19,-0.649301849119,-1.02310181459764
binomial_weighted,20,0.545763242245,0.169272787369338
binomial_weighted,21,-0.533613421023,-0.82221707082624
binomial_weighted,22,0.514008720033,0.26529306805218
binomial_weighted,23,-0.696788032958,-0.900203657496364
binomial_weighted,24,0.238935740292,0.0486194666652085
binomial_weighted,25,-0.346419214737,3.1182439833908
binomial_weighted,26,0.115840378636,-5.14342683363645
binomial_weighted,27,0.348441720335,0.0497850359291516
binomial_bigboss,1,-0.080214443104,0.733039697759133
binomial_bigboss,2,-0.060276616504,-1.70434265812177
binomial_bigboss,3,-0.018702753866,-3.86278831132478
binomial_bigboss,4,-0.040031401301,1.61839260595842
binomial_bigboss,5,-0.055538322404,0.214823928539879
binomial_bigboss,6,-0.000541853625,1.17217557740951
binomial_bigboss,7,0.066704910714,1.92999772434334
binomial_bigboss,8,0.046928743599,0.0324598077622134
binomial_bigboss,9,-0.076919107791,0.891815734059688
binomial_bigboss,10,0.005298743211,0.909870919178078
binomial_bigboss,11,-0.058913425822,1.34580487233409
binomial_bigboss,12,-0.033797464101,-2.18510068889236
binomial_bigboss,13,-0.026535118744,0.0236719337456035
binomial_bigboss,14,0.056969314581,0.14276793413643
binomial_bigboss,15,0.006902481755,0.138444371021725
binomial_bigboss,16,0.012435273826,0.13702339103874
binomial_bigboss,17,0.079424961749,0.12783829668432
binomial_bigboss,18,-0.065386119951,0.120754685116889
binomial_bigboss,19,0.047212906415,0.123737093277203
binomial_bigboss,20,0.042504987493,0.103966528467556
binomial_bigboss,21,-0.041053580539,0.0788771319360975
binomial_bigboss,22,0.076646098634,0.0680353036139374
binomial_bigboss,23,-0.011962542869,0.0543443123748387
binomial_bigboss,24,0.063518937677,0.0450460797471975
binomial_bigboss,25,0.011068039294,0.0236737780169562
binomial_bigboss,26,-0.046916508023,0.142760656344463
binomial_bigboss,27,-0.01822846611,0.138431884394939
binomial_bigboss,28,0.009657445364,0.137013814842001
binomial_bigboss,29,-0.081739614438,0.127831533321645
binomial_bigboss,30,0.018408678472,0.120753830555439
binomial_bigboss,31,0.052826450672,0.123733549387459
binomial_bigboss,32,-0.018503811257,0.103970214573153
binomial_bigboss,33,0.048899068916,0.0788715389090124
binomial_bigboss,34,-0.017112479825,0.0680313898374821
binomial_bigboss,35,0.019464245718,0.0543397702436308
binomial_bigboss,36,0.08950863611,0.0450459597742868
binomial_bigboss,37,-0.077823919849,-1.2874508032322
binomial_bigboss,38,-0.031487724278,-3.08647241614047
binomial_bigboss,39,0.044370081369,-2.07082450981872
binomial_bigboss,40,0.086009075027,0.526015479452213
binomial_bigboss,41,0.051062751282,0.810877102798233
binomial_bigboss,42,-0.06281331284,2.39292106271149
binomial_bigboss,43,0.055806488683,1.77811918600669
binomial_bigboss,44,-0.008770033391,-0.406488833423304
binomial_bigboss,45,0.065403821273,-0.100711266225967
binomial_bigboss,46,0.06586245806,-0.0620596668476488
binomial_bigboss,47,0.030988462362,0.600397360462611
binomial_bigboss,48,0.044291903917,0.907345402490575
binomial_bigboss,49,-0.021602820558,-2.1956960666564
binomial_bigboss,50,0.065881356644,0.64345735054652
binomial_bigboss,51,0.031211727625,2.51992457457371
binomial_bigboss,52,0.071795968013,0.087001639185157
binomial_bigboss,53,-0.082829779666,-1.0868758179679
binomial_bigboss,54,-0.073945631366,-2.42838116140741
binomial_bigboss,55,-0.037139218114,0.566033798740975
binomial_bigboss,56,-0.092045252258,-1.83270692824079
binomial_bigboss,57,-0.075544397999,1.49400026029531
binomial_bigboss,58,-0.049050953472,0.342521117391786
binomial_bigboss,59,0.006843355112,2.29880102387011
binomial_bigboss,60,-0.046653331211,-3.13461584935605
binomial_bigboss,61,-0.060063111689,-1.02969328728122
binomial_bigboss,62,-0.019950128533,-6.46747294172473
binomial_bigboss,63,-0.003805103758,-1.00607487624919
binomial_bigboss,64,0.024547953112,-1.00614085872459
binomial_bigboss,65,-0.086764843576,5.09259124407313
binomial_bigboss,66,0.061988729937,6.38222664047239
binomial_skip,1,0.204048695369,0.0220866675235946
binomial_skip,2,-0.382767131506,0.126072162592051
binomial_skip,3,-0.58302621576,0.122162977567777
binomial_skip,4,0.37391565782,0.127736485170551
binomial_skip,5,-0.27033295827,0.118129351385744
binomial_skip,6,-0.156942579057,0.105735848110306
binomial_skip,7,-0.154328726232,0.11026641775563
binomial_skip,8,0.588764613681,0.0917166151207803
binomial_skip,9,0.348708158825,0.0720161334907625
binomial_skip,10,0.439742453955,0.0599053260455441
binomial_skip,11,-0.149643567577,0.047389855124953
binomial_skip,12,0.451491543232,0.039141772769572
binomial_skip,13,-0.500786701217,0.24122106109536
binomial_skip,14,-0.561587819923,-0.750824730090708
binomial_skip,15,0.303021591064,-0.080208883421499
binomial_skip,16,0.112452537008,0.26083291197846
binomial_skip,17,-0.686213106383,0.153915080368562
binomial_skip,18,0.429786493443,0.113953010269373
binomial_skip,19,-0.269886571635,0.525328487326199
binomial_skip,20,0.131398191536,-0.212504091184027
binomial_skip,21,0.285469458578,-0.604437991976962
binomial_skip,22,0.519603099721,0.324782661584626
binomial_skip,23,-0.169028107682,0.567358557574786
binomial_skip,24,0.68255919558,0.987295778521924
binomial_skip,25,-0.040872730687,0.0220871847132126
binomial_skip,26,0.581295213569,0.126073812330609
binomial_skip,27,0.143933508871,0.122164484432661
binomial_skip,28,0.646375012584,0.127739745802188
binomial_skip,29,0.585817292333,0.118131989023975
binomial_skip,30,0.266172443423,0.105735808218239
binomial_skip,31,0.554188592779,0.110269708598648
binomial_skip,32,-0.181509655481,0.0917177981568287
binomial_skip,33,0.393037076108,0.0720170378413512
binomial_skip,34,-0.03641939587,0.0599078728343503
binomial_skip,35,0.388407557691,0.0473920249290781
binomial_skip,36,-0.094689045288,0.039144785679377
binomial_skip,37,-0.44718822632,-1.05644409319322
binomial_skip,38,0.003059680434,-1.03493717264035
binomial_skip,39,0.176655038167,-1.9695069172037
binomial_skip,40,-0.175447694398,-1.03493778227563
binomial_skip,41,-0.495271622762,0.368842912873114
binomial_skip,42,-0.675100423163,1.36303608666009
binomial_skip,43,-0.177099574963,-0.139648304678734
binomial_skip,44,0.651481210999,-0.16695758378129
binomial_skip,45,0.523772522807,-0.786608828187907
binomial_skip,46,-0.453849537997,0.311316975832119
binomial_skip,47,-0.218079048721,-0.715964843716507
binomial_skip,48,0.552679066733,0.0947164532523217
binomial_skip,49,-0.507749148179,-0.1545876681514
binomial_skip,50,-0.079948054673,0.235796070389103
binomial_skip,51,-0.385265446128,-0.0396508659255536
binomial_stopped,1,-0.578050546255,-0.439647858458978
binomial_stopped,2,0.62694394649,0.572982692704776
binomial_stopped,3,0.501978566637,0.492465455057611
binomial_stopped,4,-0.305326220486,-0.161466668372093
binomial_stopped,5,-0.244728593575,-0.120762709692605
binomial_stopped,6,-0.344758600323,-0.201756196481971
binomial_stopped,7,-0.166829933831,-0.0641296179491413
binomial_stopped,8,-0.527939193789,-0.364123806021348
binomial_stopped,9,-0.371300221141,-0.23296390273566
binomial_stopped,10,-0.349618229968,-0.229247270845247
binomial_stopped,11,-0.070939864218,-0.0160004040099728
binomial_stopped,12,0.298587991018,0.247041590969174
binomial_stopped,13,-0.159113490023,-0.0421335388722363
binomial_stopped,14,0.420330511453,0.813725981715374
binomial_stopped,15,0.083208120475,0.482094433279391
binomial_stopped,16,-0.226329184091,0.334699605786365
binomial_stopped,17,-0.342682183068,0.202836650699
binomial_stopped,18,0.621228613704,0.970024950343372
binomial_stopped,19,0.487711025402,0.840378427152382
binomial_stopped,20,-0.261925793858,0.210271083212745
binomial_stopped,21,-0.564697436243,-0.166892101092344
binomial_stopped,22,-0.299103189399,0.00251534542680042
binomial_stopped,23,-0.56001677718,-0.231139675760598
binomial_stopped,24,-0.085965650249,0.0987702648646429
binomial_stopped,25,0.360680606682,-1.34993708399587
binomial_stopped,26,0.089394078497,0.181628798051528
binomial_stopped,27,0.061580328783,0.663078360303365
gaussian,1,0.114886304131,-1.75780468912174
gaussian,2,0.453529254347,-0.346064827992536
gaussian,3,0.086413549678,1.49188649206607
gaussian,4,0.454689704766,0.168882657168497
gaussian,5,-0.354153731558,-0.0254779156398032
gaussian,6,0.452552719368,-0.389362797843966
gaussian,7,-0.586461602012,-0.115638808289192
gaussian,8,-0.205309341894,-0.326487401222227
gaussian,9,-0.504707774473,-0.26087808483611
gaussian,10,-0.407952356478,-0.232676963371509
gaussian,11,-0.204670688976,-0.0235854405528967
gaussian,12,-0.538856815919,-0.00929501423913212
gaussian,13,0.699755995907,0.0251276986178913
gaussian,14,0.523857268924,0.151668126652809
gaussian,15,-0.663260704139,0.129885532953849
gaussian,16,0.438519406272,0.132221662173451
gaussian,17,-0.521119574644,0.143607459746016
gaussian,18,-0.199831061717,0.117420790356665
gaussian,19,0.021145724179,0.111775716798844
gaussian,20,-0.484206331614,0.107862724037758
gaussian,21,-0.483759864466,0.0940760958822527
gaussian,22,-0.370865879161,0.0693066215095318
gaussian,23,0.422080061259,0.0540578984262786
gaussian,24,0.610218005115,0.0400862793954575
gaussian,25,0.095312903402,-0.913715676114066
gaussian,26,0.017205992155,3.11918651196783
gaussian,27,-0.638985784678,-0.885182201168777
gaussian_weighted_skip,1,0.400899001397,0.466221151050406
gaussian_weighted_skip,2,0.018789006537,0.222040934909798
gaussian_weighted_skip,3,0.574465742847,-0.221339605030962
gaussian_weighted_skip,4,-0.391564450692,-0.100927321333326
gaussian_weighted_skip,5,0.188585737348,-0.0375297384831805
gaussian_weighted_skip,6,0.475547513412,-0.446401606282713
gaussian_weighted_skip,7,-0.609219029546,-0.619500619996825
gaussian_weighted_skip,8,0.466865915945,0.119416585868608
gaussian_weighted_skip,9,-0.051572205732,1.12902809035738
gaussian_weighted_skip,10,-0.39375609518,0.301466093775185
gaussian_weighted_skip,11,-0.674405501876,-0.151288545809776
gaussian_weighted_skip,12,-0.265842515184,-0.377734820458901
gaussian_weighted_skip,13,-0.347586773103,0.0262757869309411
gaussian_weighted_skip,14,-0.222214780934,0.163030912258804
gaussian_weighted_skip,15,0.22865941464,0.133176214197058
gaussian_weighted_skip,16,0.315993891004,0.134036115628016
gaussian_weighted_skip,17,0.481426360924,0.149818534151877
gaussian_weighted_skip,18,-0.591341718426,0.118275718043023
gaussian_weighted_skip,19,0.199808656005,0.112493640013631
gaussian_weighted_skip,20,0.556340988399,0.103825006385444
gaussian_weighted_skip,21,-0.236645435961,0.0854806883274469
gaussian_weighted_skip,22,0.480124976858,0.066010519250689
gaussian_weighted_skip,23,0.318929848308,0.0555957408941237
gaussian_weighted_skip,24,-0.577275968436,0.0452900852392558
gaussian_weighted_skip,25,-0.065760104777,-1.45969981310113
gaussian_weighted_skip,26,-0.669618582819,-1.7929699633293
gaussian_weighted_skip,27,-0.125791302044,-1.44155907217152
gaussian_weighted_skip,28,-0.481379888393,-0.115949493547767
gaussian_weighted_skip,29,-0.248700010823,1.08033268117408
gaussian_weighted_skip,30,0.698554665502,0.324246628995108
gaussian_weighted_skip,31,-0.543405813025,-0.0548789111976826
gaussian_weighted_skip,32,-0.608705331571,-0.345384758339402
gaussian_weighted_skip,33,0.689822852472,-0.159381583000617
gaussian_weighted_skip,34,0.056553587085,-0.17633900380896
gaussian_weighted_skip,35,0.438431499619,0.0498925667077393
gaussian_weighted_skip,36,-0.477325547161,-0.186142666054261
gaussian_weighted_skip,37,0.42933674776,-0.192722570726258
gaussian_weighted_skip,38,-0.370603498584,-0.197774765211925
