outer_fold,logger_ID,inner_fold
1,1,1
1,14,1
1,18,1
1,26,1
1,36,1
1,85,1
1,87,1
1,96,1
1,109,1
1,113,1
1,121,1
1,122,1
1,124,1
1,141,1
1,148,1
1,151,1
1,183,1
1,197,1
1,201,1
1,202,1
1,203,1
1,209,1
1,210,1
1,217,1
1,220,1
1,224,1
1,227,1
1,235,1
1,236,1
1,238,1
1,241,1
1,242,1
1,243,1
1,245,1
1,246,1
1,261,1
1,273,1
1,280,1
1,282,1
1,287,1
1,291,1
1,295,1
1,324,1
1,332,1
1,340,1
1,341,1
1,343,1
1,350,1
1,352,1
1,354,1
1,360,1
1,384,1
1,387,1
1,393,1
1,400,1
1,409,1
1,415,1
1,429,1
1,432,1
1,439,1
1,442,1
1,445,1
1,446,1
1,461,1
1,466,1
1,485,1
1,486,1
1,488,1
1,489,1
1,494,1
1,496,1
1,508,1
1,527,1
1,528,1
1,533,1
1,534,1
1,535,1
1,543,1
1,550,1
1,553,1
1,558,1
1,561,1
1,567,1
1,569,1
1,570,1
1,580,1
1,583,1
1,591,1
1,593,1
1,602,1
1,606,1
1,611,1
1,619,1
1,622,1
1,624,1
1,635,1
1,641,1
1,642,1
1,643,1
1,646,1
1,659,1
1,662,1
1,666,1
1,667,1
1,671,1
1,672,1
1,678,1
1,679,1
1,681,1
1,684,1
1,691,1
1,703,1
1,723,1
1,724,1
1,727,1
1,742,1
1,747,1
1,757,1
1,762,1
1,769,1
1,782,1
1,783,1
1,788,1
1,790,1
1,792,1
1,797,1
1,803,1
1,826,1
1,829,1
1,832,1
1,843,1
1,862,1
1,870,1
1,877,1
1,881,1
1,885,1
1,886,1
1,891,1
1,896,1
1,900,1
1,901,1
1,902,1
1,914,1
1,919,1
1,924,1
1,966,1
1,689,1
1,630,1
1,205,1
1,66,1
1,196,1
1,853,1
1,447,1
1,49,1
1,169,1
1,699,1
1,491,1
1,852,1
1,225,1
1,812,1
1,820,1
1,438,1
1,43,1
1,898,1
1,5,2
1,7,2
1,12,2
1,13,2
1,19,2
1,25,2
1,74,2
1,83,2
1,98,2
1,103,2
1,106,2
1,110,2
1,111,2
1,117,2
1,120,2
1,137,2
1,143,2
1,153,2
1,155,2
1,161,2
1,182,2
1,184,2
1,185,2
1,219,2
1,228,2
1,230,2
1,232,2
1,239,2
1,249,2
1,250,2
1,253,2
1,259,2
1,263,2
1,266,2
1,275,2
1,288,2
1,289,2
1,290,2
1,298,2
1,319,2
1,321,2
1,335,2
1,337,2
1,339,2
1,342,2
1,349,2
1,356,2
1,358,2
1,373,2
1,378,2
1,380,2
1,381,2
1,383,2
1,389,2
1,394,2
1,406,2
1,408,2
1,411,2
1,414,2
1,435,2
1,437,2
1,444,2
1,462,2
1,465,2
1,479,2
1,483,2
1,490,2
1,522,2
1,539,2
1,556,2
1,560,2
1,562,2
1,571,2
1,572,2
1,574,2
1,584,2
1,610,2
1,616,2
1,620,2
1,628,2
1,639,2
1,661,2
1,674,2
1,680,2
1,683,2
1,686,2
1,696,2
1,697,2
1,707,2
1,709,2
1,711,2
1,713,2
1,718,2
1,722,2
1,728,2
1,729,2
1,730,2
1,739,2
1,748,2
1,750,2
1,751,2
1,756,2
1,763,2
1,770,2
1,772,2
1,773,2
1,784,2
1,794,2
1,805,2
1,815,2
1,839,2
1,863,2
1,878,2
1,882,2
1,884,2
1,897,2
1,905,2
1,912,2
1,926,2
1,931,2
1,932,2
1,951,2
1,952,2
1,954,2
1,958,2
1,961,2
1,967,2
1,969,2
1,971,2
1,972,2
1,973,2
1,669,2
1,821,2
1,946,2
1,134,2
1,453,2
1,179,2
1,128,2
1,191,2
1,58,2
1,759,2
1,786,2
1,93,2
1,69,2
1,89,2
1,930,2
1,941,2
1,944,2
1,20,2
1,30,2
1,460,2
1,682,2
1,811,2
1,178,2
1,733,2
1,129,2
1,154,2
1,868,2
1,719,2
1,806,2
1,4,3
1,10,3
1,24,3
1,31,3
1,40,3
1,48,3
1,50,3
1,51,3
1,53,3
1,68,3
1,77,3
1,78,3
1,81,3
1,88,3
1,90,3
1,91,3
1,101,3
1,108,3
1,118,3
1,131,3
1,135,3
1,144,3
1,149,3
1,160,3
1,180,3
1,186,3
1,188,3
1,190,3
1,192,3
1,206,3
1,208,3
1,211,3
1,223,3
1,233,3
1,244,3
1,247,3
1,254,3
1,258,3
1,267,3
1,270,3
1,272,3
1,274,3
1,276,3
1,279,3
1,281,3
1,286,3
1,296,3
1,297,3
1,301,3
1,308,3
1,314,3
1,315,3
1,317,3
1,322,3
1,329,3
1,330,3
1,336,3
1,338,3
1,346,3
1,348,3
1,362,3
1,391,3
1,392,3
1,412,3
1,413,3
1,416,3
1,417,3
1,423,3
1,431,3
1,469,3
1,473,3
1,477,3
1,505,3
1,512,3
1,516,3
1,536,3
1,545,3
1,557,3
1,577,3
1,579,3
1,582,3
1,587,3
1,588,3
1,596,3
1,598,3
1,601,3
1,603,3
1,604,3
1,615,3
1,623,3
1,625,3
1,626,3
1,631,3
1,632,3
1,633,3
1,634,3
1,636,3
1,638,3
1,640,3
1,650,3
1,657,3
1,663,3
1,664,3
1,665,3
1,676,3
1,687,3
1,698,3
1,702,3
1,710,3
1,720,3
1,745,3
1,746,3
1,749,3
1,760,3
1,766,3
1,795,3
1,798,3
1,800,3
1,802,3
1,804,3
1,808,3
1,834,3
1,836,3
1,840,3
1,848,3
1,879,3
1,883,3
1,895,3
1,903,3
1,917,3
1,933,3
1,936,3
1,942,3
1,947,3
1,955,3
1,957,3
1,963,3
1,510,3
1,706,3
1,542,3
1,705,3
1,396,3
1,171,3
1,194,3
1,221,3
1,94,3
1,70,3
1,114,3
1,851,3
1,850,3
1,857,3
1,138,3
1,142,3
1,492,3
1,449,3
1,54,3
1,458,3
1,887,3
1,167,3
1,937,3
1,3,4
1,17,4
1,27,4
1,32,4
1,45,4
1,46,4
1,56,4
1,60,4
1,61,4
1,42,4
1,64,4
1,65,4
1,67,4
1,73,4
1,76,4
1,79,4
1,82,4
1,86,4
1,189,4
1,193,4
1,198,4
1,234,4
1,240,4
1,248,4
1,251,4
1,257,4
1,285,4
1,306,4
1,320,4
1,323,4
1,327,4
1,331,4
1,334,4
1,351,4
1,353,4
1,359,4
1,363,4
1,365,4
1,366,4
1,370,4
1,371,4
1,372,4
1,376,4
1,377,4
1,382,4
1,385,4
1,395,4
1,405,4
1,410,4
1,418,4
1,426,4
1,428,4
1,430,4
1,433,4
1,443,4
1,463,4
1,464,4
1,475,4
1,487,4
1,498,4
1,500,4
1,502,4
1,511,4
1,513,4
1,514,4
1,515,4
1,519,4
1,526,4
1,529,4
1,531,4
1,532,4
1,537,4
1,544,4
1,546,4
1,547,4
1,548,4
1,552,4
1,555,4
1,566,4
1,578,4
1,586,4
1,592,4
1,597,4
1,605,4
1,607,4
1,609,4
1,613,4
1,618,4
1,621,4
1,627,4
1,629,4
1,645,4
1,647,4
1,651,4
1,652,4
1,655,4
1,658,4
1,675,4
1,693,4
1,708,4
1,715,4
1,716,4
1,717,4
1,725,4
1,732,4
1,738,4
1,740,4
1,754,4
1,755,4
1,761,4
1,768,4
1,774,4
1,778,4
1,779,4
1,780,4
1,781,4
1,785,4
1,809,4
1,810,4
1,814,4
1,816,4
1,817,4
1,846,4
1,864,4
1,867,4
1,876,4
1,889,4
1,894,4
1,899,4
1,907,4
1,909,4
1,913,4
1,916,4
1,918,4
1,923,4
1,925,4
1,928,4
1,939,4
1,945,4
1,950,4
1,953,4
1,964,4
1,965,4
1,968,4
1,404,4
1,929,4
1,943,4
1,735,4
1,721,4
1,506,4
1,133,4
1,480,4
1,838,4
1,452,4
1,813,4
1,146,4
1,824,4
1,734,4
1,504,4
1,172,4
1,28,5
1,33,5
1,35,5
1,37,5
1,63,5
1,75,5
1,95,5
1,104,5
1,105,5
1,112,5
1,162,5
1,163,5
1,181,5
1,195,5
1,200,5
1,204,5
1,212,5
1,213,5
1,215,5
1,216,5
1,226,5
1,229,5
1,231,5
1,256,5
1,260,5
1,262,5
1,264,5
1,269,5
1,278,5
1,283,5
1,284,5
1,300,5
1,302,5
1,303,5
1,304,5
1,309,5
1,310,5
1,312,5
1,318,5
1,325,5
1,333,5
1,344,5
1,345,5
1,347,5
1,355,5
1,357,5
1,361,5
1,367,5
1,374,5
1,386,5
1,388,5
1,397,5
1,399,5
1,403,5
1,407,5
1,420,5
1,422,5
1,424,5
1,436,5
1,441,5
1,456,5
1,459,5
1,468,5
1,481,5
1,495,5
1,503,5
1,517,5
1,523,5
1,524,5
1,525,5
1,540,5
1,549,5
1,551,5
1,554,5
1,563,5
1,564,5
1,565,5
1,573,5
1,575,5
1,576,5
1,581,5
1,589,5
1,590,5
1,594,5
1,600,5
1,612,5
1,614,5
1,637,5
1,649,5
1,653,5
1,660,5
1,670,5
1,677,5
1,690,5
1,692,5
1,700,5
1,701,5
1,704,5
1,712,5
1,736,5
1,737,5
1,743,5
1,752,5
1,758,5
1,771,5
1,775,5
1,776,5
1,793,5
1,796,5
1,799,5
1,801,5
1,818,5
1,841,5
1,859,5
1,861,5
1,866,5
1,872,5
1,873,5
1,874,5
1,890,5
1,920,5
1,922,5
1,927,5
1,934,5
1,940,5
1,948,5
1,962,5
1,375,5
1,688,5
1,509,5
1,293,5
1,294,5
1,139,5
1,831,5
1,150,5
1,166,5
1,23,5
1,57,5
1,158,5
1,222,5
1,55,5
1,123,5
1,116,5
1,789,5
1,207,5
1,99,5
1,855,5
1,164,5
1,119,5
1,860,5
1,892,5
1,830,5
1,448,5
1,822,5
1,145,5
1,92,5
1,126,5
1,888,5
1,451,5
1,2,5
2,3,1
2,5,1
2,7,1
2,8,1
2,13,1
2,28,1
2,32,1
2,34,1
2,35,1
2,36,1
2,46,1
2,60,1
2,68,1
2,76,1
2,77,1
2,79,1
2,88,1
2,91,1
2,95,1
2,118,1
2,151,1
2,157,1
2,170,1
2,182,1
2,184,1
2,195,1
2,203,1
2,210,1
2,217,1
2,220,1
2,242,1
2,247,1
2,248,1
2,255,1
2,258,1
2,263,1
2,266,1
2,267,1
2,271,1
2,272,1
2,273,1
2,279,1
2,280,1
2,285,1
2,288,1
2,295,1
2,303,1
2,304,1
2,307,1
2,310,1
2,311,1
2,315,1
2,318,1
2,320,1
2,323,1
2,326,1
2,335,1
2,336,1
2,347,1
2,349,1
2,358,1
2,361,1
2,362,1
2,366,1
2,373,1
2,384,1
2,391,1
2,403,1
2,405,1
2,411,1
2,420,1
2,423,1
2,431,1
2,432,1
2,433,1
2,436,1
2,441,1
2,442,1
2,462,1
2,469,1
2,470,1
2,471,1
2,475,1
2,487,1
2,489,1
2,503,1
2,516,1
2,526,1
2,527,1
2,537,1
2,543,1
2,564,1
2,569,1
2,578,1
2,583,1
2,586,1
2,587,1
2,589,1
2,590,1
2,603,1
2,615,1
2,619,1
2,620,1
2,622,1
2,638,1
2,642,1
2,646,1
2,649,1
2,656,1
2,671,1
2,701,1
2,707,1
2,712,1
2,728,1
2,730,1
2,736,1
2,743,1
2,746,1
2,748,1
2,767,1
2,768,1
2,774,1
2,788,1
2,792,1
2,797,1
2,801,1
2,809,1
2,814,1
2,817,1
2,841,1
2,866,1
2,870,1
2,878,1
2,882,1
2,895,1
2,903,1
2,923,1
2,924,1
2,927,1
2,963,1
2,967,1
2,973,1
2,375,1
2,669,1
2,293,1
2,705,1
2,134,1
2,66,1
2,221,1
2,786,1
2,207,1
2,930,1
2,838,1
2,119,1
2,169,1
2,699,1
2,491,1
2,813,1
2,734,1
2,126,1
2,504,1
2,172,1
2,937,1
2,719,1
2,4,2
2,31,2
2,33,2
2,37,2
2,39,2
2,61,2
2,67,2
2,85,2
2,86,2
2,90,2
2,98,2
2,111,2
2,120,2
2,141,2
2,144,2
2,156,2
2,162,2
2,181,2
2,200,2
2,204,2
2,219,2
2,223,2
2,233,2
2,235,2
2,256,2
2,261,2
2,270,2
2,278,2
2,282,2
2,284,2
2,290,2
2,291,2
2,300,2
2,312,2
2,316,2
2,321,2
2,328,2
2,334,2
2,339,2
2,343,2
2,346,2
2,348,2
2,355,2
2,357,2
2,374,2
2,376,2
2,383,2
2,393,2
2,408,2
2,410,2
2,413,2
2,416,2
2,424,2
2,425,2
2,443,2
2,446,2
2,461,2
2,483,2
2,488,2
2,490,2
2,496,2
2,500,2
2,524,2
2,529,2
2,531,2
2,532,2
2,536,2
2,544,2
2,552,2
2,560,2
2,563,2
2,567,2
2,582,2
2,584,2
2,588,2
2,591,2
2,592,2
2,594,2
2,605,2
2,608,2
2,624,2
2,625,2
2,629,2
2,634,2
2,643,2
2,647,2
2,654,2
2,655,2
2,675,2
2,676,2
2,677,2
2,683,2
2,686,2
2,687,2
2,698,2
2,700,2
2,717,2
2,729,2
2,732,2
2,740,2
2,745,2
2,754,2
2,760,2
2,766,2
2,770,2
2,772,2
2,773,2
2,776,2
2,777,2
2,783,2
2,787,2
2,791,2
2,796,2
2,800,2
2,803,2
2,810,2
2,819,2
2,836,2
2,840,2
2,865,2
2,871,2
2,874,2
2,901,2
2,906,2
2,912,2
2,913,2
2,915,2
2,919,2
2,922,2
2,925,2
2,932,2
2,936,2
2,939,2
2,953,2
2,954,2
2,956,2
2,962,2
2,968,2
2,510,2
2,294,2
2,946,2
2,396,2
2,457,2
2,453,2
2,150,2
2,205,2
2,128,2
2,187,2
2,93,2
2,69,2
2,114,2
2,851,2
2,452,2
2,49,2
2,880,2
2,682,2
2,852,2
2,733,2
2,146,2
2,438,2
2,22,3
2,40,3
2,44,3
2,45,3
2,52,3
2,74,3
2,96,3
2,106,3
2,107,3
2,109,3
2,112,3
2,113,3
2,121,3
2,135,3
2,163,3
2,180,3
2,185,3
2,193,3
2,206,3
2,213,3
2,216,3
2,218,3
2,226,3
2,227,3
2,236,3
2,239,3
2,246,3
2,251,3
2,262,3
2,268,3
2,283,3
2,305,3
2,308,3
2,317,3
2,331,3
2,338,3
2,345,3
2,352,3
2,354,3
2,359,3
2,364,3
2,372,3
2,385,3
2,401,3
2,406,3
2,409,3
2,417,3
2,421,3
2,422,3
2,456,3
2,463,3
2,465,3
2,468,3
2,477,3
2,479,3
2,511,3
2,514,3
2,523,3
2,528,3
2,535,3
2,548,3
2,549,3
2,553,3
2,556,3
2,568,3
2,570,3
2,571,3
2,572,3
2,580,3
2,581,3
2,593,3
2,596,3
2,602,3
2,612,3
2,613,3
2,614,3
2,627,3
2,632,3
2,633,3
2,640,3
2,641,3
2,651,3
2,652,3
2,657,3
2,662,3
2,663,3
2,664,3
2,690,3
2,691,3
2,702,3
2,703,3
2,708,3
2,710,3
2,720,3
2,724,3
2,726,3
2,731,3
2,739,3
2,752,3
2,761,3
2,763,3
2,769,3
2,775,3
2,778,3
2,781,3
2,795,3
2,798,3
2,802,3
2,805,3
2,808,3
2,815,3
2,818,3
2,828,3
2,839,3
2,846,3
2,863,3
2,872,3
2,877,3
2,879,3
2,884,3
2,891,3
2,896,3
2,907,3
2,910,3
2,918,3
2,926,3
2,928,3
2,934,3
2,949,3
2,950,3
2,951,3
2,961,3
2,970,3
2,127,3
2,831,3
2,630,3
2,171,3
2,179,3
2,158,3
2,123,3
2,194,3
2,721,3
2,759,3
2,89,3
2,99,3
2,41,3
2,941,3
2,855,3
2,853,3
2,480,3
2,54,3
2,860,3
2,448,3
2,225,3
2,812,3
2,820,3
2,868,3
2,887,3
2,888,3
2,2,3
2,1,4
2,9,4
2,17,4
2,19,4
2,50,4
2,56,4
2,73,4
2,75,4
2,81,4
2,104,4
2,108,4
2,117,4
2,124,4
2,131,4
2,137,4
2,153,4
2,160,4
2,161,4
2,165,4
2,183,4
2,189,4
2,192,4
2,202,4
2,212,4
2,214,4
2,229,4
2,230,4
2,234,4
2,238,4
2,244,4
2,245,4
2,249,4
2,250,4
2,254,4
2,257,4
2,259,4
2,264,4
2,274,4
2,275,4
2,277,4
2,281,4
2,287,4
2,292,4
2,297,4
2,301,4
2,306,4
2,309,4
2,319,4
2,322,4
2,327,4
2,329,4
2,332,4
2,333,4
2,350,4
2,356,4
2,368,4
2,370,4
2,371,4
2,380,4
2,381,4
2,387,4
2,395,4
2,398,4
2,400,4
2,407,4
2,418,4
2,426,4
2,429,4
2,439,4
2,445,4
2,459,4
2,481,4
2,498,4
2,508,4
2,517,4
2,519,4
2,521,4
2,522,4
2,539,4
2,555,4
2,557,4
2,561,4
2,562,4
2,566,4
2,573,4
2,574,4
2,575,4
2,576,4
2,577,4
2,597,4
2,599,4
2,601,4
2,604,4
2,609,4
2,618,4
2,628,4
2,631,4
2,635,4
2,648,4
2,650,4
2,665,4
2,668,4
2,673,4
2,678,4
2,679,4
2,680,4
2,681,4
2,693,4
2,715,4
2,716,4
2,722,4
2,723,4
2,738,4
2,742,4
2,755,4
2,757,4
2,758,4
2,771,4
2,782,4
2,784,4
2,794,4
2,804,4
2,834,4
2,835,4
2,859,4
2,864,4
2,876,4
2,900,4
2,920,4
2,931,4
2,933,4
2,938,4
2,942,4
2,945,4
2,955,4
2,958,4
2,960,4
2,965,4
2,969,4
2,972,4
2,929,4
2,959,4
2,168,4
2,199,4
2,57,4
2,55,4
2,506,4
2,115,4
2,944,4
2,164,4
2,20,4
2,460,4
2,492,4
2,449,4
2,830,4
2,178,4
2,824,4
2,451,4
2,43,4
2,806,4
2,12,5
2,14,5
2,18,5
2,21,5
2,24,5
2,27,5
2,48,5
2,51,5
2,53,5
2,42,5
2,63,5
2,65,5
2,78,5
2,82,5
2,83,5
2,87,5
2,101,5
2,103,5
2,105,5
2,110,5
2,143,5
2,148,5
2,174,5
2,198,5
2,201,5
2,208,5
2,211,5
2,224,5
2,231,5
2,232,5
2,240,5
2,241,5
2,243,5
2,252,5
2,269,5
2,289,5
2,296,5
2,298,5
2,313,5
2,325,5
2,341,5
2,344,5
2,353,5
2,363,5
2,365,5
2,367,5
2,369,5
2,378,5
2,386,5
2,390,5
2,392,5
2,402,5
2,415,5
2,419,5
2,428,5
2,437,5
2,444,5
2,464,5
2,466,5
2,494,5
2,495,5
2,497,5
2,502,5
2,505,5
2,507,5
2,512,5
2,515,5
2,533,5
2,534,5
2,546,5
2,551,5
2,558,5
2,559,5
2,579,5
2,595,5
2,598,5
2,600,5
2,606,5
2,607,5
2,610,5
2,616,5
2,623,5
2,626,5
2,637,5
2,645,5
2,653,5
2,666,5
2,667,5
2,670,5
2,672,5
2,674,5
2,695,5
2,697,5
2,704,5
2,709,5
2,711,5
2,713,5
2,725,5
2,747,5
2,749,5
2,750,5
2,756,5
2,765,5
2,779,5
2,780,5
2,790,5
2,793,5
2,826,5
2,829,5
2,832,5
2,843,5
2,861,5
2,862,5
2,867,5
2,873,5
2,881,5
2,883,5
2,885,5
2,886,5
2,890,5
2,894,5
2,897,5
2,899,5
2,902,5
2,905,5
2,909,5
2,914,5
2,935,5
2,940,5
2,947,5
2,948,5
2,957,5
2,964,5
2,966,5
2,706,5
2,688,5
2,943,5
2,509,5
2,139,5
2,735,5
2,789,5
2,94,5
2,70,5
2,807,5
2,850,5
2,857,5
2,138,5
2,142,5
2,30,5
2,97,5
2,908,5
2,811,5
2,145,5
2,129,5
2,379,5
2,154,5
2,92,5
2,167,5
2,84,5
2,898,5
3,7,1
3,21,1
3,22,1
3,34,1
3,36,1
3,53,1
3,82,1
3,90,1
3,96,1
3,105,1
3,148,1
3,192,1
3,195,1
3,198,1
3,203,1
3,219,1
3,224,1
3,234,1
3,235,1
3,239,1
3,248,1
3,260,1
3,267,1
3,274,1
3,276,1
3,290,1
3,291,1
3,296,1
3,308,1
3,309,1
3,321,1
3,326,1
3,327,1
3,328,1
3,347,1
3,356,1
3,361,1
3,362,1
3,363,1
3,371,1
3,382,1
3,383,1
3,386,1
3,393,1
3,397,1
3,398,1
3,405,1
3,420,1
3,421,1
3,423,1
3,426,1
3,435,1
3,445,1
3,462,1
3,463,1
3,465,1
3,469,1
3,473,1
3,483,1
3,486,1
3,489,1
3,496,1
3,523,1
3,525,1
3,533,1
3,540,1
3,544,1
3,554,1
3,556,1
3,557,1
3,560,1
3,569,1
3,571,1
3,573,1
3,579,1
3,588,1
3,596,1
3,597,1
3,615,1
3,618,1
3,622,1
3,633,1
3,645,1
3,647,1
3,652,1
3,654,1
3,656,1
3,662,1
3,663,1
3,667,1
3,670,1
3,673,1
3,674,1
3,681,1
3,686,1
3,703,1
3,720,1
3,726,1
3,727,1
3,728,1
3,732,1
3,745,1
3,746,1
3,754,1
3,761,1
3,767,1
3,769,1
3,777,1
3,783,1
3,784,1
3,797,1
3,808,1
3,815,1
3,817,1
3,826,1
3,840,1
3,859,1
3,861,1
3,870,1
3,872,1
3,896,1
3,905,1
3,906,1
3,913,1
3,916,1
3,918,1
3,922,1
3,933,1
3,934,1
3,935,1
3,938,1
3,956,1
3,961,1
3,970,1
3,972,1
3,973,1
3,510,1
3,688,1
3,542,1
3,293,1
3,294,1
3,689,1
3,959,1
3,396,1
3,139,1
3,205,1
3,171,1
3,57,1
3,191,1
3,194,1
3,506,1
3,115,1
3,114,1
3,807,1
3,138,1
3,447,1
3,480,1
3,97,1
3,860,1
3,169,1
3,448,1
3,129,1
3,154,1
3,451,1
3,9,2
3,12,2
3,13,2
3,17,2
3,60,2
3,63,2
3,64,2
3,65,2
3,86,2
3,87,2
3,91,2
3,95,2
3,101,2
3,122,2
3,143,2
3,149,2
3,151,2
3,174,2
3,182,2
3,183,2
3,189,2
3,190,2
3,204,2
3,208,2
3,209,2
3,214,2
3,226,2
3,227,2
3,232,2
3,233,2
3,241,2
3,246,2
3,254,2
3,258,2
3,261,2
3,275,2
3,282,2
3,289,2
3,295,2
3,302,2
3,304,2
3,310,2
3,311,2
3,314,2
3,315,2
3,318,2
3,322,2
3,325,2
3,342,2
3,345,2
3,349,2
3,354,2
3,367,2
3,368,2
3,372,2
3,373,2
3,374,2
3,377,2
3,378,2
3,385,2
3,394,2
3,401,2
3,402,2
3,407,2
3,409,2
3,412,2
3,414,2
3,416,2
3,417,2
3,418,2
3,422,2
3,430,2
3,437,2
3,444,2
3,446,2
3,471,2
3,475,2
3,481,2
3,521,2
3,558,2
3,568,2
3,580,2
3,583,2
3,590,2
3,599,2
3,614,2
3,627,2
3,635,2
3,638,2
3,642,2
3,651,2
3,660,2
3,664,2
3,675,2
3,691,2
3,696,2
3,701,2
3,710,2
3,711,2
3,718,2
3,722,2
3,724,2
3,725,2
3,729,2
3,731,2
3,740,2
3,743,2
3,747,2
3,750,2
3,790,2
3,814,2
3,819,2
3,829,2
3,835,2
3,846,2
3,848,2
3,863,2
3,877,2
3,879,2
3,881,2
3,883,2
3,885,2
3,886,2
3,900,2
3,902,2
3,909,2
3,914,2
3,917,2
3,919,2
3,923,2
3,924,2
3,926,2
3,927,2
3,932,2
3,939,2
3,945,2
3,954,2
3,971,2
3,821,2
3,705,2
3,946,2
3,134,2
3,453,2
3,150,2
3,166,2
3,222,2
3,58,2
3,187,2
3,721,2
3,786,2
3,70,2
3,851,2
3,944,2
3,452,2
3,822,2
3,92,2
3,438,2
3,172,2
3,937,2
3,806,2
3,5,3
3,18,3
3,28,3
3,40,3
3,46,3
3,51,3
3,61,3
3,67,3
3,74,3
3,79,3
3,88,3
3,117,3
3,137,3
3,157,3
3,163,3
3,170,3
3,193,3
3,211,3
3,215,3
3,218,3
3,220,3
3,228,3
3,231,3
3,244,3
3,251,3
3,252,3
3,259,3
3,262,3
3,264,3
3,266,3
3,271,3
3,272,3
3,278,3
3,281,3
3,284,3
3,305,3
3,320,3
3,324,3
3,330,3
3,331,3
3,336,3
3,337,3
3,339,3
3,340,3
3,348,3
3,350,3
3,360,3
3,366,3
3,370,3
3,381,3
3,389,3
3,399,3
3,403,3
3,410,3
3,411,3
3,425,3
3,456,3
3,466,3
3,477,3
3,488,3
3,495,3
3,503,3
3,511,3
3,513,3
3,514,3
3,516,3
3,526,3
3,528,3
3,531,3
3,534,3
3,543,3
3,548,3
3,553,3
3,555,3
3,559,3
3,564,3
3,570,3
3,574,3
3,577,3
3,581,3
3,582,3
3,586,3
3,595,3
3,600,3
3,601,3
3,605,3
3,608,3
3,610,3
3,613,3
3,619,3
3,620,3
3,625,3
3,631,3
3,632,3
3,634,3
3,646,3
3,648,3
3,661,3
3,690,3
3,698,3
3,709,3
3,749,3
3,757,3
3,762,3
3,763,3
3,768,3
3,770,3
3,773,3
3,774,3
3,776,3
3,781,3
3,785,3
3,787,3
3,798,3
3,803,3
3,809,3
3,828,3
3,834,3
3,864,3
3,865,3
3,871,3
3,884,3
3,889,3
3,890,3
3,897,3
3,903,3
3,910,3
3,920,3
3,928,3
3,940,3
3,948,3
3,952,3
3,955,3
3,958,3
3,968,3
3,375,3
3,735,3
3,66,3
3,158,3
3,128,3
3,55,3
3,196,3
3,94,3
3,133,3
3,69,3
3,941,3
3,164,3
3,850,3
3,857,3
3,30,3
3,492,3
3,892,3
3,458,3
3,880,3
3,824,3
3,379,3
3,734,3
3,820,3
3,888,3
3,84,3
3,3,4
3,4,4
3,19,4
3,31,4
3,35,4
3,39,4
3,44,4
3,50,4
3,56,4
3,76,4
3,77,4
3,98,4
3,103,4
3,106,4
3,107,4
3,109,4
3,121,4
3,135,4
3,156,4
3,165,4
3,180,4
3,181,4
3,188,4
3,197,4
3,202,4
3,210,4
3,212,4
3,213,4
3,242,4
3,243,4
3,247,4
3,250,4
3,253,4
3,255,4
3,256,4
3,257,4
3,273,4
3,277,4
3,279,4
3,283,4
3,287,4
3,292,4
3,300,4
3,301,4
3,313,4
3,316,4
3,317,4
3,319,4
3,323,4
3,334,4
3,341,4
3,351,4
3,384,4
3,392,4
3,406,4
3,413,4
3,415,4
3,419,4
3,428,4
3,429,4
3,443,4
3,459,4
3,461,4
3,468,4
3,485,4
3,490,4
3,494,4
3,507,4
3,535,4
3,545,4
3,550,4
3,566,4
3,572,4
3,575,4
3,576,4
3,578,4
3,591,4
3,593,4
3,607,4
3,612,4
3,616,4
3,623,4
3,636,4
3,637,4
3,639,4
3,658,4
3,659,4
3,668,4
3,671,4
3,683,4
3,684,4
3,687,4
3,692,4
3,693,4
3,695,4
3,697,4
3,702,4
3,704,4
3,708,4
3,712,4
3,717,4
3,723,4
3,737,4
3,751,4
3,758,4
3,772,4
3,778,4
3,779,4
3,788,4
3,792,4
3,793,4
3,794,4
3,795,4
3,799,4
3,800,4
3,804,4
3,805,4
3,810,4
3,816,4
3,843,4
3,862,4
3,873,4
3,895,4
3,901,4
3,907,4
3,931,4
3,949,4
3,951,4
3,960,4
3,963,4
3,966,4
3,967,4
3,706,4
3,929,4
3,943,4
3,509,4
3,168,4
3,831,4
3,199,4
3,23,4
3,123,4
3,89,4
3,853,4
3,20,4
3,142,4
3,460,4
3,449,4
3,49,4
3,54,4
3,908,4
3,491,4
3,852,4
3,178,4
3,733,4
3,812,4
3,126,4
3,504,4
3,868,4
3,887,4
3,43,4
3,1,5
3,8,5
3,10,5
3,14,5
3,24,5
3,25,5
3,26,5
3,32,5
3,33,5
3,45,5
3,48,5
3,52,5
3,42,5
3,68,5
3,78,5
3,81,5
3,83,5
3,110,5
3,113,5
3,120,5
3,124,5
3,131,5
3,144,5
3,153,5
3,155,5
3,161,5
3,162,5
3,184,5
3,185,5
3,186,5
3,200,5
3,201,5
3,206,5
3,217,5
3,240,5
3,245,5
3,249,5
3,268,5
3,269,5
3,280,5
3,286,5
3,288,5
3,297,5
3,298,5
3,303,5
3,307,5
3,312,5
3,329,5
3,332,5
3,335,5
3,338,5
3,346,5
3,352,5
3,353,5
3,355,5
3,358,5
3,359,5
3,364,5
3,369,5
3,380,5
3,387,5
3,388,5
3,390,5
3,391,5
3,395,5
3,400,5
3,408,5
3,424,5
3,432,5
3,433,5
3,439,5
3,441,5
3,442,5
3,470,5
3,487,5
3,497,5
3,500,5
3,505,5
3,508,5
3,512,5
3,515,5
3,517,5
3,519,5
3,522,5
3,524,5
3,529,5
3,532,5
3,536,5
3,546,5
3,547,5
3,549,5
3,551,5
3,561,5
3,562,5
3,563,5
3,565,5
3,584,5
3,587,5
3,592,5
3,594,5
3,598,5
3,603,5
3,604,5
3,611,5
3,621,5
3,626,5
3,629,5
3,641,5
3,643,5
3,650,5
3,653,5
3,665,5
3,676,5
3,678,5
3,679,5
3,680,5
3,700,5
3,707,5
3,736,5
3,765,5
3,766,5
3,780,5
3,791,5
3,796,5
3,802,5
3,818,5
3,832,5
3,836,5
3,839,5
3,841,5
3,866,5
3,867,5
3,874,5
3,882,5
3,891,5
3,899,5
3,915,5
3,925,5
3,936,5
3,950,5
3,957,5
3,965,5
3,969,5
3,404,5
3,127,5
3,457,5
3,179,5
3,221,5
3,116,5
3,759,5
3,41,5
3,838,5
3,699,5
3,811,5
3,225,5
3,145,5
3,146,5
3,167,5
3,2,5
3,719,5
4,4,1
4,9,1
4,14,1
4,17,1
4,27,1
4,51,1
4,68,1
4,73,1
4,77,1
4,81,1
4,88,1
4,95,1
4,103,1
4,109,1
4,112,1
4,117,1
4,118,1
4,124,1
4,151,1
4,182,1
4,198,1
4,227,1
4,230,1
4,231,1
4,232,1
4,233,1
4,244,1
4,247,1
4,256,1
4,261,1
4,266,1
4,282,1
4,311,1
4,316,1
4,333,1
4,335,1
4,337,1
4,340,1
4,341,1
4,342,1
4,343,1
4,351,1
4,352,1
4,354,1
4,355,1
4,358,1
4,360,1
4,369,1
4,374,1
4,377,1
4,388,1
4,391,1
4,397,1
4,400,1
4,406,1
4,415,1
4,428,1
4,436,1
4,437,1
4,459,1
4,461,1
4,473,1
4,475,1
4,479,1
4,483,1
4,486,1
4,489,1
4,502,1
4,512,1
4,528,1
4,529,1
4,553,1
4,555,1
4,556,1
4,567,1
4,568,1
4,570,1
4,584,1
4,588,1
4,589,1
4,595,1
4,603,1
4,611,1
4,618,1
4,619,1
4,620,1
4,624,1
4,625,1
4,626,1
4,640,1
4,646,1
4,651,1
4,652,1
4,661,1
4,662,1
4,664,1
4,676,1
4,680,1
4,697,1
4,702,1
4,708,1
4,717,1
4,720,1
4,722,1
4,724,1
4,736,1
4,742,1
4,743,1
4,746,1
4,760,1
4,765,1
4,770,1
4,777,1
4,779,1
4,781,1
4,782,1
4,784,1
4,785,1
4,793,1
4,797,1
4,801,1
4,804,1
4,848,1
4,859,1
4,865,1
4,867,1
4,873,1
4,894,1
4,896,1
4,897,1
4,900,1
4,916,1
4,932,1
4,938,1
4,942,1
4,968,1
4,510,1
4,959,1
4,946,1
4,139,1
4,57,1
4,128,1
4,187,1
4,506,1
4,789,1
4,207,1
4,941,1
4,164,1
4,807,1
4,850,1
4,30,1
4,54,1
4,860,1
4,458,1
4,169,1
4,830,1
4,146,1
4,812,1
4,379,1
4,92,1
4,504,1
4,887,1
4,438,1
4,84,1
4,24,2
4,28,2
4,36,2
4,39,2
4,44,2
4,48,2
4,67,2
4,74,2
4,82,2
4,83,2
4,86,2
4,91,2
4,96,2
4,107,2
4,108,2
4,111,2
4,122,2
4,148,2
4,149,2
4,156,2
4,161,2
4,162,2
4,174,2
4,189,2
4,210,2
4,213,2
4,215,2
4,217,2
4,223,2
4,246,2
4,250,2
4,254,2
4,262,2
4,263,2
4,267,2
4,273,2
4,275,2
4,285,2
4,287,2
4,292,2
4,300,2
4,303,2
4,309,2
4,310,2
4,320,2
4,329,2
4,363,2
4,364,2
4,367,2
4,368,2
4,370,2
4,380,2
4,409,2
4,417,2
4,419,2
4,422,2
4,425,2
4,429,2
4,431,2
4,469,2
4,477,2
4,487,2
4,497,2
4,524,2
4,527,2
4,537,2
4,539,2
4,543,2
4,547,2
4,549,2
4,554,2
4,560,2
4,562,2
4,564,2
4,571,2
4,575,2
4,583,2
4,586,2
4,590,2
4,593,2
4,604,2
4,606,2
4,607,2
4,627,2
4,641,2
4,643,2
4,645,2
4,653,2
4,654,2
4,657,2
4,659,2
4,663,2
4,667,2
4,672,2
4,691,2
4,718,2
4,728,2
4,732,2
4,737,2
4,739,2
4,755,2
4,756,2
4,758,2
4,766,2
4,780,2
4,783,2
4,795,2
4,796,2
4,798,2
4,799,2
4,800,2
4,818,2
4,861,2
4,864,2
4,870,2
4,881,2
4,883,2
4,889,2
4,890,2
4,891,2
4,903,2
4,905,2
4,915,2
4,923,2
4,924,2
4,927,2
4,936,2
4,956,2
4,688,2
4,669,2
4,943,2
4,509,2
4,542,2
4,689,2
4,127,2
4,199,2
4,158,2
4,58,2
4,196,2
4,194,2
4,133,2
4,89,2
4,930,2
4,838,2
4,449,2
4,97,2
4,119,2
4,908,2
4,892,2
4,699,2
4,682,2
4,822,2
4,225,2
4,733,2
4,154,2
4,126,2
4,167,2
4,451,2
4,172,2
4,898,2
4,1,3
4,8,3
4,18,3
4,19,3
4,25,3
4,33,3
4,46,3
4,52,3
4,64,3
4,75,3
4,98,3
4,101,3
4,105,3
4,110,3
4,120,3
4,141,3
4,153,3
4,157,3
4,170,3
4,181,3
4,184,3
4,214,3
4,218,3
4,219,3
4,224,3
4,229,3
4,235,3
4,238,3
4,241,3
4,243,3
4,251,3
4,258,3
4,260,3
4,270,3
4,272,3
4,276,3
4,298,3
4,302,3
4,305,3
4,308,3
4,312,3
4,317,3
4,319,3
4,323,3
4,324,3
4,330,3
4,332,3
4,334,3
4,347,3
4,356,3
4,357,3
4,365,3
4,371,3
4,376,3
4,378,3
4,381,3
4,387,3
4,402,3
4,407,3
4,424,3
4,426,3
4,430,3
4,442,3
4,494,3
4,503,3
4,507,3
4,519,3
4,522,3
4,523,3
4,525,3
4,526,3
4,531,3
4,540,3
4,545,3
4,550,3
4,552,3
4,558,3
4,576,3
4,577,3
4,578,3
4,579,3
4,598,3
4,599,3
4,600,3
4,616,3
4,629,3
4,632,3
4,633,3
4,658,3
4,671,3
4,675,3
4,677,3
4,678,3
4,683,3
4,684,3
4,692,3
4,693,3
4,711,3
4,745,3
4,754,3
4,762,3
4,767,3
4,768,3
4,776,3
4,778,3
4,787,3
4,790,3
4,791,3
4,794,3
4,802,3
4,805,3
4,815,3
4,826,3
4,828,3
4,832,3
4,835,3
4,841,3
4,846,3
4,871,3
4,874,3
4,876,3
4,882,3
4,884,3
4,895,3
4,899,3
4,910,3
4,912,3
4,914,3
4,919,3
4,920,3
4,933,3
4,945,3
4,947,3
4,948,3
4,951,3
4,953,3
4,954,3
4,958,3
4,962,3
4,965,3
4,973,3
4,821,3
4,293,3
4,134,3
4,831,3
4,150,3
4,205,3
4,66,3
4,179,3
4,23,3
4,721,3
4,116,3
4,853,3
4,20,3
4,447,3
4,49,3
4,880,3
4,824,3
4,129,3
4,888,3
4,3,4
4,7,4
4,12,4
4,13,4
4,21,4
4,31,4
4,37,4
4,40,4
4,60,4
4,42,4
4,63,4
4,79,4
4,87,4
4,106,4
4,160,4
4,165,4
4,186,4
4,190,4
4,195,4
4,197,4
4,208,4
4,209,4
4,216,4
4,220,4
4,239,4
4,240,4
4,245,4
4,252,4
4,253,4
4,255,4
4,259,4
4,264,4
4,271,4
4,277,4
4,278,4
4,280,4
4,283,4
4,288,4
4,296,4
4,306,4
4,307,4
4,313,4
4,314,4
4,321,4
4,325,4
4,344,4
4,345,4
4,346,4
4,353,4
4,359,4
4,366,4
4,372,4
4,382,4
4,384,4
4,385,4
4,392,4
4,394,4
4,398,4
4,403,4
4,405,4
4,412,4
4,413,4
4,414,4
4,421,4
4,435,4
4,441,4
4,443,4
4,445,4
4,464,4
4,470,4
4,471,4
4,485,4
4,496,4
4,505,4
4,508,4
4,513,4
4,515,4
4,517,4
4,534,4
4,535,4
4,536,4
4,548,4
4,581,4
4,582,4
4,591,4
4,597,4
4,602,4
4,613,4
4,614,4
4,621,4
4,622,4
4,631,4
4,647,4
4,656,4
4,666,4
4,674,4
4,679,4
4,687,4
4,690,4
4,696,4
4,698,4
4,703,4
4,707,4
4,715,4
4,725,4
4,727,4
4,729,4
4,730,4
4,731,4
4,747,4
4,748,4
4,750,4
4,751,4
4,773,4
4,775,4
4,808,4
4,810,4
4,834,4
4,840,4
4,843,4
4,862,4
4,866,4
4,872,4
4,878,4
4,879,4
4,885,4
4,901,4
4,906,4
4,913,4
4,918,4
4,922,4
4,928,4
4,931,4
4,952,4
4,957,4
4,960,4
4,961,4
4,963,4
4,964,4
4,967,4
4,969,4
4,972,4
4,404,4
4,375,4
4,294,4
4,396,4
4,171,4
4,222,4
4,93,4
4,69,4
4,99,4
4,41,4
4,851,4
4,944,4
4,460,4
4,480,4
4,813,4
4,734,4
4,820,4
4,719,4
4,5,5
4,10,5
4,22,5
4,26,5
4,34,5
4,45,5
4,50,5
4,53,5
4,61,5
4,65,5
4,76,5
4,85,5
4,104,5
4,121,5
4,155,5
4,180,5
4,188,5
4,192,5
4,193,5
4,204,5
4,206,5
4,212,5
4,226,5
4,228,5
4,236,5
4,242,5
4,248,5
4,249,5
4,257,5
4,268,5
4,274,5
4,279,5
4,286,5
4,295,5
4,297,5
4,301,5
4,318,5
4,326,5
4,327,5
4,328,5
4,338,5
4,339,5
4,348,5
4,350,5
4,361,5
4,373,5
4,386,5
4,389,5
4,390,5
4,393,5
4,395,5
4,399,5
4,401,5
4,408,5
4,410,5
4,420,5
4,423,5
4,439,5
4,463,5
4,465,5
4,466,5
4,488,5
4,495,5
4,498,5
4,500,5
4,511,5
4,514,5
4,516,5
4,521,5
4,532,5
4,533,5
4,544,5
4,551,5
4,557,5
4,559,5
4,561,5
4,563,5
4,565,5
4,566,5
4,569,5
4,592,5
4,594,5
4,608,5
4,609,5
4,610,5
4,612,5
4,615,5
4,623,5
4,628,5
4,636,5
4,639,5
4,648,5
4,649,5
4,650,5
4,655,5
4,660,5
4,668,5
4,670,5
4,673,5
4,681,5
4,695,5
4,700,5
4,701,5
4,704,5
4,712,5
4,713,5
4,716,5
4,723,5
4,726,5
4,738,5
4,749,5
4,752,5
4,757,5
4,761,5
4,771,5
4,788,5
4,792,5
4,803,5
4,814,5
4,816,5
4,819,5
4,829,5
4,836,5
4,863,5
4,902,5
4,907,5
4,917,5
4,925,5
4,935,5
4,939,5
4,940,5
4,949,5
4,955,5
4,966,5
4,970,5
4,971,5
4,929,5
4,705,5
4,735,5
4,168,5
4,457,5
4,453,5
4,630,5
4,166,5
4,191,5
4,221,5
4,759,5
4,94,5
4,115,5
4,855,5
4,857,5
4,138,5
4,142,5
4,492,5
4,452,5
4,491,5
4,811,5
4,2,5
4,937,5
4,806,5
5,25,1
5,26,1
5,28,1
5,31,1
5,32,1
5,34,1
5,45,1
5,56,1
5,64,1
5,67,1
5,81,1
5,82,1
5,88,1
5,122,1
5,137,1
5,163,1
5,170,1
5,174,1
5,181,1
5,184,1
5,192,1
5,198,1
5,200,1
5,213,1
5,215,1
5,219,1
5,234,1
5,236,1
5,241,1
5,255,1
5,260,1
5,266,1
5,267,1
5,271,1
5,273,1
5,280,1
5,288,1
5,289,1
5,290,1
5,292,1
5,303,1
5,310,1
5,313,1
5,316,1
5,319,1
5,326,1
5,335,1
5,345,1
5,349,1
5,370,1
5,374,1
5,377,1
5,381,1
5,389,1
5,390,1
5,393,1
5,397,1
5,398,1
5,413,1
5,416,1
5,430,1
5,445,1
5,461,1
5,463,1
5,468,1
5,469,1
5,470,1
5,475,1
5,477,1
5,483,1
5,488,1
5,497,1
5,516,1
5,521,1
5,525,1
5,535,1
5,545,1
5,551,1
5,553,1
5,554,1
5,561,1
5,566,1
5,573,1
5,574,1
5,592,1
5,594,1
5,598,1
5,600,1
5,603,1
5,608,1
5,611,1
5,618,1
5,628,1
5,631,1
5,633,1
5,638,1
5,660,1
5,663,1
5,664,1
5,672,1
5,674,1
5,678,1
5,680,1
5,684,1
5,701,1
5,707,1
5,726,1
5,731,1
5,739,1
5,751,1
5,763,1
5,766,1
5,768,1
5,770,1
5,785,1
5,791,1
5,793,1
5,804,1
5,828,1
5,836,1
5,862,1
5,864,1
5,877,1
5,882,1
5,891,1
5,899,1
5,901,1
5,903,1
5,905,1
5,914,1
5,916,1
5,917,1
5,923,1
5,926,1
5,936,1
5,950,1
5,953,1
5,956,1
5,957,1
5,961,1
5,706,1
5,669,1
5,943,1
5,735,1
5,23,1
5,191,1
5,222,1
5,55,1
5,721,1
5,115,1
5,70,1
5,93,1
5,851,1
5,164,1
5,142,1
5,54,1
5,892,1
5,169,1
5,830,1
5,145,1
5,888,1
5,167,1
5,898,1
5,806,1
5,4,2
5,12,2
5,18,2
5,39,2
5,44,2
5,42,2
5,65,2
5,75,2
5,77,2
5,79,2
5,87,2
5,91,2
5,95,2
5,110,2
5,118,2
5,124,2
5,151,2
5,155,2
5,156,2
5,157,2
5,162,2
5,180,2
5,189,2
5,190,2
5,201,2
5,203,2
5,209,2
5,226,2
5,235,2
5,239,2
5,253,2
5,256,2
5,263,2
5,268,2
5,272,2
5,276,2
5,278,2
5,317,2
5,320,2
5,327,2
5,331,2
5,342,2
5,344,2
5,351,2
5,358,2
5,363,2
5,364,2
5,365,2
5,366,2
5,371,2
5,380,2
5,402,2
5,403,2
5,408,2
5,410,2
5,411,2
5,417,2
5,420,2
5,421,2
5,422,2
5,425,2
5,428,2
5,432,2
5,435,2
5,436,2
5,473,2
5,485,2
5,486,2
5,490,2
5,502,2
5,505,2
5,517,2
5,524,2
5,526,2
5,534,2
5,536,2
5,539,2
5,543,2
5,555,2
5,578,2
5,582,2
5,583,2
5,587,2
5,602,2
5,604,2
5,606,2
5,607,2
5,615,2
5,620,2
5,632,2
5,637,2
5,640,2
5,647,2
5,649,2
5,653,2
5,658,2
5,659,2
5,675,2
5,686,2
5,690,2
5,698,2
5,708,2
5,711,2
5,722,2
5,723,2
5,727,2
5,729,2
5,742,2
5,743,2
5,760,2
5,773,2
5,776,2
5,777,2
5,782,2
5,794,2
5,801,2
5,802,2
5,814,2
5,848,2
5,863,2
5,870,2
5,871,2
5,872,2
5,876,2
5,885,2
5,906,2
5,912,2
5,927,2
5,935,2
5,938,2
5,947,2
5,949,2
5,952,2
5,955,2
5,964,2
5,965,2
5,967,2
5,510,2
5,375,2
5,959,2
5,946,2
5,168,2
5,453,2
5,171,2
5,66,2
5,123,2
5,187,2
5,196,2
5,194,2
5,207,2
5,133,2
5,930,2
5,855,2
5,853,2
5,30,2
5,908,2
5,699,2
5,822,2
5,178,2
5,438,2
5,27,3
5,35,3
5,36,3
5,46,3
5,51,3
5,68,3
5,86,3
5,98,3
5,107,3
5,108,3
5,112,3
5,135,3
5,144,3
5,148,3
5,165,3
5,185,3
5,186,3
5,206,3
5,216,3
5,220,3
5,227,3
5,230,3
5,233,3
5,240,3
5,244,3
5,248,3
5,261,3
5,270,3
5,274,3
5,277,3
5,279,3
5,282,3
5,283,3
5,287,3
5,298,3
5,307,3
5,311,3
5,312,3
5,321,3
5,328,3
5,332,3
5,334,3
5,336,3
5,350,3
5,354,3
5,355,3
5,356,3
5,362,3
5,367,3
5,369,3
5,376,3
5,386,3
5,394,3
5,399,3
5,405,3
5,406,3
5,412,3
5,414,3
5,419,3
5,424,3
5,433,3
5,444,3
5,446,3
5,462,3
5,464,3
5,466,3
5,471,3
5,479,3
5,481,3
5,500,3
5,507,3
5,508,3
5,511,3
5,523,3
5,529,3
5,532,3
5,537,3
5,550,3
5,556,3
5,558,3
5,563,3
5,569,3
5,595,3
5,601,3
5,605,3
5,610,3
5,621,3
5,625,3
5,629,3
5,634,3
5,635,3
5,642,3
5,648,3
5,654,3
5,667,3
5,673,3
5,692,3
5,695,3
5,697,3
5,703,3
5,713,3
5,738,3
5,748,3
5,762,3
5,767,3
5,772,3
5,783,3
5,792,3
5,798,3
5,803,3
5,809,3
5,817,3
5,818,3
5,835,3
5,839,3
5,841,3
5,879,3
5,889,3
5,896,3
5,900,3
5,902,3
5,909,3
5,915,3
5,918,3
5,925,3
5,931,3
5,933,3
5,945,3
5,951,3
5,954,3
5,970,3
5,973,3
5,404,3
5,293,3
5,294,3
5,396,3
5,139,3
5,630,3
5,199,3
5,205,3
5,158,3
5,128,3
5,58,3
5,786,3
5,789,3
5,850,3
5,857,3
5,447,3
5,480,3
5,449,3
5,97,3
5,119,3
5,880,3
5,682,3
5,852,3
5,129,3
5,379,3
5,126,3
5,84,3
5,937,3
5,1,4
5,3,4
5,5,4
5,8,4
5,13,4
5,19,4
5,21,4
5,22,4
5,33,4
5,50,4
5,52,4
5,53,4
5,60,4
5,63,4
5,76,4
5,78,4
5,101,4
5,113,4
5,121,4
5,131,4
5,149,4
5,183,4
5,195,4
5,197,4
5,202,4
5,218,4
5,223,4
5,229,4
5,231,4
5,232,4
5,249,4
5,251,4
5,286,4
5,291,4
5,296,4
5,297,4
5,300,4
5,309,4
5,322,4
5,330,4
5,333,4
5,337,4
5,339,4
5,340,4
5,343,4
5,348,4
5,357,4
5,368,4
5,372,4
5,378,4
5,384,4
5,385,4
5,387,4
5,395,4
5,423,4
5,431,4
5,456,4
5,494,4
5,496,4
5,498,4
5,513,4
5,514,4
5,527,4
5,528,4
5,531,4
5,533,4
5,540,4
5,552,4
5,559,4
5,560,4
5,564,4
5,565,4
5,567,4
5,568,4
5,571,4
5,572,4
5,577,4
5,588,4
5,593,4
5,596,4
5,599,4
5,609,4
5,614,4
5,616,4
5,619,4
5,622,4
5,624,4
5,636,4
5,639,4
5,643,4
5,646,4
5,652,4
5,655,4
5,656,4
5,657,4
5,661,4
5,662,4
5,665,4
5,668,4
5,671,4
5,677,4
5,681,4
5,710,4
5,716,4
5,725,4
5,736,4
5,737,4
5,746,4
5,747,4
5,752,4
5,754,4
5,758,4
5,765,4
5,779,4
5,787,4
5,788,4
5,795,4
5,796,4
5,805,4
5,808,4
5,816,4
5,819,4
5,829,4
5,840,4
5,846,4
5,859,4
5,865,4
5,874,4
5,895,4
5,919,4
5,922,4
5,934,4
5,942,4
5,948,4
5,958,4
5,963,4
5,972,4
5,929,4
5,821,4
5,509,4
5,127,4
5,134,4
5,99,4
5,41,4
5,941,4
5,838,4
5,49,4
5,458,4
5,448,4
5,225,4
5,146,4
5,812,4
5,154,4
5,92,4
5,868,4
5,887,4
5,451,4
5,172,4
5,2,4
5,719,4
5,9,5
5,10,5
5,14,5
5,17,5
5,24,5
5,37,5
5,48,5
5,61,5
5,73,5
5,74,5
5,85,5
5,90,5
5,96,5
5,103,5
5,104,5
5,105,5
5,111,5
5,120,5
5,141,5
5,143,5
5,153,5
5,160,5
5,161,5
5,182,5
5,188,5
5,211,5
5,214,5
5,228,5
5,238,5
5,245,5
5,246,5
5,247,5
5,250,5
5,252,5
5,258,5
5,259,5
5,269,5
5,281,5
5,284,5
5,285,5
5,295,5
5,301,5
5,302,5
5,304,5
5,305,5
5,306,5
5,308,5
5,314,5
5,315,5
5,324,5
5,338,5
5,347,5
5,352,5
5,360,5
5,382,5
5,383,5
5,388,5
5,391,5
5,392,5
5,400,5
5,401,5
5,407,5
5,415,5
5,418,5
5,426,5
5,429,5
5,439,5
5,441,5
5,442,5
5,443,5
5,465,5
5,487,5
5,495,5
5,503,5
5,515,5
5,544,5
5,546,5
5,547,5
5,562,5
5,575,5
5,576,5
5,579,5
5,580,5
5,581,5
5,589,5
5,612,5
5,627,5
5,641,5
5,651,5
5,666,5
5,691,5
5,696,5
5,702,5
5,704,5
5,709,5
5,712,5
5,715,5
5,718,5
5,728,5
5,730,5
5,732,5
5,740,5
5,749,5
5,755,5
5,756,5
5,757,5
5,761,5
5,769,5
5,771,5
5,774,5
5,775,5
5,778,5
5,780,5
5,781,5
5,797,5
5,799,5
5,800,5
5,834,5
5,861,5
5,873,5
5,878,5
5,881,5
5,883,5
5,886,5
5,890,5
5,894,5
5,897,5
5,910,5
5,920,5
5,924,5
5,928,5
5,932,5
5,939,5
5,960,5
5,962,5
5,968,5
5,971,5
5,542,5
5,689,5
5,457,5
5,150,5
5,166,5
5,179,5
5,57,5
5,116,5
5,94,5
5,69,5
5,114,5
5,944,5
5,807,5
5,138,5
5,460,5
5,492,5
5,452,5
5,813,5
5,811,5
5,734,5
5,820,5
5,504,5
5,43,5
6,4,1
6,5,1
6,10,1
6,21,1
6,22,1
6,25,1
6,31,1
6,46,1
6,53,1
6,60,1
6,64,1
6,77,1
6,85,1
6,87,1
6,103,1
6,106,1
6,112,1
6,120,1
6,122,1
6,151,1
6,181,1
6,200,1
6,202,1
6,203,1
6,210,1
6,211,1
6,223,1
6,224,1
6,226,1
6,257,1
6,261,1
6,263,1
6,284,1
6,289,1
6,290,1
6,303,1
6,306,1
6,312,1
6,316,1
6,318,1
6,321,1
6,329,1
6,330,1
6,334,1
6,345,1
6,348,1
6,350,1
6,353,1
6,362,1
6,365,1
6,366,1
6,370,1
6,377,1
6,390,1
6,399,1
6,400,1
6,408,1
6,411,1
6,418,1
6,424,1
6,425,1
6,433,1
6,442,1
6,463,1
6,489,1
6,503,1
6,508,1
6,517,1
6,522,1
6,537,1
6,539,1
6,546,1
6,549,1
6,550,1
6,554,1
6,560,1
6,562,1
6,570,1
6,572,1
6,576,1
6,600,1
6,611,1
6,614,1
6,618,1
6,623,1
6,625,1
6,626,1
6,632,1
6,634,1
6,642,1
6,649,1
6,651,1
6,655,1
6,664,1
6,671,1
6,679,1
6,686,1
6,695,1
6,698,1
6,703,1
6,709,1
6,710,1
6,727,1
6,731,1
6,738,1
6,742,1
6,751,1
6,752,1
6,757,1
6,760,1
6,767,1
6,785,1
6,787,1
6,797,1
6,801,1
6,808,1
6,809,1
6,816,1
6,817,1
6,819,1
6,828,1
6,835,1
6,843,1
6,846,1
6,859,1
6,862,1
6,883,1
6,895,1
6,900,1
6,913,1
6,915,1
6,916,1
6,919,1
6,928,1
6,933,1
6,934,1
6,936,1
6,938,1
6,939,1
6,945,1
6,957,1
6,972,1
6,929,1
6,959,1
6,630,1
6,199,1
6,191,1
6,222,1
6,58,1
6,187,1
6,115,1
6,70,1
6,207,1
6,850,1
6,857,1
6,138,1
6,142,1
6,449,1
6,458,1
6,880,1
6,154,1
6,92,1
6,167,1
6,719,1
6,3,2
6,12,2
6,19,2
6,24,2
6,32,2
6,50,2
6,56,2
6,67,2
6,76,2
6,79,2
6,108,2
6,118,2
6,121,2
6,143,2
6,149,2
6,163,2
6,186,2
6,188,2
6,192,2
6,201,2
6,206,2
6,208,2
6,209,2
6,212,2
6,214,2
6,216,2
6,219,2
6,220,2
6,228,2
6,229,2
6,233,2
6,234,2
6,238,2
6,248,2
6,251,2
6,255,2
6,267,2
6,268,2
6,273,2
6,278,2
6,286,2
6,291,2
6,292,2
6,297,2
6,298,2
6,309,2
6,317,2
6,325,2
6,327,2
6,328,2
6,331,2
6,333,2
6,342,2
6,346,2
6,351,2
6,352,2
6,373,2
6,374,2
6,394,2
6,406,2
6,409,2
6,420,2
6,428,2
6,432,2
6,461,2
6,464,2
6,468,2
6,471,2
6,473,2
6,475,2
6,479,2
6,495,2
6,502,2
6,507,2
6,511,2
6,527,2
6,536,2
6,543,2
6,574,2
6,581,2
6,588,2
6,592,2
6,594,2
6,601,2
6,602,2
6,607,2
6,609,2
6,610,2
6,622,2
6,628,2
6,638,2
6,643,2
6,645,2
6,653,2
6,654,2
6,656,2
6,659,2
6,672,2
6,676,2
6,680,2
6,681,2
6,687,2
6,700,2
6,702,2
6,704,2
6,711,2
6,712,2
6,725,2
6,737,2
6,739,2
6,748,2
6,754,2
6,771,2
6,772,2
6,774,2
6,777,2
6,783,2
6,790,2
6,803,2
6,810,2
6,832,2
6,870,2
6,891,2
6,894,2
6,901,2
6,906,2
6,918,2
6,923,2
6,924,2
6,925,2
6,927,2
6,956,2
6,958,2
6,961,2
6,964,2
6,971,2
6,973,2
6,943,2
6,509,2
6,293,2
6,705,2
6,946,2
6,55,2
6,196,2
6,506,2
6,759,2
6,69,2
6,89,2
6,851,2
6,853,2
6,447,2
6,492,2
6,908,2
6,830,2
6,491,2
6,852,2
6,868,2
6,887,2
6,888,2
6,806,2
6,7,3
6,8,3
6,17,3
6,26,3
6,33,3
6,34,3
6,36,3
6,39,3
6,40,3
6,65,3
6,73,3
6,83,3
6,88,3
6,124,3
6,135,3
6,141,3
6,144,3
6,156,3
6,165,3
6,183,3
6,185,3
6,189,3
6,190,3
6,195,3
6,197,3
6,198,3
6,204,3
6,218,3
6,235,3
6,239,3
6,241,3
6,253,3
6,270,3
6,271,3
6,280,3
6,282,3
6,283,3
6,300,3
6,307,3
6,310,3
6,315,3
6,322,3
6,324,3
6,332,3
6,338,3
6,341,3
6,343,3
6,347,3
6,355,3
6,356,3
6,357,3
6,360,3
6,368,3
6,369,3
6,378,3
6,381,3
6,384,3
6,397,3
6,403,3
6,407,3
6,414,3
6,416,3
6,419,3
6,426,3
6,430,3
6,437,3
6,445,3
6,486,3
6,512,3
6,532,3
6,533,3
6,545,3
6,555,3
6,563,3
6,565,3
6,568,3
6,575,3
6,578,3
6,580,3
6,583,3
6,586,3
6,589,3
6,599,3
6,612,3
6,613,3
6,621,3
6,627,3
6,631,3
6,633,3
6,636,3
6,648,3
6,652,3
6,658,3
6,660,3
6,668,3
6,693,3
6,697,3
6,717,3
6,720,3
6,728,3
6,729,3
6,743,3
6,755,3
6,758,3
6,762,3
6,769,3
6,775,3
6,784,3
6,791,3
6,793,3
6,795,3
6,799,3
6,804,3
6,826,3
6,834,3
6,865,3
6,866,3
6,884,3
6,885,3
6,903,3
6,905,3
6,909,3
6,910,3
6,914,3
6,922,3
6,931,3
6,932,3
6,949,3
6,950,3
6,952,3
6,963,3
6,969,3
6,970,3
6,510,3
6,669,3
6,821,3
6,542,3
6,735,3
6,127,3
6,134,3
6,457,3
6,150,3
6,179,3
6,23,3
6,57,3
6,158,3
6,116,3
6,789,3
6,94,3
6,93,3
6,930,3
6,855,3
6,20,3
6,460,3
6,97,3
6,860,3
6,813,3
6,225,3
6,438,3
6,2,3
6,18,4
6,35,4
6,37,4
6,44,4
6,48,4
6,42,4
6,91,4
6,95,4
6,101,4
6,105,4
6,109,4
6,110,4
6,111,4
6,117,4
6,153,4
6,155,4
6,157,4
6,182,4
6,213,4
6,217,4
6,243,4
6,244,4
6,245,4
6,249,4
6,252,4
6,254,4
6,264,4
6,269,4
6,274,4
6,276,4
6,277,4
6,281,4
6,304,4
6,305,4
6,311,4
6,326,4
6,337,4
6,339,4
6,344,4
6,349,4
6,359,4
6,364,4
6,367,4
6,380,4
6,383,4
6,385,4
6,386,4
6,388,4
6,389,4
6,392,4
6,398,4
6,401,4
6,412,4
6,413,4
6,415,4
6,417,4
6,435,4
6,439,4
6,443,4
6,446,4
6,466,4
6,470,4
6,477,4
6,481,4
6,485,4
6,490,4
6,505,4
6,514,4
6,519,4
6,521,4
6,523,4
6,526,4
6,531,4
6,535,4
6,552,4
6,556,4
6,559,4
6,579,4
6,587,4
6,593,4
6,596,4
6,605,4
6,606,4
6,608,4
6,615,4
6,619,4
6,624,4
6,629,4
6,639,4
6,640,4
6,646,4
6,647,4
6,650,4
6,657,4
6,666,4
6,677,4
6,678,4
6,683,4
6,684,4
6,691,4
6,692,4
6,696,4
6,713,4
6,716,4
6,722,4
6,723,4
6,724,4
6,726,4
6,730,4
6,736,4
6,740,4
6,747,4
6,750,4
6,756,4
6,768,4
6,796,4
6,805,4
6,814,4
6,815,4
6,829,4
6,839,4
6,841,4
6,861,4
6,864,4
6,867,4
6,871,4
6,878,4
6,879,4
6,881,4
6,882,4
6,926,4
6,940,4
6,942,4
6,947,4
6,948,4
6,951,4
6,960,4
6,965,4
6,375,4
6,396,4
6,831,4
6,166,4
6,171,4
6,123,4
6,194,4
6,221,4
6,133,4
6,114,4
6,941,4
6,838,4
6,452,4
6,682,4
6,448,4
6,733,4
6,146,4
6,379,4
6,734,4
6,820,4
6,84,4
6,898,4
6,1,5
6,9,5
6,27,5
6,52,5
6,61,5
6,63,5
6,74,5
6,75,5
6,78,5
6,86,5
6,90,5
6,104,5
6,107,5
6,113,5
6,131,5
6,137,5
6,148,5
6,160,5
6,161,5
6,162,5
6,170,5
6,174,5
6,180,5
6,193,5
6,215,5
6,227,5
6,230,5
6,231,5
6,232,5
6,236,5
6,240,5
6,242,5
6,246,5
6,259,5
6,260,5
6,262,5
6,266,5
6,275,5
6,285,5
6,287,5
6,288,5
6,295,5
6,296,5
6,302,5
6,308,5
6,313,5
6,314,5
6,319,5
6,320,5
6,323,5
6,336,5
6,340,5
6,358,5
6,361,5
6,363,5
6,376,5
6,382,5
6,395,5
6,402,5
6,405,5
6,410,5
6,421,5
6,423,5
6,431,5
6,436,5
6,444,5
6,456,5
6,459,5
6,462,5
6,465,5
6,488,5
6,496,5
6,497,5
6,498,5
6,513,5
6,524,5
6,525,5
6,534,5
6,540,5
6,544,5
6,547,5
6,548,5
6,557,5
6,564,5
6,566,5
6,567,5
6,573,5
6,577,5
6,584,5
6,590,5
6,591,5
6,595,5
6,597,5
6,598,5
6,635,5
6,637,5
6,641,5
6,661,5
6,665,5
6,667,5
6,670,5
6,673,5
6,674,5
6,675,5
6,708,5
6,715,5
6,718,5
6,745,5
6,761,5
6,763,5
6,765,5
6,766,5
6,770,5
6,778,5
6,781,5
6,782,5
6,794,5
6,798,5
6,800,5
6,802,5
6,848,5
6,863,5
6,872,5
6,873,5
6,876,5
6,877,5
6,886,5
6,889,5
6,896,5
6,897,5
6,907,5
6,912,5
6,917,5
6,935,5
6,953,5
6,955,5
6,962,5
6,966,5
6,706,5
6,404,5
6,688,5
6,689,5
6,168,5
6,786,5
6,99,5
6,41,5
6,807,5
6,30,5
6,480,5
6,54,5
6,119,5
6,892,5
6,811,5
6,822,5
6,178,5
6,145,5
6,824,5
6,129,5
6,172,5
6,43,5
7,14,1
7,21,1
7,26,1
7,28,1
7,44,1
7,46,1
7,48,1
7,61,1
7,64,1
7,65,1
7,74,1
7,75,1
7,101,1
7,121,1
7,122,1
7,183,1
7,188,1
7,192,1
7,197,1
7,198,1
7,208,1
7,214,1
7,216,1
7,218,1
7,219,1
7,232,1
7,233,1
7,235,1
7,236,1
7,250,1
7,252,1
7,262,1
7,268,1
7,270,1
7,278,1
7,279,1
7,285,1
7,292,1
7,308,1
7,313,1
7,316,1
7,318,1
7,319,1
7,326,1
7,333,1
7,337,1
7,355,1
7,369,1
7,370,1
7,372,1
7,374,1
7,391,1
7,398,1
7,403,1
7,406,1
7,417,1
7,418,1
7,424,1
7,429,1
7,442,1
7,446,1
7,461,1
7,462,1
7,464,1
7,469,1
7,481,1
7,485,1
7,512,1
7,513,1
7,525,1
7,528,1
7,529,1
7,545,1
7,561,1
7,567,1
7,568,1
7,569,1
7,575,1
7,577,1
7,579,1
7,586,1
7,590,1
7,604,1
7,606,1
7,608,1
7,616,1
7,622,1
7,629,1
7,632,1
7,634,1
7,637,1
7,638,1
7,640,1
7,649,1
7,652,1
7,654,1
7,660,1
7,663,1
7,667,1
7,674,1
7,687,1
7,690,1
7,691,1
7,702,1
7,710,1
7,711,1
7,716,1
7,725,1
7,731,1
7,742,1
7,750,1
7,763,1
7,767,1
7,769,1
7,770,1
7,773,1
7,774,1
7,777,1
7,796,1
7,798,1
7,802,1
7,836,1
7,839,1
7,863,1
7,866,1
7,867,1
7,870,1
7,872,1
7,873,1
7,896,1
7,900,1
7,925,1
7,934,1
7,940,1
7,951,1
7,953,1
7,965,1
7,971,1
7,510,1
7,669,1
7,929,1
7,943,1
7,293,1
7,457,1
7,831,1
7,66,1
7,57,1
7,721,1
7,506,1
7,115,1
7,941,1
7,851,1
7,944,1
7,850,1
7,20,1
7,142,1
7,447,1
7,54,1
7,491,1
7,145,1
7,733,1
7,820,1
7,126,1
7,43,1
7,4,2
7,10,2
7,25,2
7,34,2
7,37,2
7,52,2
7,42,2
7,73,2
7,86,2
7,108,2
7,112,2
7,113,2
7,131,2
7,143,2
7,144,2
7,149,2
7,151,2
7,157,2
7,163,2
7,170,2
7,185,2
7,204,2
7,209,2
7,211,2
7,215,2
7,217,2
7,234,2
7,240,2
7,242,2
7,243,2
7,244,2
7,247,2
7,251,2
7,263,2
7,272,2
7,277,2
7,286,2
7,288,2
7,305,2
7,320,2
7,329,2
7,330,2
7,336,2
7,338,2
7,340,2
7,342,2
7,351,2
7,363,2
7,371,2
7,378,2
7,390,2
7,397,2
7,400,2
7,408,2
7,411,2
7,414,2
7,420,2
7,426,2
7,428,2
7,456,2
7,468,2
7,470,2
7,486,2
7,507,2
7,511,2
7,521,2
7,527,2
7,532,2
7,535,2
7,539,2
7,540,2
7,544,2
7,547,2
7,548,2
7,553,2
7,560,2
7,573,2
7,591,2
7,592,2
7,596,2
7,597,2
7,607,2
7,612,2
7,624,2
7,628,2
7,636,2
7,642,2
7,643,2
7,659,2
7,661,2
7,662,2
7,671,2
7,672,2
7,678,2
7,692,2
7,697,2
7,700,2
7,703,2
7,713,2
7,718,2
7,730,2
7,732,2
7,738,2
7,740,2
7,748,2
7,755,2
7,781,2
7,784,2
7,788,2
7,815,2
7,818,2
7,828,2
7,832,2
7,835,2
7,871,2
7,876,2
7,884,2
7,886,2
7,889,2
7,890,2
7,903,2
7,906,2
7,912,2
7,917,2
7,931,2
7,938,2
7,950,2
7,952,2
7,954,2
7,973,2
7,404,2
7,821,2
7,705,2
7,396,2
7,139,2
7,630,2
7,199,2
7,786,2
7,789,2
7,70,2
7,133,2
7,114,2
7,164,2
7,30,2
7,838,2
7,119,2
7,908,2
7,860,2
7,169,2
7,830,2
7,699,2
7,880,2
7,682,2
7,448,2
7,813,2
7,146,2
7,129,2
7,734,2
7,888,2
7,438,2
7,1,3
7,3,3
7,8,3
7,9,3
7,19,3
7,22,3
7,24,3
7,35,3
7,36,3
7,51,3
7,56,3
7,67,3
7,78,3
7,87,3
7,91,3
7,109,3
7,117,3
7,141,3
7,153,3
7,160,3
7,161,3
7,184,3
7,189,3
7,195,3
7,201,3
7,203,3
7,223,3
7,238,3
7,245,3
7,248,3
7,257,3
7,258,3
7,259,3
7,264,3
7,269,3
7,276,3
7,281,3
7,283,3
7,300,3
7,303,3
7,304,3
7,307,3
7,311,3
7,322,3
7,323,3
7,325,3
7,327,3
7,339,3
7,345,3
7,346,3
7,347,3
7,354,3
7,360,3
7,365,3
7,376,3
7,382,3
7,387,3
7,389,3
7,392,3
7,394,3
7,402,3
7,405,3
7,410,3
7,412,3
7,416,3
7,430,3
7,432,3
7,433,3
7,435,3
7,439,3
7,443,3
7,463,3
7,471,3
7,514,3
7,515,3
7,523,3
7,557,3
7,559,3
7,563,3
7,566,3
7,580,3
7,584,3
7,587,3
7,593,3
7,598,3
7,602,3
7,605,3
7,619,3
7,631,3
7,647,3
7,648,3
7,650,3
7,651,3
7,658,3
7,664,3
7,666,3
7,670,3
7,686,3
7,704,3
7,709,3
7,715,3
7,717,3
7,723,3
7,739,3
7,745,3
7,757,3
7,758,3
7,760,3
7,771,3
7,775,3
7,782,3
7,785,3
7,787,3
7,790,3
7,791,3
7,792,3
7,797,3
7,804,3
7,808,3
7,826,3
7,834,3
7,843,3
7,879,3
7,901,3
7,909,3
7,915,3
7,920,3
7,923,3
7,924,3
7,927,3
7,935,3
7,936,3
7,948,3
7,956,3
7,963,3
7,968,3
7,970,3
7,542,3
7,959,3
7,735,3
7,58,3
7,55,3
7,123,3
7,196,3
7,221,3
7,759,3
7,89,3
7,807,3
7,449,3
7,97,3
7,49,3
7,892,3
7,458,3
7,811,3
7,225,3
7,824,3
7,379,3
7,504,3
7,451,3
7,898,3
7,18,4
7,32,4
7,39,4
7,45,4
7,76,4
7,83,4
7,88,4
7,103,4
7,106,4
7,107,4
7,120,4
7,137,4
7,174,4
7,193,4
7,200,4
7,206,4
7,210,4
7,212,4
7,224,4
7,226,4
7,227,4
7,228,4
7,229,4
7,230,4
7,239,4
7,256,4
7,271,4
7,274,4
7,289,4
7,290,4
7,291,4
7,295,4
7,297,4
7,298,4
7,310,4
7,314,4
7,315,4
7,321,4
7,328,4
7,341,4
7,343,4
7,344,4
7,352,4
7,358,4
7,361,4
7,362,4
7,368,4
7,373,4
7,383,4
7,384,4
7,401,4
7,413,4
7,419,4
7,421,4
7,425,4
7,437,4
7,441,4
7,473,4
7,475,4
7,483,4
7,490,4
7,494,4
7,500,4
7,502,4
7,503,4
7,519,4
7,522,4
7,524,4
7,526,4
7,531,4
7,543,4
7,546,4
7,550,4
7,551,4
7,552,4
7,556,4
7,558,4
7,562,4
7,565,4
7,574,4
7,581,4
7,582,4
7,583,4
7,588,4
7,594,4
7,595,4
7,599,4
7,601,4
7,603,4
7,610,4
7,611,4
7,613,4
7,615,4
7,620,4
7,639,4
7,653,4
7,655,4
7,656,4
7,665,4
7,673,4
7,676,4
7,677,4
7,680,4
7,683,4
7,684,4
7,720,4
7,728,4
7,737,4
7,752,4
7,762,4
7,768,4
7,772,4
7,776,4
7,780,4
7,794,4
7,800,4
7,801,4
7,803,4
7,809,4
7,819,4
7,840,4
7,841,4
7,848,4
7,865,4
7,874,4
7,878,4
7,885,4
7,894,4
7,899,4
7,905,4
7,907,4
7,926,4
7,928,4
7,933,4
7,947,4
7,955,4
7,958,4
7,967,4
7,706,4
7,509,4
7,294,4
7,689,4
7,946,4
7,205,4
7,171,4
7,23,4
7,94,4
7,93,4
7,207,4
7,41,4
7,930,4
7,855,4
7,480,4
7,822,4
7,852,4
7,178,4
7,812,4
7,887,4
7,172,4
7,719,4
7,7,5
7,12,5
7,13,5
7,27,5
7,33,5
7,40,5
7,53,5
7,60,5
7,68,5
7,79,5
7,81,5
7,82,5
7,85,5
7,90,5
7,95,5
7,96,5
7,98,5
7,104,5
7,105,5
7,111,5
7,118,5
7,135,5
7,148,5
7,155,5
7,156,5
7,162,5
7,165,5
7,186,5
7,190,5
7,202,5
7,220,5
7,246,5
7,253,5
7,254,5
7,255,5
7,260,5
7,273,5
7,275,5
7,282,5
7,284,5
7,301,5
7,302,5
7,306,5
7,324,5
7,331,5
7,332,5
7,335,5
7,348,5
7,349,5
7,350,5
7,353,5
7,357,5
7,359,5
7,364,5
7,366,5
7,367,5
7,377,5
7,381,5
7,385,5
7,388,5
7,393,5
7,399,5
7,409,5
7,422,5
7,431,5
7,436,5
7,444,5
7,445,5
7,459,5
7,465,5
7,479,5
7,487,5
7,489,5
7,496,5
7,497,5
7,498,5
7,516,5
7,517,5
7,537,5
7,549,5
7,554,5
7,564,5
7,570,5
7,571,5
7,572,5
7,576,5
7,589,5
7,609,5
7,618,5
7,621,5
7,623,5
7,625,5
7,626,5
7,627,5
7,633,5
7,635,5
7,641,5
7,645,5
7,657,5
7,668,5
7,679,5
7,693,5
7,695,5
7,696,5
7,698,5
7,701,5
7,707,5
7,722,5
7,724,5
7,726,5
7,727,5
7,743,5
7,746,5
7,749,5
7,751,5
7,754,5
7,756,5
7,761,5
7,765,5
7,778,5
7,779,5
7,793,5
7,799,5
7,810,5
7,816,5
7,817,5
7,846,5
7,864,5
7,877,5
7,902,5
7,910,5
7,913,5
7,916,5
7,922,5
7,942,5
7,949,5
7,960,5
7,962,5
7,964,5
7,966,5
7,969,5
7,375,5
7,688,5
7,127,5
7,168,5
7,134,5
7,453,5
7,150,5
7,166,5
7,128,5
7,191,5
7,222,5
7,187,5
7,116,5
7,99,5
7,492,5
7,452,5
7,868,5
7,84,5
7,937,5
8,8,1
8,9,1
8,22,1
8,27,1
8,40,1
8,44,1
8,51,1
8,52,1
8,42,1
8,63,1
8,74,1
8,77,1
8,103,1
8,104,1
8,118,1
8,144,1
8,151,1
8,163,1
8,182,1
8,184,1
8,193,1
8,201,1
8,209,1
8,212,1
8,223,1
8,230,1
8,231,1
8,235,1
8,236,1
8,238,1
8,240,1
8,250,1
8,252,1
8,254,1
8,257,1
8,258,1
8,263,1
8,267,1
8,274,1
8,275,1
8,279,1
8,282,1
8,292,1
8,300,1
8,302,1
8,306,1
8,318,1
8,322,1
8,327,1
8,331,1
8,350,1
8,352,1
8,372,1
8,391,1
8,394,1
8,405,1
8,407,1
8,416,1
8,420,1
8,423,1
8,436,1
8,439,1
8,459,1
8,463,1
8,468,1
8,473,1
8,479,1
8,483,1
8,485,1
8,487,1
8,508,1
8,514,1
8,521,1
8,528,1
8,540,1
8,545,1
8,546,1
8,550,1
8,553,1
8,554,1
8,566,1
8,570,1
8,571,1
8,582,1
8,590,1
8,631,1
8,632,1
8,635,1
8,639,1
8,643,1
8,654,1
8,670,1
8,677,1
8,678,1
8,683,1
8,686,1
8,687,1
8,690,1
8,695,1
8,697,1
8,698,1
8,700,1
8,708,1
8,712,1
8,713,1
8,717,1
8,739,1
8,740,1
8,742,1
8,747,1
8,749,1
8,752,1
8,757,1
8,760,1
8,765,1
8,770,1
8,773,1
8,775,1
8,777,1
8,792,1
8,797,1
8,805,1
8,841,1
8,862,1
8,870,1
8,882,1
8,889,1
8,894,1
8,900,1
8,907,1
8,910,1
8,914,1
8,916,1
8,927,1
8,931,1
8,945,1
8,950,1
8,951,1
8,956,1
8,962,1
8,965,1
8,968,1
8,970,1
8,688,1
8,542,1
8,705,1
8,457,1
8,630,1
8,199,1
8,171,1
8,222,1
8,506,1
8,759,1
8,133,1
8,41,1
8,807,1
8,447,1
8,119,1
8,811,1
8,225,1
8,812,1
8,824,1
8,379,1
8,172,1
8,10,2
8,13,2
8,14,2
8,21,2
8,25,2
8,31,2
8,34,2
8,45,2
8,46,2
8,75,2
8,101,2
8,108,2
8,117,2
8,120,2
8,124,2
8,143,2
8,149,2
8,162,2
8,165,2
8,170,2
8,180,2
8,192,2
8,195,2
8,211,2
8,214,2
8,215,2
8,219,2
8,228,2
8,242,2
8,251,2
8,261,2
8,262,2
8,264,2
8,270,2
8,272,2
8,280,2
8,286,2
8,287,2
8,288,2
8,291,2
8,304,2
8,309,2
8,316,2
8,324,2
8,328,2
8,334,2
8,337,2
8,342,2
8,343,2
8,344,2
8,346,2
8,348,2
8,360,2
8,373,2
8,380,2
8,385,2
8,403,2
8,410,2
8,412,2
8,417,2
8,424,2
8,425,2
8,429,2
8,431,2
8,435,2
8,446,2
8,469,2
8,470,2
8,471,2
8,475,2
8,489,2
8,497,2
8,498,2
8,502,2
8,503,2
8,511,2
8,516,2
8,533,2
8,549,2
8,557,2
8,560,2
8,562,2
8,569,2
8,576,2
8,584,2
8,594,2
8,598,2
8,600,2
8,606,2
8,613,2
8,620,2
8,623,2
8,626,2
8,646,2
8,648,2
8,656,2
8,661,2
8,662,2
8,665,2
8,672,2
8,679,2
8,704,2
8,710,2
8,715,2
8,720,2
8,726,2
8,750,2
8,755,2
8,763,2
8,768,2
8,771,2
8,776,2
8,782,2
8,783,2
8,809,2
8,810,2
8,817,2
8,818,2
8,819,2
8,843,2
8,874,2
8,891,2
8,895,2
8,899,2
8,912,2
8,925,2
8,949,2
8,957,2
8,971,2
8,821,2
8,294,2
8,959,2
8,396,2
8,66,2
8,179,2
8,158,2
8,191,2
8,187,2
8,196,2
8,194,2
8,786,2
8,89,2
8,930,2
8,851,2
8,164,2
8,857,2
8,142,2
8,30,2
8,460,2
8,480,2
8,49,2
8,860,2
8,892,2
8,813,2
8,129,2
8,126,2
8,504,2
8,868,2
8,937,2
8,719,2
8,4,3
8,17,3
8,24,3
8,50,3
8,53,3
8,73,3
8,76,3
8,78,3
8,79,3
8,81,3
8,90,3
8,95,3
8,106,3
8,107,3
8,110,3
8,113,3
8,131,3
8,137,3
8,186,3
8,189,3
8,198,3
8,200,3
8,202,3
8,208,3
8,213,3
8,216,3
8,224,3
8,241,3
8,243,3
8,247,3
8,256,3
8,271,3
8,281,3
8,297,3
8,298,3
8,301,3
8,303,3
8,308,3
8,310,3
8,312,3
8,321,3
8,329,3
8,333,3
8,338,3
8,341,3
8,351,3
8,353,3
8,362,3
8,366,3
8,368,3
8,370,3
8,371,3
8,377,3
8,378,3
8,400,3
8,401,3
8,402,3
8,415,3
8,418,3
8,419,3
8,421,3
8,437,3
8,441,3
8,445,3
8,464,3
8,477,3
8,486,3
8,494,3
8,496,3
8,500,3
8,505,3
8,512,3
8,522,3
8,523,3
8,527,3
8,529,3
8,536,3
8,543,3
8,548,3
8,552,3
8,558,3
8,561,3
8,577,3
8,581,3
8,587,3
8,589,3
8,593,3
8,596,3
8,601,3
8,604,3
8,609,3
8,611,3
8,612,3
8,614,3
8,621,3
8,624,3
8,638,3
8,640,3
8,642,3
8,649,3
8,652,3
8,657,3
8,658,3
8,659,3
8,663,3
8,666,3
8,668,3
8,692,3
8,716,3
8,718,3
8,727,3
8,732,3
8,736,3
8,737,3
8,738,3
8,756,3
8,774,3
8,779,3
8,781,3
8,796,3
8,802,3
8,804,3
8,828,3
8,829,3
8,836,3
8,864,3
8,865,3
8,872,3
8,873,3
8,884,3
8,890,3
8,897,3
8,903,3
8,909,3
8,913,3
8,915,3
8,922,3
8,924,3
8,926,3
8,935,3
8,938,3
8,942,3
8,955,3
8,706,3
8,669,3
8,943,3
8,735,3
8,453,3
8,23,3
8,789,3
8,114,3
8,944,3
8,138,3
8,458,3
8,169,3
8,491,3
8,733,3
8,146,3
8,154,3
8,2,3
8,7,4
8,18,4
8,36,4
8,37,4
8,39,4
8,61,4
8,65,4
8,82,4
8,85,4
8,87,4
8,96,4
8,98,4
8,111,4
8,112,4
8,122,4
8,135,4
8,156,4
8,160,4
8,183,4
8,197,4
8,203,4
8,220,4
8,229,4
8,234,4
8,249,4
8,260,4
8,266,4
8,268,4
8,269,4
8,276,4
8,277,4
8,284,4
8,285,4
8,289,4
8,305,4
8,314,4
8,315,4
8,325,4
8,330,4
8,332,4
8,336,4
8,345,4
8,357,4
8,359,4
8,361,4
8,376,4
8,381,4
8,388,4
8,393,4
8,411,4
8,413,4
8,414,4
8,422,4
8,432,4
8,433,4
8,443,4
8,456,4
8,462,4
8,466,4
8,488,4
8,490,4
8,495,4
8,507,4
8,519,4
8,525,4
8,534,4
8,559,4
8,565,4
8,568,4
8,573,4
8,574,4
8,575,4
8,578,4
8,580,4
8,586,4
8,591,4
8,595,4
8,597,4
8,599,4
8,610,4
8,629,4
8,636,4
8,637,4
8,650,4
8,676,4
8,681,4
8,693,4
8,722,4
8,723,4
8,724,4
8,725,4
8,729,4
8,730,4
8,731,4
8,746,4
8,751,4
8,766,4
8,780,4
8,785,4
8,787,4
8,788,4
8,790,4
8,791,4
8,795,4
8,799,4
8,801,4
8,808,4
8,815,4
8,816,4
8,826,4
8,834,4
8,839,4
8,846,4
8,859,4
8,861,4
8,867,4
8,876,4
8,878,4
8,881,4
8,896,4
8,901,4
8,906,4
8,918,4
8,933,4
8,940,4
8,948,4
8,954,4
8,960,4
8,961,4
8,963,4
8,964,4
8,966,4
8,967,4
8,972,4
8,689,4
8,946,4
8,139,4
8,168,4
8,831,4
8,128,4
8,55,4
8,721,4
8,115,4
8,93,4
8,207,4
8,853,4
8,850,4
8,20,4
8,838,4
8,97,4
8,908,4
8,699,4
8,448,4
8,822,4
8,852,4
8,178,4
8,145,4
8,167,4
8,451,4
8,84,4
8,5,5
8,26,5
8,28,5
8,32,5
8,35,5
8,56,5
8,60,5
8,64,5
8,67,5
8,68,5
8,83,5
8,109,5
8,121,5
8,141,5
8,155,5
8,157,5
8,174,5
8,181,5
8,185,5
8,188,5
8,190,5
8,204,5
8,206,5
8,210,5
8,217,5
8,218,5
8,226,5
8,233,5
8,239,5
8,253,5
8,255,5
8,283,5
8,290,5
8,295,5
8,296,5
8,307,5
8,311,5
8,313,5
8,317,5
8,320,5
8,323,5
8,326,5
8,335,5
8,340,5
8,347,5
8,349,5
8,354,5
8,356,5
8,364,5
8,365,5
8,369,5
8,382,5
8,383,5
8,386,5
8,387,5
8,389,5
8,390,5
8,395,5
8,397,5
8,398,5
8,399,5
8,409,5
8,430,5
8,442,5
8,444,5
8,461,5
8,465,5
8,481,5
8,513,5
8,515,5
8,526,5
8,537,5
8,539,5
8,547,5
8,551,5
8,555,5
8,556,5
8,563,5
8,564,5
8,567,5
8,572,5
8,588,5
8,602,5
8,603,5
8,605,5
8,608,5
8,616,5
8,618,5
8,622,5
8,628,5
8,634,5
8,645,5
8,655,5
8,660,5
8,664,5
8,667,5
8,673,5
8,675,5
8,684,5
8,691,5
8,696,5
8,701,5
8,702,5
8,707,5
8,709,5
8,743,5
8,745,5
8,748,5
8,762,5
8,767,5
8,769,5
8,772,5
8,784,5
8,803,5
8,814,5
8,832,5
8,835,5
8,840,5
8,848,5
8,863,5
8,866,5
8,871,5
8,877,5
8,879,5
8,883,5
8,886,5
8,902,5
8,905,5
8,917,5
8,919,5
8,920,5
8,928,5
8,932,5
8,934,5
8,939,5
8,947,5
8,952,5
8,953,5
8,969,5
8,404,5
8,375,5
8,293,5
8,127,5
8,205,5
8,166,5
8,58,5
8,123,5
8,221,5
8,116,5
8,70,5
8,69,5
8,99,5
8,855,5
8,830,5
8,880,5
8,682,5
8,92,5
8,43,5
8,898,5
8,806,5
9,9,1
9,12,1
9,13,1
9,14,1
9,21,1
9,28,1
9,39,1
9,48,1
9,56,1
9,73,1
9,75,1
9,77,1
9,81,1
9,88,1
9,120,1
9,141,1
9,149,1
9,156,1
9,174,1
9,180,1
9,186,1
9,188,1
9,197,1
9,204,1
9,215,1
9,229,1
9,230,1
9,248,1
9,249,1
9,262,1
9,266,1
9,267,1
9,271,1
9,274,1
9,279,1
9,315,1
9,316,1
9,320,1
9,325,1
9,337,1
9,347,1
9,357,1
9,360,1
9,366,1
9,368,1
9,373,1
9,380,1
9,389,1
9,391,1
9,394,1
9,397,1
9,401,1
9,406,1
9,430,1
9,435,1
9,436,1
9,441,1
9,468,1
9,490,1
9,494,1
9,500,1
9,508,1
9,515,1
9,528,1
9,529,1
9,536,1
9,537,1
9,554,1
9,563,1
9,565,1
9,566,1
9,568,1
9,570,1
9,574,1
9,579,1
9,584,1
9,592,1
9,596,1
9,600,1
9,602,1
9,605,1
9,613,1
9,624,1
9,627,1
9,635,1
9,639,1
9,642,1
9,650,1
9,655,1
9,657,1
9,664,1
9,667,1
9,672,1
9,675,1
9,679,1
9,683,1
9,696,1
9,698,1
9,711,1
9,713,1
9,716,1
9,729,1
9,732,1
9,736,1
9,737,1
9,743,1
9,750,1
9,754,1
9,755,1
9,756,1
9,761,1
9,769,1
9,771,1
9,775,1
9,780,1
9,784,1
9,785,1
9,788,1
9,790,1
9,798,1
9,800,1
9,819,1
9,843,1
9,878,1
9,882,1
9,886,1
9,891,1
9,899,1
9,909,1
9,915,1
9,919,1
9,931,1
9,953,1
9,960,1
9,510,1
9,375,1
9,168,1
9,457,1
9,205,1
9,196,1
9,94,1
9,115,1
9,133,1
9,114,1
9,89,1
9,930,1
9,164,1
9,807,1
9,460,1
9,49,1
9,830,1
9,880,1
9,682,1
9,448,1
9,813,1
9,178,1
9,154,1
9,92,1
9,126,1
9,887,1
9,167,1
9,438,1
9,2,1
9,84,1
9,806,1
9,5,2
9,51,2
9,68,2
9,85,2
9,86,2
9,96,2
9,101,2
9,106,2
9,117,2
9,144,2
9,181,2
9,200,2
9,212,2
9,214,2
9,216,2
9,228,2
9,231,2
9,239,2
9,252,2
9,255,2
9,257,2
9,258,2
9,260,2
9,269,2
9,273,2
9,275,2
9,276,2
9,280,2
9,281,2
9,291,2
9,305,2
9,306,2
9,307,2
9,309,2
9,312,2
9,324,2
9,333,2
9,335,2
9,339,2
9,341,2
9,346,2
9,353,2
9,358,2
9,359,2
9,365,2
9,376,2
9,392,2
9,403,2
9,408,2
9,409,2
9,414,2
9,418,2
9,419,2
9,423,2
9,425,2
9,444,2
9,446,2
9,459,2
9,462,2
9,464,2
9,470,2
9,473,2
9,483,2
9,486,2
9,495,2
9,521,2
9,522,2
9,540,2
9,552,2
9,556,2
9,557,2
9,558,2
9,559,2
9,564,2
9,569,2
9,576,2
9,583,2
9,586,2
9,597,2
9,607,2
9,616,2
9,621,2
9,633,2
9,648,2
9,651,2
9,654,2
9,663,2
9,670,2
9,674,2
9,680,2
9,687,2
9,700,2
9,709,2
9,715,2
9,722,2
9,726,2
9,728,2
9,730,2
9,740,2
9,762,2
9,766,2
9,770,2
9,777,2
9,783,2
9,793,2
9,799,2
9,801,2
9,810,2
9,815,2
9,816,2
9,818,2
9,828,2
9,832,2
9,835,2
9,840,2
9,865,2
9,866,2
9,867,2
9,872,2
9,873,2
9,877,2
9,894,2
9,926,2
9,932,2
9,934,2
9,939,2
9,940,2
9,947,2
9,965,2
9,966,2
9,968,2
9,969,2
9,688,2
9,821,2
9,294,2
9,959,2
9,946,2
9,396,2
9,127,2
9,831,2
9,199,2
9,158,2
9,191,2
9,55,2
9,194,2
9,721,2
9,116,2
9,70,2
9,41,2
9,855,2
9,138,2
9,30,2
9,908,2
9,458,2
9,699,2
9,145,2
9,824,2
9,379,2
9,451,2
9,937,2
9,7,3
9,8,3
9,32,3
9,33,3
9,34,3
9,35,3
9,44,3
9,45,3
9,63,3
9,67,3
9,74,3
9,78,3
9,82,3
9,87,3
9,95,3
9,109,3
9,111,3
9,112,3
9,124,3
9,135,3
9,137,3
9,148,3
9,155,3
9,157,3
9,161,3
9,202,3
9,218,3
9,232,3
9,234,3
9,238,3
9,241,3
9,245,3
9,259,3
9,261,3
9,263,3
9,264,3
9,278,3
9,284,3
9,287,3
9,292,3
9,295,3
9,301,3
9,319,3
9,326,3
9,327,3
9,328,3
9,329,3
9,340,3
9,343,3
9,351,3
9,362,3
9,363,3
9,367,3
9,378,3
9,388,3
9,395,3
9,399,3
9,402,3
9,405,3
9,412,3
9,416,3
9,421,3
9,426,3
9,428,3
9,439,3
9,456,3
9,463,3
9,469,3
9,479,3
9,505,3
9,507,3
9,512,3
9,524,3
9,526,3
9,534,3
9,545,3
9,546,3
9,549,3
9,555,3
9,562,3
9,572,3
9,578,3
9,582,3
9,590,3
9,591,3
9,599,3
9,608,3
9,609,3
9,619,3
9,623,3
9,626,3
9,628,3
9,637,3
9,638,3
9,641,3
9,658,3
9,662,3
9,666,3
9,677,3
9,690,3
9,692,3
9,703,3
9,710,3
9,717,3
9,738,3
9,742,3
9,748,3
9,752,3
9,758,3
9,767,3
9,772,3
9,779,3
9,781,3
9,829,3
9,839,3
9,841,3
9,861,3
9,870,3
9,885,3
9,902,3
9,906,3
9,907,3
9,910,3
9,913,3
9,918,3
9,923,3
9,924,3
9,933,3
9,945,3
9,950,3
9,951,3
9,955,3
9,956,3
9,957,3
9,958,3
9,404,3
9,669,3
9,929,3
9,509,3
9,134,3
9,453,3
9,150,3
9,23,3
9,128,3
9,222,3
9,187,3
9,759,3
9,789,3
9,857,3
9,20,3
9,449,3
9,452,3
9,892,3
9,852,3
9,225,3
9,812,3
9,129,3
9,820,3
9,43,3
9,719,3
9,10,4
9,17,4
9,19,4
9,25,4
9,26,4
9,31,4
9,40,4
9,52,4
9,64,4
9,65,4
9,83,4
9,91,4
9,104,4
9,105,4
9,107,4
9,108,4
9,110,4
9,113,4
9,122,4
9,131,4
9,143,4
9,151,4
9,162,4
9,163,4
9,165,4
9,170,4
9,182,4
9,184,4
9,185,4
9,201,4
9,206,4
9,208,4
9,209,4
9,210,4
9,213,4
9,224,4
9,243,4
9,244,4
9,246,4
9,247,4
9,251,4
9,256,4
9,272,4
9,277,4
9,283,4
9,286,4
9,304,4
9,308,4
9,313,4
9,321,4
9,323,4
9,331,4
9,338,4
9,342,4
9,344,4
9,349,4
9,355,4
9,356,4
9,364,4
9,374,4
9,382,4
9,384,4
9,386,4
9,387,4
9,390,4
9,398,4
9,407,4
9,420,4
9,429,4
9,437,4
9,466,4
9,471,4
9,477,4
9,481,4
9,487,4
9,489,4
9,497,4
9,513,4
9,516,4
9,517,4
9,525,4
9,531,4
9,533,4
9,548,4
9,567,4
9,571,4
9,573,4
9,581,4
9,589,4
9,594,4
9,595,4
9,601,4
9,604,4
9,611,4
9,614,4
9,615,4
9,620,4
9,625,4
9,640,4
9,645,4
9,646,4
9,647,4
9,649,4
9,653,4
9,656,4
9,660,4
9,668,4
9,671,4
9,673,4
9,676,4
9,684,4
9,702,4
9,708,4
9,718,4
9,731,4
9,739,4
9,747,4
9,749,4
9,760,4
9,763,4
9,773,4
9,774,4
9,776,4
9,778,4
9,791,4
9,792,4
9,794,4
9,814,4
9,826,4
9,836,4
9,846,4
9,848,4
9,890,4
9,895,4
9,897,4
9,912,4
9,938,4
9,952,4
9,961,4
9,962,4
9,971,4
9,706,4
9,689,4
9,705,4
9,630,4
9,166,4
9,66,4
9,57,4
9,786,4
9,941,4
9,944,4
9,480,4
9,97,4
9,119,4
9,860,4
9,169,4
9,491,4
9,822,4
9,504,4
9,898,4
9,1,5
9,3,5
9,22,5
9,27,5
9,37,5
9,50,5
9,61,5
9,79,5
9,90,5
9,98,5
9,118,5
9,153,5
9,160,5
9,183,5
9,190,5
9,192,5
9,193,5
9,203,5
9,211,5
9,217,5
9,220,5
9,223,5
9,227,5
9,236,5
9,242,5
9,250,5
9,253,5
9,254,5
9,268,5
9,270,5
9,285,5
9,289,5
9,290,5
9,296,5
9,300,5
9,302,5
9,311,5
9,314,5
9,317,5
9,318,5
9,322,5
9,330,5
9,334,5
9,336,5
9,354,5
9,361,5
9,369,5
9,371,5
9,372,5
9,377,5
9,383,5
9,393,5
9,410,5
9,411,5
9,413,5
9,415,5
9,422,5
9,431,5
9,432,5
9,433,5
9,485,5
9,488,5
9,496,5
9,498,5
9,502,5
9,503,5
9,511,5
9,519,5
9,527,5
9,532,5
9,535,5
9,539,5
9,544,5
9,547,5
9,550,5
9,551,5
9,553,5
9,561,5
9,580,5
9,587,5
9,598,5
9,603,5
9,606,5
9,631,5
9,634,5
9,636,5
9,643,5
9,652,5
9,659,5
9,661,5
9,665,5
9,681,5
9,686,5
9,693,5
9,695,5
9,697,5
9,701,5
9,707,5
9,712,5
9,720,5
9,724,5
9,727,5
9,745,5
9,746,5
9,751,5
9,765,5
9,782,5
9,787,5
9,795,5
9,802,5
9,805,5
9,809,5
9,817,5
9,859,5
9,862,5
9,871,5
9,874,5
9,876,5
9,879,5
9,881,5
9,883,5
9,884,5
9,889,5
9,896,5
9,905,5
9,914,5
9,916,5
9,917,5
9,920,5
9,922,5
9,935,5
9,936,5
9,942,5
9,948,5
9,949,5
9,954,5
9,964,5
9,967,5
9,970,5
9,972,5
9,973,5
9,542,5
9,139,5
9,179,5
9,58,5
9,123,5
9,221,5
9,506,5
9,93,5
9,207,5
9,69,5
9,99,5
9,853,5
9,447,5
9,492,5
9,54,5
9,733,5
9,734,5
9,868,5
9,888,5
10,1,1
10,4,1
10,9,1
10,44,1
10,46,1
10,48,1
10,56,1
10,63,1
10,77,1
10,85,1
10,105,1
10,108,1
10,110,1
10,124,1
10,131,1
10,153,1
10,163,1
10,185,1
10,188,1
10,190,1
10,197,1
10,214,1
10,215,1
10,217,1
10,232,1
10,235,1
10,240,1
10,241,1
10,242,1
10,249,1
10,258,1
10,264,1
10,271,1
10,277,1
10,280,1
10,302,1
10,306,1
10,307,1
10,311,1
10,312,1
10,326,1
10,331,1
10,345,1
10,351,1
10,360,1
10,361,1
10,362,1
10,369,1
10,373,1
10,374,1
10,383,1
10,384,1
10,386,1
10,406,1
10,407,1
10,409,1
10,412,1
10,423,1
10,426,1
10,441,1
10,444,1
10,459,1
10,465,1
10,468,1
10,471,1
10,477,1
10,481,1
10,485,1
10,490,1
10,500,1
10,505,1
10,512,1
10,513,1
10,514,1
10,516,1
10,521,1
10,540,1
10,545,1
10,548,1
10,550,1
10,559,1
10,565,1
10,575,1
10,578,1
10,580,1
10,582,1
10,593,1
10,597,1
10,607,1
10,615,1
10,618,1
10,624,1
10,625,1
10,626,1
10,628,1
10,638,1
10,639,1
10,645,1
10,649,1
10,653,1
10,656,1
10,674,1
10,676,1
10,681,1
10,684,1
10,686,1
10,690,1
10,695,1
10,704,1
10,710,1
10,711,1
10,718,1
10,724,1
10,730,1
10,745,1
10,748,1
10,749,1
10,754,1
10,755,1
10,756,1
10,758,1
10,767,1
10,778,1
10,782,1
10,785,1
10,795,1
10,804,1
10,809,1
10,810,1
10,818,1
10,828,1
10,832,1
10,834,1
10,836,1
10,865,1
10,884,1
10,895,1
10,900,1
10,903,1
10,910,1
10,917,1
10,918,1
10,927,1
10,942,1
10,947,1
10,952,1
10,956,1
10,958,1
10,688,1
10,509,1
10,457,1
10,205,1
10,55,1
10,721,1
10,115,1
10,70,1
10,93,1
10,99,1
10,447,1
10,492,1
10,892,1
10,169,1
10,822,1
10,145,1
10,937,1
10,7,2
10,10,2
10,12,2
10,18,2
10,28,2
10,35,2
10,37,2
10,52,2
10,53,2
10,86,2
10,104,2
10,111,2
10,118,2
10,121,2
10,137,2
10,148,2
10,156,2
10,157,2
10,161,2
10,180,2
10,182,2
10,195,2
10,200,2
10,210,2
10,224,2
10,231,2
10,233,2
10,234,2
10,238,2
10,243,2
10,244,2
10,246,2
10,261,2
10,262,2
10,266,2
10,273,2
10,281,2
10,282,2
10,287,2
10,288,2
10,289,2
10,292,2
10,296,2
10,298,2
10,309,2
10,310,2
10,314,2
10,317,2
10,324,2
10,329,2
10,332,2
10,340,2
10,341,2
10,342,2
10,343,2
10,348,2
10,352,2
10,353,2
10,359,2
10,364,2
10,367,2
10,371,2
10,380,2
10,382,2
10,388,2
10,394,2
10,398,2
10,401,2
10,408,2
10,417,2
10,422,2
10,433,2
10,443,2
10,446,2
10,461,2
10,464,2
10,466,2
10,469,2
10,483,2
10,517,2
10,528,2
10,532,2
10,537,2
10,553,2
10,555,2
10,557,2
10,570,2
10,571,2
10,574,2
10,588,2
10,589,2
10,596,2
10,602,2
10,609,2
10,614,2
10,621,2
10,629,2
10,634,2
10,642,2
10,646,2
10,647,2
10,658,2
10,683,2
10,700,2
10,703,2
10,707,2
10,708,2
10,709,2
10,712,2
10,732,2
10,740,2
10,742,2
10,746,2
10,750,2
10,752,2
10,761,2
10,763,2
10,766,2
10,779,2
10,794,2
10,796,2
10,798,2
10,799,2
10,800,2
10,814,2
10,843,2
10,859,2
10,877,2
10,878,2
10,883,2
10,891,2
10,901,2
10,916,2
10,919,2
10,920,2
10,957,2
10,821,2
10,542,2
10,689,2
10,127,2
10,453,2
10,630,2
10,150,2
10,171,2
10,133,2
10,114,2
10,853,2
10,857,2
10,138,2
10,449,2
10,49,2
10,119,2
10,908,2
10,458,2
10,830,2
10,699,2
10,682,2
10,852,2
10,734,2
10,504,2
10,868,2
10,887,2
10,888,2
10,172,2
10,8,3
10,13,3
10,17,3
10,19,3
10,22,3
10,26,3
10,34,3
10,40,3
10,60,3
10,68,3
10,76,3
10,90,3
10,91,3
10,103,3
10,112,3
10,113,3
10,117,3
10,149,3
10,155,3
10,184,3
10,193,3
10,202,3
10,203,3
10,204,3
10,212,3
10,213,3
10,216,3
10,226,3
10,245,3
10,250,3
10,252,3
10,253,3
10,257,3
10,263,3
10,268,3
10,270,3
10,276,3
10,286,3
10,291,3
10,297,3
10,313,3
10,315,3
10,319,3
10,323,3
10,328,3
10,330,3
10,334,3
10,346,3
10,355,3
10,368,3
10,370,3
10,372,3
10,376,3
10,387,3
10,389,3
10,391,3
10,393,3
10,395,3
10,399,3
10,411,3
10,416,3
10,419,3
10,421,3
10,425,3
10,428,3
10,430,3
10,435,3
10,442,3
10,479,3
10,495,3
10,507,3
10,508,3
10,515,3
10,524,3
10,525,3
10,529,3
10,533,3
10,536,3
10,546,3
10,552,3
10,560,3
10,572,3
10,583,3
10,587,3
10,600,3
10,611,3
10,612,3
10,619,3
10,620,3
10,623,3
10,627,3
10,633,3
10,635,3
10,636,3
10,640,3
10,650,3
10,655,3
10,657,3
10,661,3
10,665,3
10,666,3
10,668,3
10,678,3
10,687,3
10,701,3
10,725,3
10,728,3
10,738,3
10,739,3
10,751,3
10,762,3
10,769,3
10,772,3
10,777,3
10,783,3
10,805,3
10,817,3
10,839,3
10,861,3
10,863,3
10,864,3
10,867,3
10,881,3
10,885,3
10,890,3
10,897,3
10,909,3
10,928,3
10,935,3
10,938,3
10,939,3
10,950,3
10,953,3
10,963,3
10,969,3
10,971,3
10,972,3
10,166,3
10,57,3
10,196,3
10,759,3
10,789,3
10,94,3
10,941,3
10,944,3
10,850,3
10,20,3
10,460,3
10,97,3
10,880,3
10,811,3
10,733,3
10,812,3
10,379,3
10,820,3
10,92,3
10,167,3
10,451,3
10,438,3
10,806,3
10,3,4
10,5,4
10,14,4
10,24,4
10,31,4
10,45,4
10,50,4
10,42,4
10,64,4
10,78,4
10,83,4
10,88,4
10,122,4
10,141,4
10,143,4
10,144,4
10,165,4
10,181,4
10,183,4
10,186,4
10,198,4
10,201,4
10,208,4
10,211,4
10,219,4
10,229,4
10,230,4
10,236,4
10,254,4
10,260,4
10,267,4
10,272,4
10,275,4
10,285,4
10,303,4
10,318,4
10,325,4
10,335,4
10,337,4
10,339,4
10,350,4
10,357,4
10,358,4
10,363,4
10,377,4
10,381,4
10,392,4
10,397,4
10,400,4
10,402,4
10,415,4
10,418,4
10,432,4
10,436,4
10,437,4
10,456,4
10,462,4
10,470,4
10,489,4
10,497,4
10,502,4
10,519,4
10,522,4
10,531,4
10,535,4
10,539,4
10,543,4
10,551,4
10,554,4
10,561,4
10,584,4
10,590,4
10,591,4
10,599,4
10,601,4
10,605,4
10,606,4
10,610,4
10,613,4
10,651,4
10,654,4
10,663,4
10,673,4
10,679,4
10,691,4
10,693,4
10,715,4
10,716,4
10,717,4
10,720,4
10,723,4
10,726,4
10,727,4
10,731,4
10,736,4
10,747,4
10,757,4
10,765,4
10,768,4
10,771,4
10,773,4
10,774,4
10,776,4
10,780,4
10,792,4
10,797,4
10,801,4
10,808,4
10,815,4
10,816,4
10,826,4
10,840,4
10,866,4
10,871,4
10,889,4
10,899,4
10,902,4
10,906,4
10,907,4
10,913,4
10,925,4
10,934,4
10,940,4
10,945,4
10,954,4
10,961,4
10,964,4
10,967,4
10,968,4
10,973,4
10,510,4
10,706,4
10,404,4
10,943,4
10,294,4
10,735,4
10,168,4
10,199,4
10,179,4
10,158,4
10,222,4
10,58,4
10,786,4
10,207,4
10,89,4
10,41,4
10,930,4
10,855,4
10,851,4
10,164,4
10,838,4
10,452,4
10,54,4
10,448,4
10,178,4
10,146,4
10,824,4
10,154,4
10,43,4
10,898,4
10,21,5
10,25,5
10,27,5
10,32,5
10,33,5
10,36,5
10,39,5
10,51,5
10,73,5
10,75,5
10,81,5
10,82,5
10,96,5
10,98,5
10,106,5
10,107,5
10,109,5
10,135,5
10,160,5
10,170,5
10,174,5
10,189,5
10,209,5
10,218,5
10,223,5
10,227,5
10,228,5
10,247,5
10,248,5
10,255,5
10,256,5
10,259,5
10,269,5
10,278,5
10,279,5
10,284,5
10,290,5
10,301,5
10,304,5
10,305,5
10,316,5
10,322,5
10,333,5
10,336,5
10,344,5
10,349,5
10,354,5
10,356,5
10,365,5
10,385,5
10,390,5
10,414,5
10,424,5
10,429,5
10,431,5
10,445,5
10,473,5
10,475,5
10,486,5
10,487,5
10,488,5
10,494,5
10,498,5
10,523,5
10,527,5
10,534,5
10,544,5
10,547,5
10,549,5
10,558,5
10,567,5
10,568,5
10,569,5
10,573,5
10,577,5
10,579,5
10,586,5
10,592,5
10,595,5
10,603,5
10,604,5
10,608,5
10,616,5
10,622,5
10,632,5
10,637,5
10,641,5
10,648,5
10,659,5
10,660,5
10,662,5
10,670,5
10,671,5
10,672,5
10,675,5
10,677,5
10,680,5
10,692,5
10,696,5
10,713,5
10,729,5
10,737,5
10,760,5
10,775,5
10,784,5
10,787,5
10,788,5
10,790,5
10,791,5
10,793,5
10,803,5
10,819,5
10,829,5
10,835,5
10,848,5
10,862,5
10,874,5
10,876,5
10,882,5
10,886,5
10,894,5
10,912,5
10,914,5
10,915,5
10,923,5
10,926,5
10,932,5
10,936,5
10,949,5
10,960,5
10,962,5
10,966,5
10,970,5
10,669,5
10,929,5
10,293,5
10,959,5
10,705,5
10,139,5
10,134,5
10,831,5
10,66,5
10,23,5
10,128,5
10,191,5
10,123,5
10,187,5
10,194,5
10,221,5
10,116,5
10,506,5
10,69,5
10,807,5
10,142,5
10,860,5
10,491,5
10,813,5
10,126,5
10,2,5
10,84,5
