"species","selection_auc","selection_tss","series_auc","series_tss","run_sd_auc","run_sd_tss"
"Agrostis agrostiflora",0.878002838808324,0.698906379446464,0.879570357799378,0.68801792249788,0.00525089088858449,0.0113082596901894
"Anthoxanthum alpinum",0.886445266429088,0.672294616278984,0.884148244887249,0.671977617383723,0.00381256448922763,0.00889262846561285
"Avenula versicolor",0.847962419539514,0.58569526676456,0.865710404216982,0.637307282968576,0.00587765778006736,0.0141168755299479
"Campanula scheuchzeri",0.845410409556025,0.622032053503921,0.847092508731657,0.598666481789573,0.00453256933551732,0.00974048882647059
"Festuca nigricans",0.821061076091242,0.610248961190365,0.854228199921193,0.635154216378816,0.00515652055882463,0.0128015772329789
"Geranium sylvaticum",0.908894579084723,0.789307020568693,0.886838933130762,0.747638107386075,0.00529123839105673,0.0172095964502968
"Geum montanum",0.915159039363714,0.731738685110366,0.905757940218314,0.722379472240126,0.00709841289762863,0.013669346305787
"Homogyne alpina",0.883525707539758,0.681789107283052,0.871231912358215,0.649216826842291,0.00269063605340634,0.0105467566405413
"Leontodon hispidus",0.895425402485676,0.718106187425112,0.885020391682621,0.714967965449311,0.0041949747679798,0.0107933989983522
"Luzula alpino-pilosa",0.806739533077929,0.53471723670967,0.762354280839582,0.469454555754914,0.00597946407312515,0.013120064542071
"Persicaria vivipara",0.865622125838906,0.648300244269722,0.858615657712322,0.637884877697616,0.00510253367870817,0.00863730644339017
"Potentilla aurea",0.88519207970384,0.695571929353705,0.882137347209403,0.68544677168208,0.00379568062997597,0.00722065790012038
"Ranunculus villarsii",0.913678041819128,0.751436150904229,0.913396178151606,0.755640226785659,0.00252376141486727,0.010481702204035
"Rhododendron ferrugineum",0.865570171716807,0.703842271618828,0.867331624293804,0.689154785395473,0.00520653871725543,0.00893681633094487
"Salix helvetica",0.83556019001903,0.649823764383306,0.819485781127709,0.660000615597253,0.00953913038177186,0.0115678885735762
"Scorzoneroides helvetica",0.877868574923602,0.649903591707052,0.861733436889306,0.635404388364422,0.00564894713070833,0.0113738271351414
"Silene vulgaris",0.895968130642362,0.769804758116617,0.856264207997537,0.701487729955008,0.0118028706888409,0.0251407584568591
"Solidago virgaurea subsp. minuta",0.873509364944072,0.704604176096675,0.864031840575218,0.680676174152476,0.00669150335017861,0.0134312503222492
"Vaccinium gaultherioides",0.881552133017006,0.703170531615584,0.87797074852818,0.706047979937963,0.00669143995956454,0.0117361978614935
"Vaccinium myrtillus",0.909451009245927,0.748713817475878,0.902248740690945,0.738592902015906,0.00394940309650237,0.0118597917157681
"Viola biflora",0.916828137091004,0.771486226854643,0.916239076640255,0.772798601869604,0.00438423187209966,0.0128850145047091
"Carex curvula subsp. curvula",0.922109887650279,0.76756587776813,0.93369677516552,0.792077799688612,0.00707588941231076,0.0144138164732513
"Cerastium uniflorum",0.926117383165066,0.794348603938316,0.919044814448985,0.787988785572221,0.00227321747264454,0.0049323518999304
"Leucanthemopsis alpina",0.834002201357197,0.554950559856962,0.828671391255376,0.56924599144469,0.00469471782363316,0.01554608771865
"Luzula spicata",0.881495021106917,0.693718922925942,0.856368259855485,0.634319331783915,0.0061962805428417,0.0134176204572684
"Minuartia sedoides",0.835159800891368,0.610051564685146,0.844619680669761,0.62986596472875,0.00802764483639508,0.0160089762301156
"Oreochloa disticha",0.907604848687466,0.744599878844013,0.905467147978517,0.769269369738316,0.00685891448667419,0.0157885098918174
"Primula glutinosa",0.911326205263005,0.77883606875943,0.895543377739745,0.756566028951245,0.0102445914258864,0.0153255456557637
"Saxifraga bryoides",0.910335646865972,0.717846349982016,0.892696116212553,0.702333073056167,0.00244027911549612,0.00931504669089291
"Sedum alpestre",0.890111423796544,0.68866541120686,0.889886959534634,0.694255443722732,0.00704536478516031,0.0158891014021139
"Silene acaulis subsp. exscapa",0.805985973426698,0.542391150404751,0.783918169215663,0.510742533916963,0.00726148522644136,0.0136760637164997
"Veronica alpina",0.883157171949633,0.682865415150324,0.875777319342249,0.660776290327593,0.00407681713999224,0.0111849410690405
"Agrostis rupestris",0.821394522903599,0.573718738037756,0.816094032236235,0.555455528622249,0.00753797924422901,0.0168556036637961
"Cardamine resedifolia",0.840237773321245,0.647810720682306,0.852682725842714,0.683242317511471,0.00773088456200915,0.0194336808572692
"Gnaphalium supinum",0.91073651526163,0.704991747893616,0.912538357958474,0.713313813254772,0.00457233139494322,0.00933568554029087
"Poa alpina",0.79460549532528,0.502547465219838,0.7838107709321,0.487419166296309,0.00363564489838367,0.0100202993120621
"Poa laxa",0.933350984891846,0.785945965481527,0.925597808086347,0.797994208736935,0.00331190306905646,0.0101803793748117
"Salix herbacea",0.816237876123504,0.55193064539618,0.827563930941802,0.560438772556785,0.00483285067917614,0.0164398232416816
"Erigeron uniflorus",0.935594691616307,0.869670331642916,0.907592234081088,0.834973404351923,0.00849434627675273,0.011273250779169
"Gentiana bavarica",0.899234127171318,0.808307866673356,0.863910100963209,0.762015878729914,0.0155646184359907,0.0200296952346441
"Ranunculus glacialis",0.92076205679341,0.789670112272368,0.920483894211918,0.803380889328302,0.00736367732843135,0.0149192159887888
"Sagina saginoides",0.902115688604036,0.752341511438877,0.89224799972521,0.746233738622611,0.00574465313882742,0.0104865489663173
"Saxifraga exarata",0.929117954108591,0.861559267334218,0.933966946291247,0.892468535479111,0.00999813312990293,0.0120399257298942
"Deschampsia cespitosa subsp. cespitosa",0.852992061817062,0.621823357984317,0.864517589717704,0.641041379277681,0.00525265591509873,0.0129529439468453
"Phyteuma hemisphaericum",0.842140703033449,0.592468051285517,0.820872665476097,0.550988789999921,0.00673112364663933,0.0189311313405506
"Campanula barbata subsp. barbata",0.865491027270053,0.651348794169041,0.876765683835413,0.664245399299442,0.00986734775289587,0.0129281134327088
"Carex sempervirens",0.910362114877357,0.71424744030907,0.895455095945828,0.680981687364472,0.00343613678164503,0.0131953357373339
"Gentiana acaulis",0.856899241109674,0.665607691438648,0.831877341261925,0.606355877772856,0.00795192786633188,0.0157255222689356
"Lotus corniculatus",0.89248797525167,0.724088566382239,0.88661396187749,0.709450760713259,0.00662333120217266,0.0130958973812819
"Luzula alpina",0.835094360922512,0.650539971980848,0.832378889468656,0.657986438944699,0.0117871646637932,0.0140536555887311
"Luzula lutea",0.829772085644338,0.580621047289159,0.800750498454067,0.557481957370692,0.0073147632166515,0.0159707653070383
"Mutellina adonidifolia",0.910678809250601,0.742123132814399,0.905279303269389,0.723851383666964,0.00558520545127833,0.0177425202506755
"Myosotis alpestris",0.830514256295907,0.587630276208888,0.814093516714176,0.56467381249705,0.0071465907338181,0.0161770518961575
"Nardus stricta",0.886176135703,0.714858864003212,0.900653624751982,0.712984749007276,0.00493053614538782,0.0134300063747531
"Pulsatilla alpina subsp. apiifolia",0.893926698294257,0.812419294977521,0.821465152701135,0.72208253389864,0.0142328597094389,0.0238957687920621
"Pyrola minor",0.895241311806488,0.828328318165818,0.860795285480201,0.788818986410761,0.018856313549304,0.0224612968710564
"Rhinanthus glacialis",0.90120279059624,0.757995048066573,0.917664606275574,0.766343661582341,0.00899296483420228,0.022569310580632
"Selaginella selaginoides",0.829928120920995,0.640352242753147,0.818534067359768,0.617805161912688,0.0149421906296448,0.0251339814320883
"Trifolium pallescens",0.876706389152668,0.693340302039816,0.861436132991221,0.643843969183115,0.00673801001063743,0.0148424039857601
"Trifolium pratense subsp. pratense",0.884831443359211,0.734747214104366,0.886804506805526,0.714783639352817,0.00506529909759767,0.0170956076580035
"Minuartia gerardii",0.880857836245237,0.764222428199974,0.845975055369284,0.693602159825802,0.0262139932750072,0.0385313447714796
"Euphrasia minima",0.784435680040753,0.49754115007177,0.798308798764778,0.520634943514534,0.00528993349868521,0.0100026590322998
"Geum reptans",0.919683233664214,0.813178841365874,0.918215310169172,0.806215517788488,0.00603733964613893,0.0184419369248012
"Achillea moschata",0.83736332482483,0.633552380727227,0.825384422355523,0.570415125810254,0.0069700361934629,0.00959602499818005
"Agrostis alpina",0.838830555814533,0.600406635718608,0.814621150640761,0.529355870186336,0.00524449691525847,0.0144020190774205
"Hieracium alpinum s. lat.",0.860612778865895,0.654394594211545,0.826229117141467,0.602998383954004,0.0107525719954208,0.0232643738869107
"Sempervivum montanum s. str.",0.855871437028154,0.699572002660061,0.85899412801852,0.717437234686759,0.0110698209321826,0.0210722685486115
"Veronica bellidioides",0.808086719213442,0.614323842934301,0.749056891212544,0.541730676839861,0.0219548513622917,0.0292615062641993
"Oxyria digyna",0.936785744177072,0.862127811009097,0.919830186716335,0.844016862985438,0.00804708581644584,0.0143061041901426
"Antennaria carpatica",0.877456748663059,0.730506310970981,0.889951215478176,0.792779379216566,0.0256192841788866,0.0298239348375442
"Avenella flexuosa",0.892663997530904,0.728681540071907,0.87321831573228,0.688139160865729,0.0039332645802932,0.0167129908345951
"Primula minima",0.856884698452441,0.686975925614701,0.836925779619254,0.654549522013366,0.0138673347680761,0.0264645567215828
"Soldanella pusilla",0.888134093653613,0.692841227543953,0.872636663206454,0.668346051163677,0.00529859991083695,0.0128727569456295
"Sibbaldia procumbens",0.86768182290847,0.712558268191871,0.827657635759631,0.611472219058996,0.0130174506785832,0.0256773893425178
"Juncus trifidus",0.836746638169446,0.620504612069609,0.851399390051258,0.622767846246416,0.00444702698454844,0.0165987018087703
"Juncus jacquinii",0.879145855066707,0.746800186892124,0.87129333292736,0.797195679092525,0.0148220507598509,0.0262574732956193
"Doronicum clusii subsp. clusii",0.828869081980042,0.741513541875374,0.836066354119602,0.724778967775412,0.0218536134067609,0.0257750801178687
"Senecio incanus subsp. carniolicus",0.870093702284689,0.731463271822669,0.851325455009512,0.679670195092075,0.00949725376963016,0.0211280391803705
"Bartsia alpina",0.877213176201336,0.744781790307648,0.871697077477433,0.701888196287227,0.00883106151472444,0.0183329402848432
"Kobresia myosuroides",0.880621085516411,0.692752129307007,0.88740054212491,0.711908579601669,0.0122193808589855,0.0151213938995695
"Thymus praecox subsp. polytrichus",0.86443363294806,0.726817952743729,0.846392795888348,0.692390423063201,0.00847379509414441,0.021193077144969
"Vaccinium vitis-idaea",0.934840310801261,0.768198260122368,0.937792534391979,0.796358828560623,0.00288507403703745,0.0105576013786837
"Gentiana brachyphylla",0.840444314517136,0.661460139739186,0.827342108604479,0.660470719116882,0.0128126836539296,0.0268621780685169
"Calluna vulgaris",0.918216846389803,0.763422815958926,0.914017718994024,0.776582245950702,0.00459215884517125,0.0157100369845554
"Loiseleuria procumbens",0.907897552747358,0.78110728213319,0.918645539786584,0.808569096952451,0.0116938379144721,0.0202716168220513
"Calamagrostis villosa",0.925964977173519,0.832152247603832,0.914206968119681,0.78340513969391,0.00708047678896856,0.0195709356235287
"Juniperus communis subsp. nana",0.907359903863941,0.793807024853593,0.925803412465427,0.813215775138468,0.0105166953173486,0.0141571010250794
"Crepis aurea",0.861444455168887,0.727707895708248,0.81559662190815,0.637627259034791,0.0148003799869894,0.0244920836373327
"Luzula luzuloides",0.952523319159718,0.924419227628814,0.954882189508659,0.916037857977597,0.0124170507525084,0.0169266131214663
"Cirsium spinosissimum",0.869354356200827,0.684612076628466,0.858199010849674,0.655585749715462,0.0134911980832916,0.0355514154356949
"Arnica montana",0.919103722178965,0.851143222577341,0.896265147679402,0.818956207603765,0.0119509095441375,0.01938866593758
"Festuca nigrescens",0.930675080160937,0.802593545453727,0.929234343983036,0.798680349852594,0.00971640306004404,0.0198396926205334
"Phyteuma betonicifolium",0.982516439147539,0.963922015620165,0.981618433900206,0.954353441507797,0.00224771945710897,0.0035515611129066
"Botrychium lunaria",0.905966937526248,0.779119895009491,0.890603101016506,0.772660356430704,0.0109790549691879,0.0273891594051296
"Cerastium fontanum s. str.",0.808044305926551,0.654108510138704,0.832359638829033,0.713053595110223,0.0299776510403485,0.0338130590699973
"Trifolium badium",0.787803561398747,0.648152815585556,0.751864550103453,0.623690513864952,0.0259648760239509,0.0366154930954673
"Coeloglossum viride",0.781426802306662,0.613533508269676,0.77517803830841,0.602289388842967,0.0208980567160807,0.0278858937200142
"Achillea millefolium",0.954644153063524,0.904431697443868,0.95479875776801,0.904187199078729,0.0141130813133208,0.0137600522317349
"Galium anisophyllon",0.968804881924581,0.930111374250072,0.970461469618588,0.926393874711071,0.0126103842858847,0.0253461988577268
"Salix retusa s. str.",0.804111177054879,0.61430353217063,0.811207371339354,0.652100605534125,0.0182715177781919,0.0237098162153164
"Huperzia selago",0.855205416963023,0.719496105652292,0.816469753314074,0.664443310239456,0.0158068433534326,0.032019369884479
